Datetime,open,high,low,close,volume
2026-05-19 09:30:00-04:00,296.9700012207031,300.3900146484375,296.3500061035156,300.0450134277344,5332020
2026-05-19 09:45:00-04:00,300.0450134277344,300.510009765625,298.95001220703125,299.0950012207031,1833941
2026-05-19 10:00:00-04:00,299.0950012207031,299.1000061035156,297.55999755859375,297.6199951171875,1358813
2026-05-19 10:15:00-04:00,297.6000061035156,297.9798889160156,296.8399963378906,296.9100036621094,1273710
2026-05-19 10:30:00-04:00,296.92999267578125,297.25,296.5199890136719,297.2349853515625,1004313
2026-05-19 10:45:00-04:00,297.2449951171875,297.5400085449219,296.6099853515625,297.510009765625,854607
2026-05-19 11:00:00-04:00,297.4800109863281,297.75,297.1400146484375,297.239990234375,784154
2026-05-19 11:15:00-04:00,297.25,297.5199890136719,296.9800109863281,297.07000732421875,588826
2026-05-19 11:30:00-04:00,297.05999755859375,297.5799865722656,296.8699951171875,297.2200012207031,1676227
2026-05-19 11:45:00-04:00,297.2300109863281,297.45001220703125,297.1600036621094,297.2799987792969,453887
2026-05-19 12:00:00-04:00,297.2900085449219,297.3999938964844,296.364990234375,296.5350036621094,621850
2026-05-19 12:15:00-04:00,296.5400085449219,297.5,296.4800109863281,297.42498779296875,496172
2026-05-19 12:30:00-04:00,297.4100036621094,297.75,297.3599853515625,297.6600036621094,403736
2026-05-19 12:45:00-04:00,297.67999267578125,298.7200012207031,297.6400146484375,298.59991455078125,1077383
2026-05-19 13:00:00-04:00,298.5799865722656,298.7300109863281,298.17498779296875,298.7099914550781,535193
2026-05-19 13:15:00-04:00,298.67498779296875,298.7300109863281,298.17181396484375,298.24951171875,814843
2026-05-19 13:30:00-04:00,298.25,298.3699951171875,297.8399963378906,298.0849914550781,559556
2026-05-19 13:45:00-04:00,298.1000061035156,298.4869079589844,297.9599914550781,298.3900146484375,409069
2026-05-19 14:00:00-04:00,298.3800048828125,298.42999267578125,298.0400085449219,298.260009765625,410177
2026-05-19 14:15:00-04:00,298.25,298.3900146484375,297.8699951171875,297.8900146484375,552209
2026-05-19 14:30:00-04:00,297.8699951171875,297.8999938964844,297.6099853515625,297.7149963378906,402650
2026-05-19 14:45:00-04:00,297.7149963378906,297.864990234375,297.489990234375,297.6300048828125,504556
2026-05-19 15:00:00-04:00,297.6499938964844,298.3900146484375,297.5299987792969,298.3832092285156,775024
2026-05-19 15:15:00-04:00,298.375,298.44000244140625,297.9200134277344,298.3800048828125,683170
2026-05-19 15:30:00-04:00,298.3900146484375,298.42999267578125,297.8399963378906,298.0199890136719,723807
2026-05-19 15:45:00-04:00,298.0199890136719,299.2200012207031,297.8500061035156,298.9800109863281,3097383
2026-05-20 09:30:00-04:00,298.17999267578125,301.95001220703125,298.0899963378906,301.8800964355469,3310301
2026-05-20 09:45:00-04:00,301.8999938964844,302.3699951171875,299.9200134277344,300.239990234375,1632347
2026-05-20 10:00:00-04:00,300.239990234375,300.2799987792969,299.20001220703125,299.510009765625,1253541
2026-05-20 10:15:00-04:00,299.5335998535156,300.3500061035156,299.1700134277344,299.5199890136719,1274811
2026-05-20 10:30:00-04:00,299.510009765625,300.1700134277344,299.0899963378906,299.6199035644531,1059777
2026-05-20 10:45:00-04:00,299.6099853515625,300.4700012207031,299.32000732421875,299.92999267578125,884286
2026-05-20 11:00:00-04:00,299.9200134277344,300.1300048828125,299.07000732421875,299.2601013183594,730341
2026-05-20 11:15:00-04:00,299.260009765625,300.510009765625,299.0799865722656,299.1600036621094,1108265
2026-05-20 11:30:00-04:00,299.1600036621094,299.3299865722656,298.6700134277344,298.9649963378906,688926
2026-05-20 11:45:00-04:00,298.9700012207031,299.17999267578125,298.80999755859375,299.17999267578125,673487
2026-05-20 12:00:00-04:00,299.19000244140625,299.6600036621094,298.94000244140625,299.57220458984375,688952
2026-05-20 12:15:00-04:00,299.5799865722656,300.32000732421875,299.54998779296875,300.0050048828125,780392
2026-05-20 12:30:00-04:00,299.989990234375,300.1000061035156,299.57000732421875,300.010009765625,609992
2026-05-20 12:45:00-04:00,300.0,300.82000732421875,299.989990234375,300.7099914550781,857176
2026-05-20 13:00:00-04:00,300.7117919921875,300.8399963378906,300.04998779296875,300.5,614518
2026-05-20 13:15:00-04:00,300.489990234375,301.2699890136719,300.4800109863281,301.04998779296875,760087
2026-05-20 13:30:00-04:00,301.05999755859375,301.6499938964844,300.9100036621094,301.30999755859375,703725
2026-05-20 13:45:00-04:00,301.32000732421875,301.5799865722656,300.9501037597656,301.5150146484375,544257
2026-05-20 14:00:00-04:00,301.5199890136719,301.7200012207031,301.1449890136719,301.2200012207031,903911
2026-05-20 14:15:00-04:00,301.2099914550781,301.67999267578125,301.19000244140625,301.4700012207031,854450
2026-05-20 14:30:00-04:00,301.4700012207031,302.2300109863281,301.4700012207031,301.8800048828125,1014457
2026-05-20 14:45:00-04:00,301.875,302.29998779296875,301.7300109863281,302.2049865722656,923147
2026-05-20 15:00:00-04:00,302.2149963378906,302.79998779296875,301.4849853515625,302.19000244140625,1271241
2026-05-20 15:15:00-04:00,302.1700134277344,302.3800048828125,301.75,302.19000244140625,1015596
2026-05-20 15:30:00-04:00,302.20001220703125,302.3399963378906,301.9200134277344,301.9599914550781,1034867
2026-05-20 15:45:00-04:00,301.95001220703125,302.5199890136719,301.8575134277344,302.2650146484375,2768411
2026-05-21 09:30:00-04:00,301.04998779296875,302.4700012207031,300.3999938964844,301.8399963378906,3738717
2026-05-21 09:45:00-04:00,301.82000732421875,303.07000732421875,301.6300048828125,302.75,1152880
2026-05-21 10:00:00-04:00,302.7449951171875,302.8399963378906,301.260009765625,301.5899963378906,988761
2026-05-21 10:15:00-04:00,301.5899963378906,302.1300048828125,301.29998779296875,301.9508972167969,1006362
2026-05-21 10:30:00-04:00,301.92999267578125,302.59991455078125,301.8599853515625,301.989990234375,720447
2026-05-21 10:45:00-04:00,301.9700012207031,302.2699890136719,301.5801086425781,302.1499938964844,556428
2026-05-21 11:00:00-04:00,302.1549987792969,302.92498779296875,301.6499938964844,302.8999938964844,703208
2026-05-21 11:15:00-04:00,302.8951110839844,303.3599853515625,302.8599853515625,303.0249938964844,1201178
2026-05-21 11:30:00-04:00,303.0249938964844,304.2442932128906,302.9100036621094,303.94000244140625,1104407
2026-05-21 11:45:00-04:00,303.952392578125,304.0299987792969,303.69000244140625,303.82000732421875,564013
2026-05-21 12:00:00-04:00,303.8299865722656,304.1700134277344,303.7300109863281,303.8599853515625,851731
2026-05-21 12:15:00-04:00,303.8699951171875,303.8699951171875,303.29998779296875,303.6369934082031,544820
2026-05-21 12:30:00-04:00,303.6199951171875,303.7799987792969,303.2200012207031,303.7349853515625,507918
2026-05-21 12:45:00-04:00,303.7406921386719,303.79998779296875,303.0498962402344,303.4100036621094,649959
2026-05-21 13:00:00-04:00,303.4200134277344,304.2200012207031,303.4100036621094,304.0199890136719,838806
2026-05-21 13:15:00-04:00,304.0350036621094,304.67999267578125,303.8699951171875,304.59100341796875,1045175
2026-05-21 13:30:00-04:00,304.6099853515625,304.75,304.4200134277344,304.6449890136719,665816
2026-05-21 13:45:00-04:00,304.6499938964844,305.05999755859375,304.510009765625,304.92010498046875,1134058
2026-05-21 14:00:00-04:00,304.9200134277344,305.1000061035156,304.3599853515625,304.55999755859375,722891
2026-05-21 14:15:00-04:00,304.55999755859375,305.0,304.489990234375,304.6199951171875,663070
2026-05-21 14:30:00-04:00,304.6199951171875,304.7204895019531,304.2701110839844,304.6300048828125,647811
2026-05-21 14:45:00-04:00,304.6300048828125,304.80999755859375,303.8900146484375,304.2099914550781,881785
2026-05-21 15:00:00-04:00,304.2099914550781,305.1099853515625,304.19000244140625,305.1099853515625,844771
2026-05-21 15:15:00-04:00,305.1099853515625,305.32501220703125,305.010009765625,305.226806640625,964155
2026-05-21 15:30:00-04:00,305.2200012207031,305.53900146484375,304.7349853515625,304.82000732421875,1151825
2026-05-21 15:45:00-04:00,304.80999755859375,305.239990234375,304.510009765625,305.0899963378906,3305282
2026-05-22 09:30:00-04:00,306.05999755859375,308.95001220703125,305.8500061035156,307.3599853515625,3703866
2026-05-22 09:45:00-04:00,307.3299865722656,308.739990234375,307.07000732421875,308.7340087890625,1591705
2026-05-22 10:00:00-04:00,308.69000244140625,309.1000061035156,308.0400085449219,308.7799987792969,1643702
2026-05-22 10:15:00-04:00,308.7749938964844,309.2699890136719,308.2699890136719,308.6400146484375,2576154
2026-05-22 10:30:00-04:00,308.635009765625,309.8500061035156,308.6199951171875,309.7699890136719,1508124
2026-05-22 10:45:00-04:00,309.7699890136719,310.4800109863281,308.7991943359375,310.3299865722656,2872395
2026-05-22 11:00:00-04:00,310.3299865722656,311.19000244140625,310.1700134277344,311.17999267578125,2067732
2026-05-22 11:15:00-04:00,311.17999267578125,311.3999938964844,310.760009765625,311.0050048828125,1290762
2026-05-22 11:30:00-04:00,311.0,311.0400085449219,310.6099853515625,310.67999267578125,958446
2026-05-22 11:45:00-04:00,310.67999267578125,310.75,309.8500061035156,309.9755859375,982768
2026-05-22 12:00:00-04:00,309.9800109863281,310.489990234375,309.7200012207031,310.40008544921875,1329974
2026-05-22 12:15:00-04:00,310.4100036621094,310.5199890136719,309.8599853515625,309.9200134277344,1429108
2026-05-22 12:30:00-04:00,309.92999267578125,309.989990234375,309.2300109863281,309.239990234375,834389
2026-05-22 12:45:00-04:00,309.2349853515625,309.3599853515625,308.82000732421875,309.0199890136719,788054
2026-05-22 13:00:00-04:00,309.0199890136719,309.5899963378906,309.010009765625,309.560302734375,1000273
2026-05-22 13:15:00-04:00,309.55999755859375,309.8699951171875,309.25,309.860107421875,927613
2026-05-22 13:30:00-04:00,309.8699951171875,310.1549987792969,309.46099853515625,309.5701904296875,969746
2026-05-22 13:45:00-04:00,309.6000061035156,309.7699890136719,309.2900085449219,309.45001220703125,461471
2026-05-22 14:00:00-04:00,309.45001220703125,309.45001220703125,308.95001220703125,309.2300109863281,689557
2026-05-22 14:15:00-04:00,309.2149963378906,309.5199890136719,309.010009765625,309.30999755859375,478071
2026-05-22 14:30:00-04:00,309.31500244140625,309.4800109863281,309.07000732421875,309.34991455078125,698390
2026-05-22 14:45:00-04:00,309.3450012207031,309.5799865722656,309.19000244140625,309.337890625,549116
2026-05-22 15:00:00-04:00,309.32000732421875,309.3699951171875,308.94000244140625,309.31500244140625,600716
2026-05-22 15:15:00-04:00,309.3399963378906,309.3599853515625,308.6400146484375,308.70001220703125,833118
2026-05-22 15:30:00-04:00,308.70001220703125,309.17999267578125,308.4200134277344,308.45001220703125,1015712
2026-05-22 15:45:00-04:00,308.45001220703125,309.3999938964844,307.9700012207031,308.8800048828125,3167889
2026-05-26 09:30:00-04:00,309.3999938964844,311.489990234375,309.3500061035156,310.4200134277344,4211628
2026-05-26 09:45:00-04:00,310.45001220703125,310.9599914550781,309.93499755859375,310.9200134277344,1646837
2026-05-26 10:00:00-04:00,310.9049987792969,311.6340026855469,309.8800048828125,311.5,2079870
2026-05-26 10:15:00-04:00,311.5150146484375,311.82000732421875,310.8599853515625,311.7200012207031,1307541
2026-05-26 10:30:00-04:00,311.7300109863281,311.80999755859375,310.989990234375,311.2749938964844,1224764
2026-05-26 10:45:00-04:00,311.2799987792969,311.6000061035156,310.8599853515625,311.57000732421875,934751
2026-05-26 11:00:00-04:00,311.54998779296875,311.7799987792969,311.35400390625,311.4898986816406,933906
2026-05-26 11:15:00-04:00,311.4800109863281,311.80999755859375,311.1600036621094,311.3599853515625,842502
2026-05-26 11:30:00-04:00,311.3800048828125,311.57000732421875,310.5899963378906,310.8500061035156,1020518
2026-05-26 11:45:00-04:00,310.85009765625,310.9136047363281,310.0,310.1549987792969,887107
2026-05-26 12:00:00-04:00,310.1700134277344,310.75,309.7699890136719,309.9088134765625,1099977
2026-05-26 12:15:00-04:00,309.9049987792969,310.510009765625,309.8800048828125,310.4704895019531,706984
2026-05-26 12:30:00-04:00,310.4849853515625,310.7699890136719,309.79998779296875,309.92999267578125,2853146
2026-05-26 12:45:00-04:00,309.92498779296875,310.1700134277344,309.7449951171875,310.0799865722656,742051
2026-05-26 13:00:00-04:00,310.0899963378906,310.29998779296875,309.42999267578125,309.54998779296875,762527
2026-05-26 13:15:00-04:00,309.54998779296875,309.7300109863281,309.0299987792969,309.18499755859375,851182
2026-05-26 13:30:00-04:00,309.19000244140625,309.5199890136719,309.1099853515625,309.1300048828125,541649
2026-05-26 13:45:00-04:00,309.1169128417969,309.8450012207031,309.110107421875,309.7950134277344,587792
2026-05-26 14:00:00-04:00,309.7950134277344,309.9599914550781,309.5400085449219,309.9599914550781,586630
2026-05-26 14:15:00-04:00,309.95001220703125,310.20001220703125,309.760009765625,309.8299865722656,1193693
2026-05-26 14:30:00-04:00,309.8399963378906,310.05999755859375,309.3500061035156,309.5,491618
2026-05-26 14:45:00-04:00,309.5050048828125,309.5799865722656,309.1300048828125,309.2200012207031,639360
2026-05-26 15:00:00-04:00,309.2200012207031,309.2300109863281,308.510009765625,308.56500244140625,959500
2026-05-26 15:15:00-04:00,308.54998779296875,308.67498779296875,308.0799865722656,308.3799133300781,988970
2026-05-26 15:30:00-04:00,308.360107421875,308.9599914550781,308.30999755859375,308.6499938964844,1249510
2026-05-26 15:45:00-04:00,308.6400146484375,308.7099914550781,307.6700134277344,308.3800048828125,3065815
2026-05-27 09:30:00-04:00,308.44000244140625,311.5400085449219,308.3299865722656,310.6050109863281,3843204
2026-05-27 09:45:00-04:00,310.5950012207031,312.3399963378906,310.30999755859375,311.9090881347656,2195827
2026-05-27 10:00:00-04:00,311.8800048828125,312.6000061035156,311.45001220703125,312.5799865722656,1704437
2026-05-27 10:15:00-04:00,312.5899963378906,312.7699890136719,310.80999755859375,311.260009765625,1738399
2026-05-27 10:30:00-04:00,311.260009765625,313.20001220703125,311.19000244140625,312.7300109863281,1886029
2026-05-27 10:45:00-04:00,312.7300109863281,313.0799865722656,312.19000244140625,313.05999755859375,2926045
2026-05-27 11:00:00-04:00,313.07000732421875,313.260009765625,312.44000244140625,312.4599914550781,2152406
2026-05-27 11:15:00-04:00,312.4599914550781,312.5379943847656,311.4700012207031,311.7749938964844,5024965
2026-05-27 11:30:00-04:00,311.7900085449219,312.1400146484375,311.0,311.07501220703125,1094686
2026-05-27 11:45:00-04:00,311.05999755859375,311.7998962402344,310.7001037597656,311.7001037597656,1088215
2026-05-27 12:00:00-04:00,311.70001220703125,311.7698974609375,311.260009765625,311.69000244140625,1235685
2026-05-27 12:15:00-04:00,311.69000244140625,311.8399963378906,310.9599914550781,311.2349853515625,1536244
2026-05-27 12:30:00-04:00,311.2349853515625,311.4849853515625,310.80999755859375,310.8599853515625,1020976
2026-05-27 12:45:00-04:00,310.8500061035156,311.04998779296875,310.3800048828125,310.6099853515625,1215962
2026-05-27 13:00:00-04:00,310.6199951171875,311.0,310.3999938964844,310.6700134277344,810329
2026-05-27 13:15:00-04:00,310.67498779296875,310.9800109863281,310.4599914550781,310.4700012207031,564253
2026-05-27 13:30:00-04:00,310.4700012207031,310.6899108886719,310.3299865722656,310.5585021972656,452835
2026-05-27 13:45:00-04:00,310.55780029296875,311.0,310.30999755859375,310.8900146484375,575873
2026-05-27 14:00:00-04:00,310.8949890136719,310.92999267578125,310.4100036621094,310.8599853515625,462257
2026-05-27 14:15:00-04:00,310.8599853515625,311.0,310.6600036621094,310.8299865722656,1192195
2026-05-27 14:30:00-04:00,310.8232116699219,310.8800048828125,310.5299987792969,310.7699890136719,476425
2026-05-27 14:45:00-04:00,310.760009765625,310.83990478515625,310.4200134277344,310.5299987792969,518908
2026-05-27 15:00:00-04:00,310.510009765625,310.7200012207031,310.04998779296875,310.68499755859375,777215
2026-05-27 15:15:00-04:00,310.68499755859375,310.69000244140625,309.7699890136719,309.82000732421875,1037459
2026-05-27 15:30:00-04:00,309.82000732421875,310.0299987792969,309.5199890136719,309.8349914550781,1138972
2026-05-27 15:45:00-04:00,309.8349914550781,311.1000061035156,309.6600036621094,310.92999267578125,3077279
2026-05-28 09:30:00-04:00,310.67999267578125,310.94000244140625,309.6000061035156,310.70001220703125,3438148
2026-05-28 09:45:00-04:00,310.7049865722656,312.19000244140625,310.6300048828125,311.07000732421875,1536276
2026-05-28 10:00:00-04:00,311.0899963378906,312.760009765625,310.6700134277344,312.25,1506130
2026-05-28 10:15:00-04:00,312.32000732421875,312.3999938964844,311.3399963378906,311.70001220703125,1088818
2026-05-28 10:30:00-04:00,311.70001220703125,311.7900085449219,311.04998779296875,311.4849853515625,943932
2026-05-28 10:45:00-04:00,311.4800109863281,311.8599853515625,311.1000061035156,311.8349914550781,745726
2026-05-28 11:00:00-04:00,311.8349914550781,311.9700012207031,311.4800109863281,311.81988525390625,895244
2026-05-28 11:15:00-04:00,311.82000732421875,311.95001220703125,311.5199890136719,311.82501220703125,1027157
2026-05-28 11:30:00-04:00,311.82501220703125,311.94500732421875,310.9599914550781,311.2049865722656,1070356
2026-05-28 11:45:00-04:00,311.2001037597656,311.3399963378906,310.3999938964844,310.6700134277344,991877
2026-05-28 12:00:00-04:00,310.67999267578125,310.9482116699219,310.55999755859375,310.6600036621094,699048
2026-05-28 12:15:00-04:00,310.6700134277344,310.8299865722656,310.3074951171875,310.44000244140625,943135
2026-05-28 12:30:00-04:00,310.44500732421875,310.7550048828125,309.57000732421875,309.79998779296875,1040772
2026-05-28 12:45:00-04:00,309.79998779296875,310.67999267578125,309.57000732421875,310.5799865722656,950508
2026-05-28 13:00:00-04:00,310.5600891113281,311.6199951171875,310.55999755859375,310.885009765625,1094942
2026-05-28 13:15:00-04:00,310.885009765625,311.07501220703125,310.6199951171875,310.79998779296875,793539
2026-05-28 13:30:00-04:00,310.81500244140625,311.0199890136719,310.6199951171875,310.6600036621094,845549
2026-05-28 13:45:00-04:00,310.6549987792969,310.7699890136719,310.1099853515625,310.385009765625,920914
2026-05-28 14:00:00-04:00,310.385009765625,310.82501220703125,310.2250061035156,310.68499755859375,835942
2026-05-28 14:15:00-04:00,310.69000244140625,311.0199890136719,310.489990234375,310.8399963378906,871829
2026-05-28 14:30:00-04:00,310.7900085449219,311.3500061035156,310.7799987792969,310.9800109863281,837320
2026-05-28 14:45:00-04:00,310.9800109863281,311.1803894042969,310.8450012207031,310.8500061035156,805762
2026-05-28 15:00:00-04:00,310.8399963378906,310.8900146484375,310.25,310.57000732421875,1988156
2026-05-28 15:15:00-04:00,310.57000732421875,311.3550109863281,310.5299987792969,311.31500244140625,1298667
2026-05-28 15:30:00-04:00,311.31500244140625,311.57000732421875,310.9700012207031,311.2850036621094,1408425
2026-05-28 15:45:00-04:00,311.2799987792969,312.55999755859375,311.2699890136719,312.5,3408124
2026-05-29 09:30:00-04:00,311.7749938964844,315.0,311.5,314.0199890136719,4482210
2026-05-29 09:45:00-04:00,314.010009765625,314.17999267578125,312.8800964355469,313.4849853515625,1341464
2026-05-29 10:00:00-04:00,313.4800109863281,313.739990234375,312.82000732421875,313.30999755859375,1228217
2026-05-29 10:15:00-04:00,313.29998779296875,313.8999938964844,312.81988525390625,313.67498779296875,1402574
2026-05-29 10:30:00-04:00,313.6600036621094,314.05999755859375,312.8999938964844,312.9949951171875,1410216
2026-05-29 10:45:00-04:00,313.0,313.0,311.1449890136719,311.44000244140625,1784322
2026-05-29 11:00:00-04:00,311.3599853515625,311.4700012207031,310.4200134277344,310.8349914550781,1594028
2026-05-29 11:15:00-04:00,310.8500061035156,312.0,310.8301086425781,311.79998779296875,1037692
2026-05-29 11:30:00-04:00,311.8299865722656,312.0199890136719,311.239990234375,311.2900085449219,705943
2026-05-29 11:45:00-04:00,311.2900085449219,311.364990234375,310.5799865722656,310.5799865722656,913393
2026-05-29 12:00:00-04:00,310.6000061035156,311.35980224609375,310.45001220703125,311.1326904296875,622411
2026-05-29 12:15:00-04:00,311.135009765625,311.489990234375,310.864990234375,311.1900939941406,548232
2026-05-29 12:30:00-04:00,311.20001220703125,311.69000244140625,311.05999755859375,311.3999938964844,597589
2026-05-29 12:45:00-04:00,311.3999938964844,311.4200134277344,310.8500061035156,311.0799865722656,455683
2026-05-29 13:00:00-04:00,311.0899963378906,311.1000061035156,310.3999938964844,310.70001220703125,1174929
2026-05-29 13:15:00-04:00,310.7099914550781,310.739990234375,310.20001220703125,310.4200134277344,1132705
2026-05-29 13:30:00-04:00,310.4200134277344,310.55999755859375,309.9100036621094,310.0450134277344,994718
2026-05-29 13:45:00-04:00,310.0400085449219,310.1199951171875,309.5299987792969,309.57000732421875,893068
2026-05-29 14:00:00-04:00,309.57000732421875,310.2749938964844,309.5299987792969,310.090087890625,1009882
2026-05-29 14:15:00-04:00,310.1099853515625,310.3599853515625,310.0350036621094,310.260009765625,581854
2026-05-29 14:30:00-04:00,310.260009765625,310.69000244140625,310.25,310.57000732421875,972254
2026-05-29 14:45:00-04:00,310.5799865722656,310.7699890136719,310.2099914550781,310.5799865722656,534970
2026-05-29 15:00:00-04:00,310.5799865722656,311.6300048828125,310.5799865722656,311.5799865722656,1707081
2026-05-29 15:15:00-04:00,311.5690002441406,311.6300048828125,310.8949890136719,311.44500732421875,831451
2026-05-29 15:30:00-04:00,311.45001220703125,311.989990234375,311.3599853515625,311.739990234375,1058015
2026-05-29 15:45:00-04:00,311.760009765625,313.1099853515625,311.5899963378906,312.07000732421875,4265683
2026-06-01 09:30:00-04:00,309.5350036621094,310.92999267578125,308.5,309.5255126953125,5211777
2026-06-01 09:45:00-04:00,309.54998779296875,310.6199951171875,309.1499938964844,310.0400085449219,1731103
2026-06-01 10:00:00-04:00,310.0799865722656,310.25,309.1199951171875,309.7090148925781,1649032
2026-06-01 10:15:00-04:00,309.70001220703125,310.1499938964844,307.79998779296875,307.8399963378906,1583287
2026-06-01 10:30:00-04:00,307.80999755859375,308.4700012207031,307.3500061035156,307.79998779296875,1697371
2026-06-01 10:45:00-04:00,307.8299865722656,307.8299865722656,306.55999755859375,306.9700012207031,1736690
2026-06-01 11:00:00-04:00,306.9700012207031,307.5386047363281,306.29998779296875,306.80999755859375,1316293
2026-06-01 11:15:00-04:00,306.83990478515625,307.0899963378906,306.4700012207031,306.5751037597656,940652
2026-06-01 11:30:00-04:00,306.55999755859375,307.260009765625,306.5199890136719,306.79998779296875,1485347
2026-06-01 11:45:00-04:00,306.80499267578125,307.0400085449219,306.45001220703125,306.8399963378906,956232
2026-06-01 12:00:00-04:00,306.8299865722656,306.9800109863281,306.05999755859375,306.0600891113281,820044
2026-06-01 12:15:00-04:00,306.05999755859375,306.2200012207031,305.489990234375,305.7200012207031,910187
2026-06-01 12:30:00-04:00,305.739990234375,306.20001220703125,305.6499938964844,306.07000732421875,761763
2026-06-01 12:45:00-04:00,306.07000732421875,306.5299987792969,305.8949890136719,306.19500732421875,1220311
2026-06-01 13:00:00-04:00,306.2200012207031,306.25,305.0299987792969,305.7300109863281,927052
2026-06-01 13:15:00-04:00,305.7300109863281,306.510009765625,305.25,306.4700012207031,796709
2026-06-01 13:30:00-04:00,306.5199890136719,308.0199890136719,306.30999755859375,307.7900085449219,1228711
2026-06-01 13:45:00-04:00,307.7900085449219,308.3999938964844,307.53009033203125,307.760009765625,1269837
2026-06-01 14:00:00-04:00,307.7699890136719,307.79998779296875,307.2900085449219,307.4750061035156,646814
2026-06-01 14:15:00-04:00,307.489990234375,307.95001220703125,307.385009765625,307.8699951171875,623134
2026-06-01 14:30:00-04:00,307.864990234375,308.32501220703125,307.614990234375,307.8700866699219,1004971
2026-06-01 14:45:00-04:00,307.8800048828125,308.0,307.3299865722656,307.55499267578125,822719
2026-06-01 15:00:00-04:00,307.54998779296875,308.04998779296875,307.4800109863281,307.5450134277344,1059791
2026-06-01 15:15:00-04:00,307.5450134277344,307.9700012207031,307.3599853515625,307.42999267578125,1060977
2026-06-01 15:30:00-04:00,307.43499755859375,308.0400085449219,307.3500061035156,307.7300109863281,1208949
2026-06-01 15:45:00-04:00,307.7300109863281,307.8299865722656,305.909912109375,306.32000732421875,4052987
2026-06-02 09:30:00-04:00,307.4599914550781,309.8900146484375,306.7200012207031,309.1199951171875,3581841
2026-06-02 09:45:00-04:00,309.1099853515625,309.3500061035156,308.2616882324219,309.07000732421875,1408489
2026-06-02 10:00:00-04:00,309.04998779296875,309.4800109863281,308.5350036621094,308.6499938964844,1023477
2026-06-02 10:15:00-04:00,308.635986328125,310.4700012207031,308.6199951171875,310.3399963378906,1397852
2026-06-02 10:30:00-04:00,310.375,310.45001220703125,309.67999267578125,309.760009765625,1044243
2026-06-02 10:45:00-04:00,309.7799987792969,310.760009765625,309.260009765625,310.510009765625,1126786
2026-06-02 11:00:00-04:00,310.54998779296875,312.2699890136719,310.4200134277344,311.9750061035156,1478995
2026-06-02 11:15:00-04:00,311.9700012207031,312.92999267578125,311.7300109863281,312.7099914550781,1245411
2026-06-02 11:30:00-04:00,312.70001220703125,313.0299987792969,312.3599853515625,312.8800048828125,1126052
2026-06-02 11:45:00-04:00,312.8800048828125,313.1499938964844,312.3514099121094,312.42498779296875,1039802
2026-06-02 12:00:00-04:00,312.4200134277344,312.8599853515625,312.10009765625,312.4960021972656,784594
2026-06-02 12:15:00-04:00,312.5,312.57000732421875,312.0400085449219,312.489990234375,667212
2026-06-02 12:30:00-04:00,312.4800109863281,312.5599060058594,311.8999938964844,312.06500244140625,761972
2026-06-02 12:45:00-04:00,312.0600891113281,314.4700927734375,312.04998779296875,314.2900085449219,1456367
2026-06-02 13:00:00-04:00,314.2900085449219,315.010009765625,314.2850036621094,314.9849853515625,1765602
2026-06-02 13:15:00-04:00,314.9999084472656,315.1000061035156,314.0799865722656,314.67999267578125,1305763
2026-06-02 13:30:00-04:00,314.67999267578125,315.2799987792969,314.3299865722656,314.8299865722656,1040016
2026-06-02 13:45:00-04:00,314.8275146484375,315.45001220703125,314.4700012207031,314.7049865722656,1019322
2026-06-02 14:00:00-04:00,314.7049865722656,314.94000244140625,314.3500061035156,314.3500061035156,757806
2026-06-02 14:15:00-04:00,314.3485107421875,314.3485107421875,313.7550048828125,314.239990234375,966101
2026-06-02 14:30:00-04:00,314.2598876953125,314.5150146484375,314.19000244140625,314.3699951171875,760902
2026-06-02 14:45:00-04:00,314.3699951171875,314.8599853515625,314.2550048828125,314.6499938964844,833969
2026-06-02 15:00:00-04:00,314.6600036621094,315.2200012207031,314.6549987792969,314.7449951171875,954686
2026-06-02 15:15:00-04:00,314.7449951171875,315.05999755859375,314.69000244140625,314.7650146484375,932840
2026-06-02 15:30:00-04:00,314.760009765625,315.1199951171875,314.75,314.9649963378906,990907
2026-06-02 15:45:00-04:00,314.9649963378906,315.44000244140625,314.0299987792969,315.19000244140625,3605560
2026-06-03 09:30:00-04:00,314.17498779296875,316.94000244140625,314.0,316.6300048828125,4000334
2026-06-03 09:45:00-04:00,316.6050109863281,316.7699890136719,314.80999755859375,314.8900146484375,2402870
2026-06-03 10:00:00-04:00,314.8599853515625,315.9599914550781,314.19000244140625,315.83990478515625,1779526
2026-06-03 10:15:00-04:00,315.80999755859375,315.9200134277344,314.260009765625,314.3500061035156,1213459
2026-06-03 10:30:00-04:00,314.3699951171875,314.6499938964844,313.0150146484375,313.0295104980469,1601107
2026-06-03 10:45:00-04:00,313.03900146484375,313.1000061035156,311.1400146484375,311.510009765625,1993288
2026-06-03 11:00:00-04:00,311.510009765625,311.9179992675781,310.3999938964844,310.60040283203125,1640433
2026-06-03 11:15:00-04:00,310.6000061035156,311.8699951171875,310.30999755859375,311.6600036621094,1314318
2026-06-03 11:30:00-04:00,311.6400146484375,312.19000244140625,311.1600036621094,311.5299987792969,2881636
2026-06-03 11:45:00-04:00,311.5299987792969,311.7200012207031,311.25,311.4999084472656,978410
2026-06-03 12:00:00-04:00,311.489990234375,311.8291931152344,310.92999267578125,311.2799987792969,775182
2026-06-03 12:15:00-04:00,311.2900085449219,311.3299865722656,309.510009765625,309.7601013183594,1917396
2026-06-03 12:30:00-04:00,309.760009765625,310.07000732421875,309.32000732421875,309.7449951171875,1092450
2026-06-03 12:45:00-04:00,309.9800109863281,310.4649963378906,309.7510070800781,310.260009765625,868532
2026-06-03 13:00:00-04:00,310.2799987792969,310.32000732421875,309.1571044921875,309.2200012207031,801843
2026-06-03 13:15:00-04:00,309.2200012207031,309.3699951171875,308.8500061035156,309.2099914550781,886182
2026-06-03 13:30:00-04:00,309.19500732421875,309.7149963378906,308.9800109863281,309.4800109863281,600013
2026-06-03 13:45:00-04:00,309.4599914550781,309.5899963378906,309.25,309.30999755859375,590263
2026-06-03 14:00:00-04:00,309.3349914550781,309.7300109863281,309.010009765625,309.32501220703125,662929
2026-06-03 14:15:00-04:00,309.30999755859375,309.9800109863281,309.2900085449219,309.8399963378906,614728
2026-06-03 14:30:00-04:00,309.8399963378906,309.94000244140625,309.2699890136719,309.5762023925781,669433
2026-06-03 14:45:00-04:00,309.57501220703125,309.9049987792969,309.5700988769531,309.82000732421875,652369
2026-06-03 15:00:00-04:00,309.81500244140625,310.0,309.489990234375,309.8599853515625,748627
2026-06-03 15:15:00-04:00,309.8550109863281,310.5400085449219,309.79998779296875,310.4150085449219,1053332
2026-06-03 15:30:00-04:00,310.4150085449219,311.1000061035156,310.3999938964844,310.9222106933594,1289129
2026-06-03 15:45:00-04:00,310.92999267578125,310.989990234375,309.20001220703125,310.3800048828125,5273517
2026-06-04 09:30:00-04:00,313.30499267578125,313.5400085449219,310.4359130859375,311.8900146484375,5517795
2026-06-04 09:45:00-04:00,311.8999938964844,312.4700012207031,310.8399963378906,312.3800048828125,1457485
2026-06-04 10:00:00-04:00,312.364990234375,312.3699951171875,310.79998779296875,311.397705078125,1445792
2026-06-04 10:15:00-04:00,311.42498779296875,311.875,309.90008544921875,310.25,1218937
2026-06-04 10:30:00-04:00,310.260009765625,310.8500061035156,310.05999755859375,310.42010498046875,944619
2026-06-04 10:45:00-04:00,310.42999267578125,310.760009765625,309.79998779296875,310.42999267578125,1038787
2026-06-04 11:00:00-04:00,310.42999267578125,311.3500061035156,310.42498779296875,310.8550109863281,899030
2026-06-04 11:15:00-04:00,310.8599853515625,311.29998779296875,310.2300109863281,310.3999938964844,719304
2026-06-04 11:30:00-04:00,310.4100036621094,310.57000732421875,309.6499938964844,310.19000244140625,796684
2026-06-04 11:45:00-04:00,310.17999267578125,310.4200134277344,309.9700012207031,310.3699951171875,842807
2026-06-04 12:00:00-04:00,310.3999938964844,310.95989990234375,310.260009765625,310.8550109863281,833069
2026-06-04 12:15:00-04:00,310.8500061035156,311.1099853515625,310.5799865722656,310.6300048828125,630271
2026-06-04 12:30:00-04:00,310.6300048828125,311.4898986816406,310.4800109863281,311.4100036621094,1024144
2026-06-04 12:45:00-04:00,311.4100036621094,311.7900085449219,311.0,311.4049987792969,1139043
2026-06-04 13:00:00-04:00,311.4100036621094,311.70001220703125,310.9599914550781,311.07000732421875,762184
2026-06-04 13:15:00-04:00,311.07000732421875,311.7049865722656,310.9800109863281,311.6650085449219,589236
2026-06-04 13:30:00-04:00,311.6700134277344,311.9750061035156,311.6300048828125,311.69000244140625,570318
2026-06-04 13:45:00-04:00,311.6799011230469,311.69000244140625,311.18499755859375,311.239990234375,529930
2026-06-04 14:00:00-04:00,311.2300109863281,311.4649963378906,310.989990234375,311.3164978027344,593320
2026-06-04 14:15:00-04:00,311.32000732421875,311.6499938964844,311.2349853515625,311.4200134277344,513349
2026-06-04 14:30:00-04:00,311.4100036621094,311.9750061035156,311.35919189453125,311.9549865722656,655391
2026-06-04 14:45:00-04:00,311.9551086425781,311.989990234375,311.4400939941406,311.7300109863281,633051
2026-06-04 15:00:00-04:00,311.7250061035156,311.89990234375,311.6600036621094,311.82501220703125,585660
2026-06-04 15:15:00-04:00,311.82501220703125,312.07000732421875,311.7145080566406,311.94000244140625,738837
2026-06-04 15:30:00-04:00,311.94000244140625,311.9599914550781,311.0400085449219,311.4100036621094,912485
2026-06-04 15:45:00-04:00,311.4100036621094,311.95001220703125,310.260009765625,311.1600036621094,3237992
2026-06-05 09:30:00-04:00,312.989990234375,314.2699890136719,312.3999938964844,313.6899108886719,3837240
2026-06-05 09:45:00-04:00,313.69000244140625,314.5,312.9700012207031,313.6600036621094,2421141
2026-06-05 10:00:00-04:00,313.6700134277344,313.75,312.5,313.55999755859375,2311317
2026-06-05 10:15:00-04:00,313.57501220703125,315.1700134277344,313.1499938964844,313.42498779296875,2091001
2026-06-05 10:30:00-04:00,313.4200134277344,314.75,313.1000061035156,314.15509033203125,1419507
2026-06-05 10:45:00-04:00,314.1499938964844,314.260009765625,312.239990234375,312.9800109863281,1271956
2026-06-05 11:00:00-04:00,313.0,313.489990234375,312.9700012207031,313.0,871124
2026-06-05 11:15:00-04:00,313.01141357421875,313.57000732421875,312.6199951171875,313.42999267578125,1183891
2026-06-05 11:30:00-04:00,313.4200134277344,314.14990234375,313.3550109863281,313.5,1414933
2026-06-05 11:45:00-04:00,313.5,313.6210021972656,312.8699951171875,313.42999267578125,792621
2026-06-05 12:00:00-04:00,313.4200134277344,313.54998779296875,312.6499938964844,313.1400146484375,1041699
2026-06-05 12:15:00-04:00,313.1379089355469,313.2449951171875,311.8500061035156,312.0,1285582
2026-06-05 12:30:00-04:00,312.0050048828125,312.1499938964844,310.79998779296875,311.05999755859375,1675947
2026-06-05 12:45:00-04:00,311.0400085449219,311.67999267578125,310.6600036621094,310.8800048828125,2905797
2026-06-05 13:00:00-04:00,310.8999938964844,311.0,309.5799865722656,310.5150146484375,2053357
2026-06-05 13:15:00-04:00,310.5150146484375,311.5199890136719,310.3599853515625,311.510009765625,1087006
2026-06-05 13:30:00-04:00,311.4949951171875,312.0,311.3800048828125,311.7099914550781,986883
2026-06-05 13:45:00-04:00,311.7200012207031,312.6416931152344,311.6653137207031,312.5199890136719,954486
2026-06-05 14:00:00-04:00,312.5400085449219,312.6499938964844,311.8900146484375,312.0398864746094,978458
2026-06-05 14:15:00-04:00,312.0,312.79998779296875,311.4700012207031,311.5260009765625,1515700
2026-06-05 14:30:00-04:00,311.5400085449219,312.0199890136719,310.0199890136719,310.0899963378906,1992976
2026-06-05 14:45:00-04:00,310.1000061035156,310.57000732421875,309.4599914550781,309.4700012207031,4699244
2026-06-05 15:00:00-04:00,309.4700012207031,309.67999267578125,308.239990234375,308.4649963378906,2124919
2026-06-05 15:15:00-04:00,308.44000244140625,308.9100036621094,307.1499938964844,308.9100036621094,2439476
2026-06-05 15:30:00-04:00,308.8800048828125,308.9800109863281,307.92999267578125,308.1000061035156,1935809
2026-06-05 15:45:00-04:00,308.0899963378906,308.82000732421875,307.3599853515625,307.3900146484375,5340785
2026-06-08 09:30:00-04:00,308.739013671875,315.1700134277344,308.5220031738281,311.489990234375,6266305
2026-06-08 09:45:00-04:00,311.4949951171875,312.7699890136719,310.6050109863281,310.9200134277344,1760237
2026-06-08 10:00:00-04:00,310.9599914550781,312.42999267578125,310.7449951171875,310.92999267578125,1459231
2026-06-08 10:15:00-04:00,310.9100036621094,312.2762145996094,309.9169006347656,311.9750061035156,1375952
2026-06-08 10:30:00-04:00,311.9599914550781,312.9599914550781,311.7799987792969,312.8699951171875,1336093
2026-06-08 10:45:00-04:00,312.8900146484375,315.3599853515625,312.8900146484375,315.2699890136719,2011571
2026-06-08 11:00:00-04:00,315.260009765625,315.3500061035156,314.2619934082031,314.2850036621094,1213280
2026-06-08 11:15:00-04:00,314.2900085449219,314.5950012207031,313.875,313.92999267578125,958504
2026-06-08 11:30:00-04:00,313.92999267578125,314.2998962402344,313.32000732421875,314.1799011230469,1519122
2026-06-08 11:45:00-04:00,314.20001220703125,314.6000061035156,313.4599914550781,313.6099853515625,931927
2026-06-08 12:00:00-04:00,313.6199951171875,314.3900146484375,313.3200988769531,314.0450134277344,1570776
2026-06-08 12:15:00-04:00,314.04998779296875,314.989990234375,313.6300964355469,313.6650085449219,950410
2026-06-08 12:30:00-04:00,313.67999267578125,313.7911071777344,312.8599853515625,313.2850036621094,1116518
2026-06-08 12:45:00-04:00,313.2799987792969,314.0899963378906,313.2099914550781,313.5,1004354
2026-06-08 13:00:00-04:00,313.510009765625,314.5,312.5899963378906,313.4599914550781,1958320
2026-06-08 13:15:00-04:00,313.4649963378906,314.69000244140625,312.2099914550781,314.57000732421875,1450273
2026-06-08 13:30:00-04:00,314.56500244140625,317.3999938964844,308.7200012207031,308.8299865722656,7026268
2026-06-08 13:45:00-04:00,308.8450012207031,310.2900085449219,307.57000732421875,308.4549865722656,4318798
2026-06-08 14:00:00-04:00,308.5,309.0400085449219,303.7099914550781,304.7200012207031,5515754
2026-06-08 14:15:00-04:00,304.7200012207031,306.0,303.72369384765625,304.8599853515625,3067008
2026-06-08 14:30:00-04:00,304.8999938964844,305.5299987792969,302.67999267578125,302.8299865722656,2711671
2026-06-08 14:45:00-04:00,302.8299865722656,304.2900085449219,302.7699890136719,303.80999755859375,2053638
2026-06-08 15:00:00-04:00,303.8500061035156,304.7699890136719,303.5,304.25,2481684
2026-06-08 15:15:00-04:00,304.25,304.8800048828125,302.05010986328125,302.7049865722656,2647134
2026-06-08 15:30:00-04:00,302.7099914550781,303.2445068359375,301.7900085449219,302.8299865722656,2324818
2026-06-08 15:45:00-04:00,302.8500061035156,302.8500061035156,301.1700134277344,301.57000732421875,4974017
2026-06-09 09:30:00-04:00,300.2749938964844,300.7200012207031,297.05999755859375,297.2699890136719,5624533
2026-06-09 09:45:00-04:00,297.239990234375,298.25,295.94000244140625,296.1499938964844,2901642
2026-06-09 10:00:00-04:00,296.1700134277344,296.2298889160156,293.5,294.0350036621094,3423784
2026-06-09 10:15:00-04:00,294.010009765625,294.0299987792969,292.2099914550781,292.5299987792969,3608395
2026-06-09 10:30:00-04:00,292.5191955566406,293.8800048828125,291.79998779296875,293.2900085449219,2860573
2026-06-09 10:45:00-04:00,293.2900085449219,293.32049560546875,291.9100036621094,293.1199951171875,2613532
2026-06-09 11:00:00-04:00,293.1400146484375,293.7300109863281,292.5,293.489990234375,1729985
2026-06-09 11:15:00-04:00,293.4849853515625,293.69000244140625,291.5,291.5799865722656,1954916
2026-06-09 11:30:00-04:00,291.55999755859375,291.9800109863281,291.1199951171875,291.2099914550781,1916351
2026-06-09 11:45:00-04:00,291.2300109863281,291.8800048828125,290.8999938964844,291.1700134277344,2029891
2026-06-09 12:00:00-04:00,291.1650085449219,291.5,290.3370056152344,291.0299987792969,2101261
2026-06-09 12:15:00-04:00,291.0,291.1050109863281,289.4800109863281,289.5,2481972
2026-06-09 12:30:00-04:00,289.5,289.8599853515625,287.7799987792969,288.44219970703125,3350622
2026-06-09 12:45:00-04:00,288.44000244140625,289.4100036621094,287.80999755859375,289.1600036621094,1969214
2026-06-09 13:00:00-04:00,289.2099914550781,290.20001220703125,289.18011474609375,290.010009765625,1584084
2026-06-09 13:15:00-04:00,290.010009765625,291.1300048828125,289.6300964355469,290.4599914550781,1599405
2026-06-09 13:30:00-04:00,290.44000244140625,290.7699890136719,289.9100036621094,290.05499267578125,1192581
2026-06-09 13:45:00-04:00,290.05499267578125,290.1600036621094,289.5,289.67999267578125,1188503
2026-06-09 14:00:00-04:00,289.69000244140625,290.1099853515625,289.3399963378906,289.9750061035156,1059711
2026-06-09 14:15:00-04:00,289.9750061035156,290.95001220703125,289.45001220703125,290.95001220703125,1347656
2026-06-09 14:30:00-04:00,290.94000244140625,291.79998779296875,290.42999267578125,290.5,1319546
2026-06-09 14:45:00-04:00,290.4800109863281,291.5,290.3699951171875,291.32000732421875,1125472
2026-06-09 15:00:00-04:00,291.3299865722656,291.9200134277344,290.9700012207031,291.05499267578125,1309518
2026-06-09 15:15:00-04:00,291.0799865722656,291.2699890136719,290.2900085449219,291.1300048828125,1305796
2026-06-09 15:30:00-04:00,291.1199951171875,291.25,289.1400146484375,289.2099914550781,2001677
2026-06-09 15:45:00-04:00,289.2099914550781,291.67999267578125,288.79998779296875,290.3599853515625,5034143
2026-06-10 09:30:00-04:00,290.7650146484375,291.0,287.3800048828125,289.92498779296875,4667700
2026-06-10 09:45:00-04:00,289.8999938964844,290.3800048828125,288.3900146484375,289.489990234375,2346021
2026-06-10 10:00:00-04:00,289.489990234375,291.19000244140625,289.3500061035156,290.739990234375,1959675
2026-06-10 10:15:00-04:00,290.739990234375,290.8999938964844,289.2900085449219,289.7349853515625,1632394
2026-06-10 10:30:00-04:00,289.7099914550781,290.6199951171875,288.7099914550781,288.7449951171875,2509424
2026-06-10 10:45:00-04:00,288.7300109863281,289.8800048828125,288.44500732421875,289.6700134277344,1274804
2026-06-10 11:00:00-04:00,289.67999267578125,290.6499938964844,289.1000061035156,290.42999267578125,1075704
2026-06-10 11:15:00-04:00,290.42498779296875,290.6000061035156,289.6400146484375,289.989990234375,1247562
2026-06-10 11:30:00-04:00,289.95001220703125,291.5199890136719,289.739990234375,291.385009765625,1133775
2026-06-10 11:45:00-04:00,291.3699951171875,291.5400085449219,290.1000061035156,291.2950134277344,1512352
2026-06-10 12:00:00-04:00,291.29998779296875,291.6400146484375,290.510009765625,290.9150085449219,1081373
2026-06-10 12:15:00-04:00,290.9100036621094,291.739990234375,290.55999755859375,291.7300109863281,812751
2026-06-10 12:30:00-04:00,291.739990234375,292.9800109863281,291.35650634765625,292.8599853515625,2590410
2026-06-10 12:45:00-04:00,292.8399963378906,292.8999938964844,291.79998779296875,292.29998779296875,1067025
2026-06-10 13:00:00-04:00,292.3052978515625,292.87091064453125,291.8299865722656,292.1300048828125,816350
2026-06-10 13:15:00-04:00,292.1099853515625,293.2294921875,291.7200012207031,293.15008544921875,1011972
2026-06-10 13:30:00-04:00,293.1600036621094,293.19500732421875,292.527587890625,292.70001220703125,1007305
2026-06-10 13:45:00-04:00,292.7049865722656,294.07000732421875,292.5104064941406,294.0199890136719,2862884
2026-06-10 14:00:00-04:00,294.010009765625,294.6600036621094,293.8699951171875,294.489990234375,1435260
2026-06-10 14:15:00-04:00,294.4800109863281,294.7449951171875,293.989990234375,294.30999755859375,1060131
2026-06-10 14:30:00-04:00,294.29998779296875,294.29998779296875,293.3599853515625,293.6099853515625,972838
2026-06-10 14:45:00-04:00,293.6199951171875,293.7099914550781,292.7300109863281,292.8699951171875,986615
2026-06-10 15:00:00-04:00,292.8800048828125,293.3599853515625,292.5899963378906,292.8299865722656,1130819
2026-06-10 15:15:00-04:00,292.8399963378906,292.8799133300781,291.6199951171875,291.92999267578125,1525028
2026-06-10 15:30:00-04:00,291.9200134277344,292.5852966308594,291.739990234375,292.1499938964844,1235693
2026-06-10 15:45:00-04:00,292.1400146484375,292.94000244140625,291.3900146484375,291.5,3695978
2026-06-11 09:30:00-04:00,293.7200012207031,293.7850036621094,290.3800048828125,292.04901123046875,2670367
2026-06-11 09:45:00-04:00,292.0450134277344,293.95001220703125,291.5,291.5950012207031,1660216
2026-06-11 10:00:00-04:00,291.5950012207031,291.7799987792969,290.04998779296875,290.2200012207031,1413797
2026-06-11 10:15:00-04:00,290.2200012207031,291.3299865722656,289.75,290.5799865722656,1369570
2026-06-11 10:30:00-04:00,290.6099853515625,291.135009765625,289.8800048828125,290.5400085449219,1416250
2026-06-11 10:45:00-04:00,290.5400085449219,290.989990234375,289.6000061035156,289.8999938964844,1038056
2026-06-11 11:00:00-04:00,289.9100036621094,290.95989990234375,289.7900085449219,290.79998779296875,951547
2026-06-11 11:15:00-04:00,290.80999755859375,291.82000732421875,290.6003112792969,291.19000244140625,879517
2026-06-11 11:30:00-04:00,291.17999267578125,293.07000732421875,291.0614929199219,292.6700134277344,1097467
2026-06-11 11:45:00-04:00,292.69000244140625,293.56500244140625,292.4100036621094,293.3949890136719,973636
2026-06-11 12:00:00-04:00,293.409912109375,293.94439697265625,291.5044860839844,293.4901123046875,894470
2026-06-11 12:15:00-04:00,293.5199890136719,293.8599853515625,292.5552062988281,292.9849853515625,877207
2026-06-11 12:30:00-04:00,292.9599914550781,294.5,292.9100036621094,293.9400939941406,946436
2026-06-11 12:45:00-04:00,293.9200134277344,294.1700134277344,293.6300048828125,293.75,557343
2026-06-11 13:00:00-04:00,293.760009765625,293.8999938964844,293.0600891113281,293.3699951171875,685357
2026-06-11 13:15:00-04:00,293.3800048828125,296.0,293.1199951171875,295.9549865722656,1430770
2026-06-11 13:30:00-04:00,295.989990234375,297.0,295.7749938964844,296.57049560546875,1842057
2026-06-11 13:45:00-04:00,296.6000061035156,296.82000732421875,295.45001220703125,295.7799987792969,773612
2026-06-11 14:00:00-04:00,295.7699890136719,295.989990234375,295.1300048828125,295.7799987792969,742314
2026-06-11 14:15:00-04:00,295.7650146484375,296.45001220703125,295.45001220703125,295.5400085449219,803027
2026-06-11 14:30:00-04:00,295.54010009765625,295.7900085449219,295.239990234375,295.4599914550781,598374
2026-06-11 14:45:00-04:00,295.4519958496094,296.07000732421875,295.1499938964844,295.2099914550781,668617
2026-06-11 15:00:00-04:00,295.20001220703125,295.5050048828125,295.0199890136719,295.3599853515625,869083
2026-06-11 15:15:00-04:00,295.3800048828125,295.6099853515625,295.0899963378906,295.3999938964844,993901
2026-06-11 15:30:00-04:00,295.4100036621094,296.17999267578125,295.260009765625,296.019287109375,1473720
2026-06-11 15:45:00-04:00,296.0199890136719,296.0400085449219,294.70001220703125,295.3599853515625,4188116
2026-06-12 09:30:00-04:00,296.0799865722656,297.1400146484375,291.8774108886719,292.3949890136719,3957276
2026-06-12 09:45:00-04:00,292.3900146484375,292.8799133300781,291.0,291.135009765625,1794118
2026-06-12 10:00:00-04:00,291.1000061035156,292.2099914550781,290.6099853515625,291.95001220703125,1988474
2026-06-12 10:15:00-04:00,291.9700012207031,293.2099914550781,291.7200012207031,291.9949951171875,1358070
2026-06-12 10:30:00-04:00,291.9800109863281,292.3299865722656,290.8900146484375,291.1099853515625,1067378
2026-06-12 10:45:00-04:00,291.1199951171875,291.8399963378906,290.010009765625,291.739990234375,1548385
2026-06-12 11:00:00-04:00,291.7449951171875,292.8800048828125,291.6000061035156,292.7650146484375,894718
2026-06-12 11:15:00-04:00,292.7650146484375,292.989990234375,292.25,292.875,1027203
2026-06-12 11:30:00-04:00,292.8599853515625,292.8599853515625,291.5,291.8550109863281,1219788
2026-06-12 11:45:00-04:00,291.8599853515625,292.07000732421875,291.0299987792969,291.335205078125,747263
2026-06-12 12:00:00-04:00,291.3349914550781,292.19989013671875,290.80999755859375,291.94500732421875,1037317
2026-06-12 12:15:00-04:00,291.9700012207031,292.1600036621094,291.4700012207031,291.5799865722656,649731
2026-06-12 12:30:00-04:00,291.57000732421875,291.7200012207031,290.8399963378906,290.9800109863281,749268
2026-06-12 12:45:00-04:00,290.989990234375,291.5,290.75,291.2099914550781,779107
2026-06-12 13:00:00-04:00,291.17999267578125,291.7900085449219,291.125,291.510009765625,869123
2026-06-12 13:15:00-04:00,291.5199890136719,292.2449951171875,291.4100036621094,291.4601135253906,673104
2026-06-12 13:30:00-04:00,291.4800109863281,291.510009765625,290.3900146484375,290.4100036621094,608460
2026-06-12 13:45:00-04:00,290.4100036621094,290.63800048828125,289.80999755859375,289.8800048828125,942201
2026-06-12 14:00:00-04:00,289.8999938964844,290.5899963378906,289.6199951171875,290.2699890136719,898856
2026-06-12 14:15:00-04:00,290.2799072265625,290.3699951171875,289.9200134277344,290.2250061035156,633905
2026-06-12 14:30:00-04:00,290.2200012207031,290.70001220703125,290.2200012207031,290.64019775390625,590905
2026-06-12 14:45:00-04:00,290.6400146484375,290.739990234375,290.4200134277344,290.4800109863281,707087
2026-06-12 15:00:00-04:00,290.4599914550781,290.9700012207031,290.3599853515625,290.6199951171875,791893
2026-06-12 15:15:00-04:00,290.6300048828125,290.8900146484375,290.44000244140625,290.6400146484375,952489
2026-06-12 15:30:00-04:00,290.6400146484375,290.7650146484375,290.19000244140625,290.55059814453125,1003990
2026-06-12 15:45:00-04:00,290.54998779296875,291.6400146484375,290.5,291.0799865722656,3019727
2026-06-15 09:30:00-04:00,294.1199951171875,295.82000732421875,291.70001220703125,295.05999755859375,5081263
2026-06-15 09:45:00-04:00,295.05999755859375,295.92999267578125,294.6600036621094,295.3583068847656,1710728
2026-06-15 10:00:00-04:00,295.3500061035156,296.32861328125,295.05999755859375,295.8599853515625,1522489
2026-06-15 10:15:00-04:00,295.885009765625,296.2998962402344,295.3800048828125,295.67999267578125,1312190
2026-06-15 10:30:00-04:00,295.7099914550781,296.3399963378906,295.3999938964844,296.20001220703125,1200955
2026-06-15 10:45:00-04:00,296.2200012207031,296.70001220703125,296.1600036621094,296.4830017089844,988815
2026-06-15 11:00:00-04:00,296.5,296.8999938964844,296.1700134277344,296.30999755859375,956987
2026-06-15 11:15:00-04:00,296.32000732421875,296.8500061035156,296.2900085449219,296.5299987792969,901579
2026-06-15 11:30:00-04:00,296.5400085449219,297.2099914550781,296.2200012207031,297.0299987792969,1082897
2026-06-15 11:45:00-04:00,297.0299987792969,297.7799987792969,297.0299987792969,297.4800109863281,1151676
2026-06-15 12:00:00-04:00,297.4800109863281,297.7699890136719,296.8901062011719,297.07501220703125,903960
2026-06-15 12:15:00-04:00,297.07501220703125,297.3550109863281,296.8700866699219,297.239990234375,629261
2026-06-15 12:30:00-04:00,297.2300109863281,297.364990234375,296.8500061035156,296.9599914550781,554427
2026-06-15 12:45:00-04:00,296.9700012207031,296.9800109863281,296.55999755859375,296.94500732421875,571395
2026-06-15 13:00:00-04:00,296.9200134277344,296.9200134277344,296.25,296.70001220703125,749069
2026-06-15 13:15:00-04:00,296.69000244140625,297.2099914550781,296.54998779296875,296.6600036621094,946242
2026-06-15 13:30:00-04:00,296.6600036621094,297.0,296.3900146484375,296.5899963378906,782832
2026-06-15 13:45:00-04:00,296.5799865722656,296.6199951171875,295.6300048828125,295.760009765625,740944
2026-06-15 14:00:00-04:00,295.75,295.8263854980469,295.1600036621094,295.6400146484375,1004823
2026-06-15 14:15:00-04:00,295.6400146484375,295.739990234375,294.9599914550781,295.07000732421875,905867
2026-06-15 14:30:00-04:00,295.07501220703125,296.2900085449219,295.010009765625,296.2099914550781,1009657
2026-06-15 14:45:00-04:00,296.20001220703125,296.4049987792969,296.1549987792969,296.3949890136719,681063
2026-06-15 15:00:00-04:00,296.3900146484375,296.4649963378906,296.1600036621094,296.3949890136719,666375
2026-06-15 15:15:00-04:00,296.3807067871094,296.6099853515625,295.9700012207031,296.5,850936
2026-06-15 15:30:00-04:00,296.4949951171875,296.6700134277344,295.8700866699219,296.3200988769531,1161525
2026-06-15 15:45:00-04:00,296.3299865722656,296.5299987792969,295.6099853515625,296.4200134277344,17040859
2026-06-16 09:30:00-04:00,295.2449951171875,296.4800109863281,293.9700012207031,295.3999938964844,2670804
2026-06-16 09:45:00-04:00,295.40008544921875,297.95001220703125,295.25,297.0799865722656,1477877
2026-06-16 10:00:00-04:00,297.0849914550781,297.79998779296875,296.864990234375,297.4200134277344,1267295
2026-06-16 10:15:00-04:00,297.43499755859375,298.0,296.7099914550781,297.5350036621094,1332044
2026-06-16 10:30:00-04:00,297.5350036621094,297.8900146484375,296.95001220703125,297.3299865722656,1306449
2026-06-16 10:45:00-04:00,297.2699890136719,298.0,297.2699890136719,297.54998779296875,1099081
2026-06-16 11:00:00-04:00,297.5400085449219,298.2300109863281,297.489990234375,298.1300048828125,1011887
2026-06-16 11:15:00-04:00,298.1099853515625,298.45001220703125,297.2049865722656,298.20001220703125,1180251
2026-06-16 11:30:00-04:00,298.2200012207031,298.43701171875,297.5,298.0849914550781,813648
2026-06-16 11:45:00-04:00,298.0849914550781,298.57000732421875,298.0,298.1700134277344,970067
2026-06-16 12:00:00-04:00,298.1700134277344,299.20001220703125,298.0400085449219,299.0950012207031,1422719
2026-06-16 12:15:00-04:00,299.090087890625,299.2749938964844,298.7300109863281,298.94000244140625,739645
2026-06-16 12:30:00-04:00,298.94000244140625,299.260009765625,298.8041076660156,299.0799865722656,814914
2026-06-16 12:45:00-04:00,299.06500244140625,299.7699890136719,299.0299987792969,299.4700012207031,778812
2026-06-16 13:00:00-04:00,299.45001220703125,299.70001220703125,299.0899963378906,299.6650085449219,610766
2026-06-16 13:15:00-04:00,299.6700134277344,300.4800109863281,299.6700134277344,300.2749938964844,1594132
2026-06-16 13:30:00-04:00,300.260009765625,300.4599914550781,299.82000732421875,299.8399963378906,699494
2026-06-16 13:45:00-04:00,299.8399963378906,299.95001220703125,299.3500061035156,299.6000061035156,655674
2026-06-16 14:00:00-04:00,299.5899963378906,299.760009765625,298.9100036621094,298.9901123046875,653619
2026-06-16 14:15:00-04:00,298.9700012207031,299.07989501953125,298.5679931640625,298.7250061035156,569908
2026-06-16 14:30:00-04:00,298.7200927734375,299.63031005859375,298.6300048828125,299.53509521484375,749325
2026-06-16 14:45:00-04:00,299.5400085449219,299.57000732421875,299.1650085449219,299.17559814453125,891065
2026-06-16 15:00:00-04:00,299.17498779296875,299.25,298.7200012207031,298.9200134277344,776668
2026-06-16 15:15:00-04:00,298.92999267578125,299.1300048828125,298.2200012207031,298.3399963378906,1010479
2026-06-16 15:30:00-04:00,298.3299865722656,298.7149963378906,298.2300109863281,298.57000732421875,802962
2026-06-16 15:45:00-04:00,298.57000732421875,299.489990234375,298.54998779296875,299.25,3659560
2026-06-17 09:30:00-04:00,300.8450012207031,302.07000732421875,299.5201110839844,301.25,2904323
2026-06-17 09:45:00-04:00,301.2300109863281,301.32000732421875,299.22198486328125,300.29998779296875,1528483
2026-06-17 10:00:00-04:00,300.3399963378906,300.5150146484375,299.3700866699219,300.45001220703125,1062316
2026-06-17 10:15:00-04:00,300.45001220703125,300.9674987792969,299.92999267578125,300.45001220703125,940974
2026-06-17 10:30:00-04:00,300.45001220703125,300.53948974609375,298.67999267578125,299.6000061035156,1279790
2026-06-17 10:45:00-04:00,299.5799865722656,299.8500061035156,298.3500061035156,298.5400085449219,1073957
2026-06-17 11:00:00-04:00,298.54998779296875,298.69000244140625,297.0899963378906,297.45001220703125,988878
2026-06-17 11:15:00-04:00,297.44500732421875,298.1400146484375,297.20001220703125,297.42999267578125,714169
2026-06-17 11:30:00-04:00,297.42999267578125,297.4599914550781,296.6700134277344,296.82000732421875,893087
2026-06-17 11:45:00-04:00,296.8330078125,298.7699890136719,296.6400146484375,298.55499267578125,918525
2026-06-17 12:00:00-04:00,298.55999755859375,299.1600036621094,298.1499938964844,298.42999267578125,1515913
2026-06-17 12:15:00-04:00,298.44000244140625,298.8760070800781,298.33099365234375,298.614990234375,422719
2026-06-17 12:30:00-04:00,298.6297912597656,298.7449951171875,298.2300109863281,298.4599914550781,576928
2026-06-17 12:45:00-04:00,298.4700012207031,298.5299987792969,298.0950012207031,298.20001220703125,464315
2026-06-17 13:00:00-04:00,298.2099914550781,298.2099914550781,296.5899963378906,296.7049865722656,945963
2026-06-17 13:15:00-04:00,296.70001220703125,297.239990234375,296.57000732421875,296.80999755859375,625995
2026-06-17 13:30:00-04:00,296.79998779296875,297.1099853515625,296.42999267578125,296.8500061035156,539710
2026-06-17 13:45:00-04:00,296.8599853515625,297.6000061035156,296.8500061035156,297.54998779296875,461501
2026-06-17 14:00:00-04:00,297.5299987792969,297.5299987792969,295.6499938964844,295.8299865722656,1573935
2026-06-17 14:15:00-04:00,295.8599853515625,296.5299987792969,295.3299865722656,295.8349914550781,764735
2026-06-17 14:30:00-04:00,295.82000732421875,296.4200134277344,295.20001220703125,296.29998779296875,1168167
2026-06-17 14:45:00-04:00,296.2799987792969,296.32000732421875,294.3800048828125,294.5899963378906,1015070
2026-06-17 15:00:00-04:00,294.5899963378906,295.8399963378906,294.3900146484375,295.5400085449219,1151796
2026-06-17 15:15:00-04:00,295.5299987792969,295.6549987792969,294.82501220703125,295.18499755859375,980763
2026-06-17 15:30:00-04:00,295.1600036621094,295.44000244140625,294.6000061035156,294.94000244140625,1537856
2026-06-17 15:45:00-04:00,294.92999267578125,296.2200012207031,294.5899963378906,295.8800048828125,2899579
2026-06-18 09:30:00-04:00,298.44000244140625,300.45989990234375,295.6199951171875,297.69000244140625,14949133
2026-06-18 09:45:00-04:00,297.70001220703125,298.70001220703125,297.1499938964844,298.2749938964844,3600045
2026-06-18 10:00:00-04:00,298.30999755859375,299.42999267578125,298.0199890136719,298.989990234375,5846597
2026-06-18 10:15:00-04:00,298.9649963378906,299.6300048828125,298.2200012207031,299.6099853515625,1793920
2026-06-18 10:30:00-04:00,299.614990234375,299.760009765625,298.5,299.7099914550781,1297806
2026-06-18 10:45:00-04:00,299.69000244140625,300.57000732421875,299.13018798828125,299.17999267578125,2573388
2026-06-18 11:00:00-04:00,299.2300109863281,299.2300109863281,297.8699951171875,298.07000732421875,1788324
2026-06-18 11:15:00-04:00,298.0899963378906,298.1600036621094,296.9599914550781,297.1099853515625,2481129
2026-06-18 11:30:00-04:00,297.1000061035156,297.3900146484375,296.1400146484375,296.19000244140625,722485
2026-06-18 11:45:00-04:00,296.19000244140625,297.6199951171875,295.95001220703125,297.3800048828125,1607882
2026-06-18 12:00:00-04:00,297.3999938964844,297.7300109863281,296.69000244140625,297.0849914550781,1749021
2026-06-18 12:15:00-04:00,297.0849914550781,297.5199890136719,296.94000244140625,297.489990234375,1057744
2026-06-18 12:30:00-04:00,297.4849853515625,297.69000244140625,297.0306091308594,297.489990234375,911274
2026-06-18 12:45:00-04:00,297.4949951171875,297.5,296.8399963378906,297.1300048828125,693046
2026-06-18 13:00:00-04:00,297.1300048828125,298.23199462890625,297.0299987792969,298.19500732421875,616227
2026-06-18 13:15:00-04:00,298.20001220703125,298.3598937988281,297.5799865722656,297.82000732421875,1099082
2026-06-18 13:30:00-04:00,297.82501220703125,297.9849853515625,297.5,297.55999755859375,613695
2026-06-18 13:45:00-04:00,297.56048583984375,297.8599853515625,297.3500061035156,297.5700988769531,558866
2026-06-18 14:00:00-04:00,297.57501220703125,297.6300048828125,297.0199890136719,297.55999755859375,624192
2026-06-18 14:15:00-04:00,297.55999755859375,297.67999267578125,297.010009765625,297.1099853515625,587960
2026-06-18 14:30:00-04:00,297.1400146484375,297.6499938964844,297.0600891113281,297.6449890136719,751634
2026-06-18 14:45:00-04:00,297.6449890136719,298.07000732421875,297.5899963378906,297.70001220703125,589722
2026-06-18 15:00:00-04:00,297.7099914550781,297.760009765625,297.05999755859375,297.1099853515625,485300
2026-06-18 15:15:00-04:00,297.1099853515625,297.5,297.04010009765625,297.3800048828125,946675
2026-06-18 15:30:00-04:00,297.3599853515625,297.68499755859375,297.05999755859375,297.54998779296875,895708
2026-06-18 15:45:00-04:00,297.5400085449219,299.2394104003906,297.5199890136719,297.8900146484375,4354813
2026-06-22 09:30:00-04:00,297.5,301.9800109863281,297.42999267578125,301.5899963378906,3993489
2026-06-22 09:45:00-04:00,301.625,302.05999755859375,300.5,301.739990234375,1538822
2026-06-22 10:00:00-04:00,301.7449951171875,302.4200134277344,301.5199890136719,301.8500061035156,1925875
2026-06-22 10:15:00-04:00,301.8500061035156,301.92498779296875,300.8800048828125,301.20001220703125,1210581
2026-06-22 10:30:00-04:00,301.2099914550781,301.2300109863281,299.55999755859375,299.70001220703125,1336600
2026-06-22 10:45:00-04:00,299.6700134277344,300.1300048828125,299.3699951171875,299.79998779296875,944951
2026-06-22 11:00:00-04:00,299.80499267578125,300.389892578125,299.0350036621094,300.1098937988281,941079
2026-06-22 11:15:00-04:00,300.0950012207031,300.235107421875,299.20001220703125,299.94000244140625,1089016
2026-06-22 11:30:00-04:00,299.94000244140625,301.260009765625,299.75,301.04998779296875,771939
2026-06-22 11:45:00-04:00,301.0899963378906,301.4299011230469,300.260009765625,300.8900146484375,711428
2026-06-22 12:00:00-04:00,300.885009765625,300.9590148925781,300.32000732421875,300.7903137207031,811127
2026-06-22 12:15:00-04:00,300.7900085449219,300.95001220703125,300.1499938964844,300.5398864746094,656728
2026-06-22 12:30:00-04:00,300.5199890136719,300.67999267578125,299.9100036621094,300.17498779296875,815905
2026-06-22 12:45:00-04:00,300.19000244140625,300.4800109863281,299.9150085449219,299.9200134277344,658257
2026-06-22 13:00:00-04:00,299.92999267578125,300.04998779296875,299.45001220703125,299.6050109863281,652309
2026-06-22 13:15:00-04:00,299.6199951171875,300.1300048828125,299.6199951171875,299.80999755859375,564318
2026-06-22 13:30:00-04:00,299.81500244140625,299.8599853515625,299.25,299.3301086425781,683662
2026-06-22 13:45:00-04:00,299.3299865722656,299.81988525390625,299.25,299.30999755859375,552153
2026-06-22 14:00:00-04:00,299.30999755859375,299.3265075683594,298.5830078125,298.69500732421875,625804
2026-06-22 14:15:00-04:00,298.697509765625,299.20001220703125,298.6300048828125,298.9200134277344,593772
2026-06-22 14:30:00-04:00,298.9200134277344,299.0400085449219,298.590087890625,298.8599853515625,502681
2026-06-22 14:45:00-04:00,298.875,299.239990234375,298.660400390625,299.07000732421875,578390
2026-06-22 15:00:00-04:00,299.0899963378906,299.3399963378906,298.885009765625,299.0899963378906,880020
2026-06-22 15:15:00-04:00,299.0899963378906,299.29998779296875,298.9100036621094,299.05999755859375,965367
2026-06-22 15:30:00-04:00,299.05999755859375,299.0899963378906,296.9599914550781,297.2699890136719,2116312
2026-06-22 15:45:00-04:00,297.2799987792969,297.67999267578125,296.7900085449219,296.7900085449219,3982779
2026-06-23 09:30:00-04:00,297.5379943847656,300.5776062011719,295.17999267578125,300.510009765625,4412573
2026-06-23 09:45:00-04:00,300.4700012207031,301.6400146484375,298.15850830078125,299.1099853515625,1976941
2026-06-23 10:00:00-04:00,299.0849914550781,299.989990234375,298.7950134277344,299.42999267578125,1473782
2026-06-23 10:15:00-04:00,299.42999267578125,300.55999755859375,298.8999938964844,300.506591796875,1397185
2026-06-23 10:30:00-04:00,300.5199890136719,300.8800048828125,299.55999755859375,300.3500061035156,1211335
2026-06-23 10:45:00-04:00,300.3699951171875,300.4800109863281,299.5400085449219,300.0899963378906,1066636
2026-06-23 11:00:00-04:00,300.0899963378906,300.32000732421875,299.1000061035156,299.1477966308594,1149969
2026-06-23 11:15:00-04:00,299.1300048828125,299.2900085449219,298.3999938964844,298.54998779296875,1060666
2026-06-23 11:30:00-04:00,298.5450134277344,298.5899963378906,297.3500061035156,297.760009765625,1082737
2026-06-23 11:45:00-04:00,297.7699890136719,298.2349853515625,297.4599914550781,298.06500244140625,919099
2026-06-23 12:00:00-04:00,298.07000732421875,298.7699890136719,297.95001220703125,298.17999267578125,900525
2026-06-23 12:15:00-04:00,298.19000244140625,298.885009765625,298.19000244140625,298.6199035644531,929769
2026-06-23 12:30:00-04:00,298.5849914550781,298.8500061035156,298.19500732421875,298.5799865722656,794195
2026-06-23 12:45:00-04:00,298.5799865722656,299.2799987792969,298.4200134277344,298.989990234375,923064
2026-06-23 13:00:00-04:00,299.010009765625,299.3949890136719,297.8800048828125,299.0400085449219,938454
2026-06-23 13:15:00-04:00,299.04998779296875,299.4700012207031,298.9100036621094,299.3949890136719,708965
2026-06-23 13:30:00-04:00,299.3949890136719,299.79998779296875,299.0400085449219,299.3399963378906,763133
2026-06-23 13:45:00-04:00,299.3299865722656,300.0849914550781,298.8900146484375,298.9599914550781,917527
2026-06-23 14:00:00-04:00,298.989990234375,299.3800048828125,298.45001220703125,298.760009765625,805526
2026-06-23 14:15:00-04:00,298.7699890136719,298.8599853515625,298.3399963378906,298.5199890136719,861887
2026-06-23 14:30:00-04:00,298.5249938964844,298.635009765625,297.7250061035156,297.8999938964844,915679
2026-06-23 14:45:00-04:00,297.8949890136719,298.2200012207031,297.45001220703125,297.5199890136719,1075108
2026-06-23 15:00:00-04:00,297.5199890136719,298.86761474609375,296.7900085449219,296.8689880371094,1280507
2026-06-23 15:15:00-04:00,296.8599853515625,296.8800048828125,295.30999755859375,295.840087890625,1825673
2026-06-23 15:30:00-04:00,295.8399963378906,296.4200134277344,295.4849853515625,295.70001220703125,1633376
2026-06-23 15:45:00-04:00,295.7300109863281,296.5,294.2120056152344,294.2799987792969,6171971
2026-06-24 09:30:00-04:00,295.375,296.4599914550781,293.20001220703125,295.67999267578125,2881299
2026-06-24 09:45:00-04:00,295.69000244140625,296.2799987792969,294.4800109863281,294.7699890136719,1312574
2026-06-24 10:00:00-04:00,294.7200012207031,295.5,294.2300109863281,294.875,1033005
2026-06-24 10:15:00-04:00,294.8999938964844,296.20941162109375,294.7250061035156,295.4649963378906,891569
2026-06-24 10:30:00-04:00,295.4599914550781,296.6000061035156,295.1099853515625,296.4849853515625,836531
2026-06-24 10:45:00-04:00,296.4700012207031,297.260009765625,296.45001220703125,297.0799865722656,928195
2026-06-24 11:00:00-04:00,297.1099853515625,297.5899963378906,296.6499938964844,297.4800109863281,969444
2026-06-24 11:15:00-04:00,297.4700012207031,298.8800048828125,297.1129150390625,298.7850036621094,1367244
2026-06-24 11:30:00-04:00,298.760009765625,299.5,298.1610107421875,298.1700134277344,1317430
2026-06-24 11:45:00-04:00,298.2300109863281,299.70001220703125,298.0799865722656,299.4750061035156,855910
2026-06-24 12:00:00-04:00,299.4649963378906,299.5,298.5899963378906,298.7300109863281,777339
2026-06-24 12:15:00-04:00,298.75,298.8999938964844,297.839599609375,298.07000732421875,840793
2026-06-24 12:30:00-04:00,298.04998779296875,298.04998779296875,297.2200012207031,297.31500244140625,876775
2026-06-24 12:45:00-04:00,297.2749938964844,297.6000061035156,296.8699951171875,297.3450012207031,780942
2026-06-24 13:00:00-04:00,297.3599853515625,297.385009765625,296.3121032714844,296.6099853515625,677466
2026-06-24 13:15:00-04:00,296.6099853515625,296.94000244140625,295.79998779296875,296.4200134277344,1068705
2026-06-24 13:30:00-04:00,296.4100036621094,296.8644104003906,295.760009765625,295.8999938964844,1074758
2026-06-24 13:45:00-04:00,295.9161071777344,296.32000732421875,295.5899963378906,295.6099853515625,820575
2026-06-24 14:00:00-04:00,295.6099853515625,296.4949951171875,295.3800048828125,295.57000732421875,1117423
2026-06-24 14:15:00-04:00,295.57000732421875,296.2099914550781,295.56500244140625,296.0,956357
2026-06-24 14:30:00-04:00,296.0,296.17999267578125,294.8800048828125,295.20001220703125,1308373
2026-06-24 14:45:00-04:00,295.19000244140625,295.25,294.1600036621094,295.1700134277344,1549108
2026-06-24 15:00:00-04:00,295.19000244140625,295.44000244140625,294.7900085449219,295.0400085449219,1226253
2026-06-24 15:15:00-04:00,295.0299987792969,295.239990234375,294.80999755859375,294.9400939941406,1101681
2026-06-24 15:30:00-04:00,294.92999267578125,295.1400146484375,294.4700012207031,295.0350036621094,1900765
2026-06-24 15:45:00-04:00,295.04998779296875,295.3699951171875,292.94000244140625,293.260009765625,5715104
2026-06-25 09:30:00-04:00,287.510009765625,288.79998779296875,277.8800048828125,278.1600036621094,9578191
2026-06-25 09:45:00-04:00,278.1199951171875,279.94000244140625,277.6700134277344,278.9700012207031,5568483
2026-06-25 10:00:00-04:00,278.94500732421875,280.1798095703125,277.9599914550781,278.4599914550781,3869460
2026-06-25 10:15:00-04:00,278.44500732421875,279.7799987792969,277.4599914550781,279.6300048828125,3727708
2026-06-25 10:30:00-04:00,279.635009765625,280.0899963378906,278.5899963378906,279.7300109863281,2471128
2026-06-25 10:45:00-04:00,279.7300109863281,279.989990234375,277.4599914550781,277.6050109863281,2477038
2026-06-25 11:00:00-04:00,277.6099853515625,278.1000061035156,276.779296875,277.0199890136719,2480258
2026-06-25 11:15:00-04:00,277.0199890136719,278.0,276.44000244140625,277.6400146484375,2685077
2026-06-25 11:30:00-04:00,277.6600036621094,279.4700012207031,277.5899963378906,279.25,2090482
2026-06-25 11:45:00-04:00,279.25,279.6449890136719,277.6300048828125,277.8550109863281,1779469
2026-06-25 12:00:00-04:00,277.8900146484375,278.19000244140625,276.30450439453125,276.4750061035156,2171195
2026-06-25 12:15:00-04:00,276.4800109863281,276.6499938964844,274.4599914550781,274.56500244140625,3117160
2026-06-25 12:30:00-04:00,274.56500244140625,275.0,273.75,274.7449951171875,3043945
2026-06-25 12:45:00-04:00,274.7749938964844,275.1600036621094,274.1199951171875,275.1199951171875,3140380
2026-06-25 13:00:00-04:00,275.135009765625,277.5398864746094,275.1099853515625,277.1700134277344,3960958
2026-06-25 13:15:00-04:00,277.1899108886719,278.3900146484375,277.0199890136719,278.0400085449219,3438882
2026-06-25 13:30:00-04:00,278.04998779296875,278.1099853515625,276.9800109863281,277.06500244140625,1629011
2026-06-25 13:45:00-04:00,277.05999755859375,277.07000732421875,276.19000244140625,276.7882080078125,2430593
2026-06-25 14:00:00-04:00,276.7950134277344,278.8599853515625,276.2200012207031,278.2900085449219,2187403
2026-06-25 14:15:00-04:00,278.2799987792969,280.17999267578125,278.07000732421875,279.3450012207031,2196485
2026-06-25 14:30:00-04:00,279.3500061035156,280.2200927734375,278.80999755859375,279.7699890136719,1890503
2026-06-25 14:45:00-04:00,279.739990234375,279.75,279.0299987792969,279.42498779296875,1396703
2026-06-25 15:00:00-04:00,279.42999267578125,279.42999267578125,276.29998779296875,276.5299987792969,2981721
2026-06-25 15:15:00-04:00,276.5299987792969,278.07000732421875,276.0400085449219,276.7250061035156,3102268
2026-06-25 15:30:00-04:00,276.70001220703125,277.05999755859375,275.3299865722656,275.375,4431924
2026-06-25 15:45:00-04:00,275.3599853515625,277.45001220703125,273.8999938964844,275.04998779296875,11193084
2026-06-26 09:30:00-04:00,275.0,278.17999267578125,274.2099914550781,276.8999938964844,7382993
2026-06-26 09:45:00-04:00,276.9200134277344,277.25,275.44000244140625,275.70001220703125,3830859
2026-06-26 10:00:00-04:00,275.7369079589844,278.3500061035156,275.4599914550781,278.19000244140625,3138370
2026-06-26 10:15:00-04:00,278.2099914550781,278.92999267578125,276.94000244140625,278.260009765625,2674582
2026-06-26 10:30:00-04:00,278.2799987792969,280.0,278.0799865722656,279.3550109863281,3237207
2026-06-26 10:45:00-04:00,279.3699951171875,280.2200012207031,278.9200134277344,279.849609375,2421515
2026-06-26 11:00:00-04:00,279.8500061035156,280.4700012207031,279.1700134277344,279.5899963378906,2311100
2026-06-26 11:15:00-04:00,279.5899963378906,280.0,278.3599853515625,279.0299987792969,2414668
2026-06-26 11:30:00-04:00,279.0259094238281,279.45001220703125,277.56500244140625,278.125,4022419
2026-06-26 11:45:00-04:00,278.1300048828125,278.3699951171875,277.0,277.1650085449219,2882801
2026-06-26 12:00:00-04:00,277.17999267578125,277.32000732421875,275.55999755859375,276.0050048828125,2667188
2026-06-26 12:15:00-04:00,276.0050048828125,276.6000061035156,275.25,275.8999938964844,3657845
2026-06-26 12:30:00-04:00,275.8999938964844,278.1600036621094,275.8999938964844,278.1199951171875,2046981
2026-06-26 12:45:00-04:00,278.1050109863281,279.3699951171875,277.92999267578125,278.9100036621094,2445078
2026-06-26 13:00:00-04:00,278.9100036621094,279.3699951171875,278.42999267578125,278.8599853515625,1674372
2026-06-26 13:15:00-04:00,278.8699951171875,279.29998779296875,278.5,279.19500732421875,1804938
2026-06-26 13:30:00-04:00,279.17999267578125,279.8599853515625,279.0199890136719,279.4200134277344,1485854
2026-06-26 13:45:00-04:00,279.4371032714844,279.7200012207031,278.64080810546875,279.19500732421875,1569245
2026-06-26 14:00:00-04:00,279.2099914550781,281.29998779296875,278.8900146484375,281.05010986328125,2840319
2026-06-26 14:15:00-04:00,281.05999755859375,281.2998962402344,279.5,280.19000244140625,2361830
2026-06-26 14:30:00-04:00,280.19500732421875,281.82000732421875,280.0899963378906,281.1700134277344,3219269
2026-06-26 14:45:00-04:00,281.1650085449219,281.3299865722656,280.260009765625,280.7200012207031,3284698
2026-06-26 15:00:00-04:00,280.7149963378906,281.8299865722656,280.3699951171875,281.45001220703125,3833782
2026-06-26 15:15:00-04:00,281.44500732421875,281.82000732421875,279.4100036621094,280.1499938964844,5232321
2026-06-26 15:30:00-04:00,280.1499938964844,281.4200134277344,280.0,281.260009765625,5514668
2026-06-26 15:45:00-04:00,281.25,285.95001220703125,281.010009765625,281.20001220703125,18008359
2026-06-29 09:30:00-04:00,286.8599853515625,288.36968994140625,283.7349853515625,284.0150146484375,4206617
2026-06-29 09:45:00-04:00,284.0400085449219,285.239990234375,283.5220031738281,283.9599914550781,2652751
2026-06-29 10:00:00-04:00,283.9750061035156,284.0400085449219,281.7250061035156,281.82501220703125,1873670
2026-06-29 10:15:00-04:00,281.79998779296875,282.375,280.45001220703125,280.8699951171875,1896421
2026-06-29 10:30:00-04:00,280.8800048828125,282.2900085449219,280.3299865722656,281.5249938964844,2871579
2026-06-29 10:45:00-04:00,281.5400085449219,282.8299865722656,281.2699890136719,281.81500244140625,1808324
2026-06-29 11:00:00-04:00,281.82000732421875,282.19970703125,280.7099914550781,281.95001220703125,2067061
2026-06-29 11:15:00-04:00,281.95001220703125,282.42498779296875,281.5799865722656,282.3301086425781,1119010
2026-06-29 11:30:00-04:00,282.3424987792969,282.75,281.8500061035156,282.67999267578125,1669529
2026-06-29 11:45:00-04:00,282.67999267578125,283.03448486328125,281.4700927734375,281.5050048828125,2046381
2026-06-29 12:00:00-04:00,281.5299987792969,281.6199951171875,280.3500061035156,280.4100036621094,1709471
2026-06-29 12:15:00-04:00,280.4200134277344,281.5,280.2200012207031,280.55999755859375,1978748
2026-06-29 12:30:00-04:00,280.55999755859375,280.79998779296875,279.92999267578125,280.1600036621094,1188548
2026-06-29 12:45:00-04:00,280.17999267578125,280.760009765625,279.875,280.30999755859375,1369030
2026-06-29 13:00:00-04:00,280.32000732421875,280.489990234375,279.8500061035156,280.1000061035156,1337902
2026-06-29 13:15:00-04:00,280.1099853515625,281.5400085449219,280.1099853515625,281.4800109863281,1329036
2026-06-29 13:30:00-04:00,281.4700012207031,281.8900146484375,281.32000732421875,281.5,1039972
2026-06-29 13:45:00-04:00,281.5,282.29998779296875,281.45001220703125,282.0199890136719,1371868
2026-06-29 14:00:00-04:00,282.0299987792969,282.0299987792969,281.0,281.42999267578125,887168
2026-06-29 14:15:00-04:00,281.42999267578125,281.67999267578125,280.8599853515625,281.54998779296875,907515
2026-06-29 14:30:00-04:00,281.54998779296875,282.34991455078125,281.489990234375,282.1499938964844,1555767
2026-06-29 14:45:00-04:00,282.1499938964844,282.2622985839844,281.4549865722656,282.07000732421875,1186318
2026-06-29 15:00:00-04:00,282.07501220703125,283.0775146484375,281.94000244140625,282.6499938964844,1410733
2026-06-29 15:15:00-04:00,282.6499938964844,282.8900146484375,282.29998779296875,282.67999267578125,1501591
2026-06-29 15:30:00-04:00,282.7099914550781,282.739990234375,281.6499938964844,281.7900085449219,2701088
2026-06-29 15:45:00-04:00,281.79998779296875,282.4200134277344,281.4700012207031,281.6300048828125,3843663
2026-06-30 09:30:00-04:00,281.1700134277344,284.84930419921875,280.69500732421875,283.2698974609375,3769429
2026-06-30 09:45:00-04:00,283.2699890136719,285.34368896484375,282.82000732421875,285.30999755859375,2019537
2026-06-30 10:00:00-04:00,285.30999755859375,285.9800109863281,284.739990234375,285.8550109863281,1819219
2026-06-30 10:15:00-04:00,285.8500061035156,286.2898864746094,285.5,286.0249938964844,1498412
2026-06-30 10:30:00-04:00,286.010009765625,286.260009765625,285.260009765625,285.5707092285156,1068286
2026-06-30 10:45:00-04:00,285.5899963378906,287.0799865722656,285.4100036621094,286.9700012207031,2015216
2026-06-30 11:00:00-04:00,286.9800109863281,287.34991455078125,286.6400146484375,286.9599914550781,1136639
2026-06-30 11:15:00-04:00,286.9599914550781,288.6600036621094,286.6199035644531,288.2699890136719,1549461
2026-06-30 11:30:00-04:00,288.2799987792969,289.159912109375,288.1600036621094,288.45001220703125,1328498
2026-06-30 11:45:00-04:00,288.45001220703125,289.3800048828125,288.45001220703125,288.73980712890625,1283489
2026-06-30 12:00:00-04:00,288.739990234375,289.20001220703125,287.80999755859375,288.260009765625,1087894
2026-06-30 12:15:00-04:00,288.260009765625,288.5,287.94171142578125,288.1449890136719,724631
2026-06-30 12:30:00-04:00,288.1600036621094,288.75,288.125,288.7074890136719,790244
2026-06-30 12:45:00-04:00,288.7099914550781,289.2200012207031,288.6199951171875,289.18499755859375,919134
2026-06-30 13:00:00-04:00,289.20001220703125,289.6600036621094,288.9150085449219,289.0,936209
2026-06-30 13:15:00-04:00,288.9800109863281,288.9800109863281,288.32000732421875,288.42999267578125,727482
2026-06-30 13:30:00-04:00,288.44500732421875,288.57501220703125,288.2250061035156,288.375,757837
2026-06-30 13:45:00-04:00,288.3900146484375,288.7200012207031,288.1600036621094,288.4200134277344,693212
2026-06-30 14:00:00-04:00,288.4200134277344,289.19000244140625,288.0899963378906,288.94000244140625,1198860
2026-06-30 14:15:00-04:00,288.92999267578125,289.0,287.8550109863281,288.0899963378906,850140
2026-06-30 14:30:00-04:00,288.0849914550781,288.17999267578125,287.1400146484375,287.4549865722656,1012683
2026-06-30 14:45:00-04:00,287.4501037597656,287.510009765625,286.67999267578125,286.9849853515625,831908
2026-06-30 15:00:00-04:00,286.9700012207031,287.7099914550781,286.9700012207031,287.55059814453125,1175097
2026-06-30 15:15:00-04:00,287.55999755859375,288.1400146484375,287.2749938964844,287.5299987792969,1324853
2026-06-30 15:30:00-04:00,287.5299987792969,288.07000732421875,287.5,287.9100036621094,1438212
2026-06-30 15:45:00-04:00,287.9100036621094,289.9100036621094,287.4200134277344,289.0899963378906,6936703
2026-07-01 09:30:00-04:00,293.3299865722656,293.3949890136719,290.3299865722656,291.1199951171875,3939465
2026-07-01 09:45:00-04:00,291.0,292.64990234375,289.19500732421875,292.5,1943971
2026-07-01 10:00:00-04:00,292.510009765625,293.19000244140625,291.6343994140625,292.95001220703125,1487179
2026-07-01 10:15:00-04:00,292.9400939941406,293.4798889160156,291.94000244140625,293.05999755859375,1384807
2026-07-01 10:30:00-04:00,293.05999755859375,294.8399963378906,292.7300109863281,294.8299865722656,1559178
2026-07-01 10:45:00-04:00,294.82000732421875,295.0799865722656,294.0,294.6400146484375,2200269
2026-07-01 11:00:00-04:00,294.635009765625,295.3500061035156,294.2850036621094,294.6099853515625,1099938
2026-07-01 11:15:00-04:00,294.6099853515625,296.5899963378906,294.510009765625,295.751708984375,1906555
2026-07-01 11:30:00-04:00,295.7799987792969,295.7900085449219,294.7250061035156,294.94000244140625,1135569
2026-07-01 11:45:00-04:00,294.94000244140625,295.4200134277344,294.6300048828125,295.239990234375,870993
2026-07-01 12:00:00-04:00,295.25,295.7099914550781,295.0400085449219,295.2850036621094,741802
2026-07-01 12:15:00-04:00,295.2699890136719,295.4649963378906,294.9200134277344,294.94500732421875,656566
2026-07-01 12:30:00-04:00,294.94500732421875,295.0599060058594,294.2701110839844,294.6000061035156,785219
2026-07-01 12:45:00-04:00,294.6000061035156,294.8500061035156,294.1099853515625,294.2300109863281,975992
2026-07-01 13:00:00-04:00,294.2300109863281,294.6099853515625,293.9200134277344,294.44500732421875,1059466
2026-07-01 13:15:00-04:00,294.44500732421875,294.44500732421875,293.94000244140625,294.0899963378906,745748
2026-07-01 13:30:00-04:00,294.0799865722656,294.6000061035156,293.9200134277344,294.1050109863281,659799
2026-07-01 13:45:00-04:00,294.1099853515625,294.989990234375,293.1099853515625,293.7149963378906,2012236
2026-07-01 14:00:00-04:00,293.7300109863281,294.8399963378906,292.70001220703125,294.54998779296875,1837267
2026-07-01 14:15:00-04:00,294.57501220703125,295.1000061035156,294.31500244140625,294.80499267578125,993028
2026-07-01 14:30:00-04:00,294.80999755859375,295.5299987792969,294.7200012207031,295.3699951171875,1158383
2026-07-01 14:45:00-04:00,295.3599853515625,295.4599914550781,294.67999267578125,294.7200012207031,1032212
2026-07-01 15:00:00-04:00,294.7300109863281,294.94000244140625,294.4200134277344,294.55999755859375,988456
2026-07-01 15:15:00-04:00,294.57000732421875,294.8396911621094,294.0,294.0151062011719,1227693
2026-07-01 15:30:00-04:00,294.0,294.3500061035156,293.95001220703125,294.2099914550781,1510420
2026-07-01 15:45:00-04:00,294.20001220703125,295.54998779296875,293.7500915527344,294.25,4721233
2026-07-02 09:30:00-04:00,294.0849914550781,301.1400146484375,293.67999267578125,300.3500061035156,4635901
2026-07-02 09:45:00-04:00,300.3800048828125,302.80999755859375,300.3800048828125,302.80999755859375,4738509
2026-07-02 10:00:00-04:00,302.8500061035156,304.5199890136719,302.6188049316406,303.7300109863281,3255379
2026-07-02 10:15:00-04:00,303.7449951171875,305.32000732421875,303.5899963378906,305.04998779296875,2958487
2026-07-02 10:30:00-04:00,305.04400634765625,306.6398010253906,304.8500061035156,306.4200134277344,3218871
2026-07-02 10:45:00-04:00,306.4200134277344,307.0400085449219,305.30010986328125,306.87799072265625,2785450
2026-07-02 11:00:00-04:00,306.8999938964844,307.82000732421875,305.4100036621094,307.41448974609375,3117619
2026-07-02 11:15:00-04:00,307.44000244140625,307.44000244140625,305.2799987792969,305.4150085449219,2199416
2026-07-02 11:30:00-04:00,305.4200134277344,306.8999938964844,305.4200134277344,305.67498779296875,1619967
2026-07-02 11:45:00-04:00,305.7300109863281,306.1199951171875,305.2799987792969,305.625,1305109
2026-07-02 12:00:00-04:00,305.6400146484375,307.0849914550781,305.6105041503906,307.0544128417969,1644868
2026-07-02 12:15:00-04:00,307.0450134277344,308.45001220703125,306.95001220703125,308.0899963378906,2630702
2026-07-02 12:30:00-04:00,308.0899963378906,308.4800109863281,307.04998779296875,307.45001220703125,1854110
2026-07-02 12:45:00-04:00,307.4501037597656,308.5299072265625,306.6700134277344,308.30999755859375,1760509
2026-07-02 13:00:00-04:00,308.29998779296875,308.45001220703125,307.0899963378906,308.2099914550781,1765007
2026-07-02 13:15:00-04:00,308.2099914550781,308.31988525390625,307.260009765625,307.80499267578125,1275073
2026-07-02 13:30:00-04:00,307.80499267578125,308.17999267578125,307.4200134277344,308.17999267578125,1306022
2026-07-02 13:45:00-04:00,308.1700134277344,308.29998779296875,307.10009765625,307.32000732421875,1576661
2026-07-02 14:00:00-04:00,307.3500061035156,307.82000732421875,307.1449890136719,307.6400146484375,1337055
2026-07-02 14:15:00-04:00,307.65008544921875,307.79998779296875,306.8200988769531,307.3299865722656,1330412
2026-07-02 14:30:00-04:00,307.3399963378906,307.8999938964844,307.1300048828125,307.54998779296875,1572539
2026-07-02 14:45:00-04:00,307.54998779296875,308.1000061035156,307.3500061035156,307.6449890136719,1118455
2026-07-02 15:00:00-04:00,307.6449890136719,308.30999755859375,307.3800048828125,307.7900085449219,1332226
2026-07-02 15:15:00-04:00,307.7799987792969,308.04998779296875,307.2601013183594,307.42498779296875,1427355
2026-07-02 15:30:00-04:00,307.44000244140625,308.510009765625,307.31500244140625,307.9800109863281,2141007
2026-07-02 15:45:00-04:00,307.9800109863281,309.4200134277344,307.2099914550781,308.2200012207031,6519605
2026-07-06 09:30:00-04:00,307.67999267578125,309.9100036621094,307.010009765625,309.2900085449219,4296993
2026-07-06 09:45:00-04:00,309.3399963378906,309.95001220703125,308.3999938964844,309.6300048828125,1773303
2026-07-06 10:00:00-04:00,309.6300048828125,309.9898986816406,308.8699951171875,309.8599853515625,1642794
2026-07-06 10:15:00-04:00,309.8699951171875,311.75,309.4800109863281,311.7300109863281,2499785
2026-07-06 10:30:00-04:00,311.70001220703125,311.8399963378906,311.2101135253906,311.3999938964844,1721559
2026-07-06 10:45:00-04:00,311.3999938964844,312.5799865722656,311.260009765625,312.5201110839844,1408668
2026-07-06 11:00:00-04:00,312.54998779296875,313.2099914550781,312.4599914550781,312.875,1449152
2026-07-06 11:15:00-04:00,312.8699951171875,313.6000061035156,312.6610107421875,313.5799865722656,1670949
2026-07-06 11:30:00-04:00,313.5849914550781,314.1199951171875,313.3599853515625,314.0899963378906,1327726
2026-07-06 11:45:00-04:00,314.1050109863281,314.20001220703125,313.3800048828125,313.70001220703125,1123940
2026-07-06 12:00:00-04:00,313.6400146484375,313.7900085449219,312.82000732421875,313.010009765625,1521135
2026-07-06 12:15:00-04:00,313.0150146484375,313.0199890136719,312.2300109863281,312.25,844614
2026-07-06 12:30:00-04:00,312.2449951171875,312.75,311.8500061035156,312.57000732421875,4156676
2026-07-06 12:45:00-04:00,312.55999755859375,312.9800109863281,312.44000244140625,312.5400085449219,711963
2026-07-06 13:00:00-04:00,312.5350036621094,312.8999938964844,312.3299865722656,312.7305908203125,658895
2026-07-06 13:15:00-04:00,312.7301025390625,312.9100036621094,312.360107421875,312.3800048828125,745239
2026-07-06 13:30:00-04:00,312.3876037597656,312.5849914550781,312.1099853515625,312.3999938964844,699264
2026-07-06 13:45:00-04:00,312.3900146484375,312.7349853515625,312.29998779296875,312.7200927734375,536519
2026-07-06 14:00:00-04:00,312.7300109863281,312.9599914550781,312.4100036621094,312.9200134277344,598943
2026-07-06 14:15:00-04:00,312.92498779296875,313.14990234375,312.7749938964844,313.07000732421875,666518
2026-07-06 14:30:00-04:00,313.0799865722656,313.4750061035156,312.9100036621094,313.2799987792969,833694
2026-07-06 14:45:00-04:00,313.2850036621094,313.46881103515625,313.0450134277344,313.2900085449219,702851
2026-07-06 15:00:00-04:00,313.29998779296875,313.3900146484375,312.989990234375,313.20001220703125,942364
2026-07-06 15:15:00-04:00,313.2049865722656,313.55999755859375,313.0199890136719,313.3999938964844,972974
2026-07-06 15:30:00-04:00,313.4150085449219,313.739990234375,313.3500061035156,313.614990234375,1024003
2026-07-06 15:45:00-04:00,313.61090087890625,313.69000244140625,312.04998779296875,312.80999755859375,3964388
2026-07-07 09:30:00-04:00,315.2900085449219,315.4800109863281,310.1499938964844,312.0899963378906,4038324
2026-07-07 09:45:00-04:00,312.07000732421875,312.8299865722656,311.1000061035156,311.5799865722656,1345322
2026-07-07 10:00:00-04:00,311.6000061035156,312.5498962402344,311.1099853515625,311.8699951171875,1815490
2026-07-07 10:15:00-04:00,311.860107421875,312.2650146484375,311.20001220703125,311.45001220703125,1746094
2026-07-07 10:30:00-04:00,311.45001220703125,313.42999267578125,310.989990234375,312.57000732421875,2176057
2026-07-07 10:45:00-04:00,312.5799865722656,313.0199890136719,312.010009765625,312.7799987792969,902983
2026-07-07 11:00:00-04:00,312.80499267578125,313.8800048828125,312.67498779296875,313.32000732421875,903105
2026-07-07 11:15:00-04:00,313.32501220703125,314.1300048828125,313.1401062011719,314.0799865722656,1222626
2026-07-07 11:30:00-04:00,314.1025085449219,314.4200134277344,313.739990234375,314.3900146484375,1580038
2026-07-07 11:45:00-04:00,314.3700866699219,314.7300109863281,314.1400146484375,314.2900085449219,1824284
2026-07-07 12:00:00-04:00,314.2699890136719,314.364990234375,313.1199951171875,313.1199951171875,1154787
2026-07-07 12:15:00-04:00,313.12109375,314.05999755859375,312.67999267578125,313.1700134277344,1377331
2026-07-07 12:30:00-04:00,313.1400146484375,313.8999938964844,312.7799987792969,313.614990234375,727160
2026-07-07 12:45:00-04:00,313.6300048828125,314.010009765625,313.5400085449219,313.6099853515625,616288
2026-07-07 13:00:00-04:00,313.6099853515625,313.6199951171875,312.2701110839844,312.80499267578125,843541
2026-07-07 13:15:00-04:00,312.80499267578125,313.239990234375,312.70001220703125,312.8399963378906,607530
2026-07-07 13:30:00-04:00,312.82000732421875,313.0,312.55999755859375,312.7200012207031,566560
2026-07-07 13:45:00-04:00,312.7200012207031,312.93499755859375,311.8699035644531,311.8800048828125,595272
2026-07-07 14:00:00-04:00,311.8599853515625,312.4200134277344,311.8500061035156,312.1650085449219,853897
2026-07-07 14:15:00-04:00,312.1650085449219,312.7200012207031,311.92999267578125,312.61920166015625,625629
2026-07-07 14:30:00-04:00,312.6199951171875,313.17999267578125,312.30999755859375,313.0350036621094,758622
2026-07-07 14:45:00-04:00,313.0400085449219,313.0799865722656,311.8599853515625,312.0050048828125,994800
2026-07-07 15:00:00-04:00,312.0299987792969,312.5098876953125,311.55999755859375,311.8799133300781,1163238
2026-07-07 15:15:00-04:00,311.8800048828125,312.2699890136719,311.55999755859375,311.8949890136719,1344015
2026-07-07 15:30:00-04:00,311.8999938964844,312.32000732421875,311.55499267578125,311.7250061035156,1006990
2026-07-07 15:45:00-04:00,311.7250061035156,312.0784912109375,310.3299865722656,310.6600036621094,10955583
2026-07-08 09:30:00-04:00,311.6600036621094,312.0,307.82000732421875,307.9158020019531,3587606
2026-07-08 09:45:00-04:00,307.9150085449219,309.6401062011719,307.051513671875,309.1300048828125,1409898
2026-07-08 10:00:00-04:00,309.1499938964844,310.239990234375,308.4200134277344,309.92498779296875,1254960
2026-07-08 10:15:00-04:00,309.9110107421875,310.6600036621094,308.8059997558594,308.8500061035156,1350312
2026-07-08 10:30:00-04:00,308.82000732421875,310.4609069824219,308.7749938964844,310.2699890136719,1100654
2026-07-08 10:45:00-04:00,310.2550048828125,310.55999755859375,308.70001220703125,308.8800048828125,1079699
2026-07-08 11:00:00-04:00,308.8800048828125,310.260009765625,308.760009765625,309.9700012207031,986591
2026-07-08 11:15:00-04:00,309.95001220703125,310.8500061035156,309.8900146484375,310.06500244140625,982431
2026-07-08 11:30:00-04:00,310.0799865722656,310.1199951171875,309.31500244140625,309.55999755859375,781257
2026-07-08 11:45:00-04:00,309.55499267578125,310.45001220703125,309.4599914550781,310.2250061035156,742485
2026-07-08 12:00:00-04:00,310.25,311.2149963378906,310.0849914550781,310.4849853515625,881007
2026-07-08 12:15:00-04:00,310.489990234375,311.7900085449219,310.489990234375,311.6000061035156,1083725
2026-07-08 12:30:00-04:00,311.6000061035156,312.2900085449219,311.3399963378906,312.2099914550781,1099775
2026-07-08 12:45:00-04:00,312.2099914550781,313.3399963378906,312.1099853515625,313.1000061035156,1172278
2026-07-08 13:00:00-04:00,313.1299133300781,314.0799865722656,313.010009765625,313.8900146484375,1287526
2026-07-08 13:15:00-04:00,313.885009765625,314.19000244140625,313.2449951171875,314.1199035644531,1069470
2026-07-08 13:30:00-04:00,314.1300048828125,314.57000732421875,313.9100036621094,314.4849853515625,1346358
2026-07-08 13:45:00-04:00,314.4800109863281,314.635009765625,311.150390625,314.3900146484375,1248405
2026-07-08 14:00:00-04:00,314.3999938964844,314.80999755859375,314.20001220703125,314.55999755859375,965212
2026-07-08 14:15:00-04:00,314.57000732421875,314.625,314.1000061035156,314.125,734822
2026-07-08 14:30:00-04:00,314.125,314.2200012207031,313.739990234375,313.95001220703125,837017
2026-07-08 14:45:00-04:00,313.94000244140625,314.3999938964844,313.8399963378906,313.8949890136719,808757
2026-07-08 15:00:00-04:00,313.8949890136719,314.19720458984375,313.7200012207031,313.93499755859375,934674
2026-07-08 15:15:00-04:00,313.92999267578125,314.0799865722656,313.6499938964844,313.81500244140625,897499
2026-07-08 15:30:00-04:00,313.81500244140625,314.20001220703125,313.1000061035156,313.1000061035156,1162510
2026-07-08 15:45:00-04:00,313.1000061035156,313.9599914550781,312.75,313.260009765625,3623998
2026-07-09 09:30:00-04:00,310.44500732421875,312.07000732421875,308.1600036621094,310.885009765625,3624446
2026-07-09 09:45:00-04:00,310.8500061035156,311.8599853515625,310.65008544921875,310.9750061035156,1524024
2026-07-09 10:00:00-04:00,310.9945068359375,311.94500732421875,310.1600036621094,310.8550109863281,1337873
2026-07-09 10:15:00-04:00,310.8500061035156,312.29998779296875,310.3900146484375,312.0899963378906,1114973
2026-07-09 10:30:00-04:00,312.07000732421875,312.3999938964844,311.5199890136719,311.6199951171875,1095056
2026-07-09 10:45:00-04:00,311.6099853515625,311.7200012207031,310.7012023925781,311.55999755859375,742269
2026-07-09 11:00:00-04:00,311.54998779296875,312.4599914550781,311.510009765625,312.43499755859375,831243
2026-07-09 11:15:00-04:00,312.43499755859375,314.8500061035156,312.4200134277344,314.4599914550781,1410396
2026-07-09 11:30:00-04:00,314.46990966796875,315.0199890136719,314.29998779296875,314.6050109863281,1039357
2026-07-09 11:45:00-04:00,314.6199951171875,314.92999267578125,314.4700012207031,314.7699890136719,5394175
2026-07-09 12:00:00-04:00,314.7900085449219,315.2200012207031,314.239990234375,314.5000915527344,1055741
2026-07-09 12:15:00-04:00,314.5199890136719,315.2200012207031,314.1000061035156,314.8999938964844,995766
2026-07-09 12:30:00-04:00,314.90008544921875,315.5,314.8599853515625,315.0,933745
2026-07-09 12:45:00-04:00,314.989990234375,315.1199951171875,314.4200134277344,314.7099914550781,1296405
2026-07-09 13:00:00-04:00,314.71051025390625,315.17999267578125,314.6075134277344,315.04998779296875,1493911
2026-07-09 13:15:00-04:00,315.04998779296875,315.0799865722656,314.30999755859375,314.7214050292969,828733
2026-07-09 13:30:00-04:00,314.7235107421875,314.8599853515625,314.43011474609375,314.8599853515625,1869507
2026-07-09 13:45:00-04:00,314.8599853515625,315.0799865722656,314.6099853515625,314.9800109863281,584710
2026-07-09 14:00:00-04:00,314.989990234375,315.31988525390625,314.4800109863281,314.7950134277344,928966
2026-07-09 14:15:00-04:00,314.7799987792969,314.9049987792969,314.2349853515625,314.55999755859375,704936
2026-07-09 14:30:00-04:00,314.55999755859375,314.7799987792969,314.3800048828125,314.69000244140625,771047
2026-07-09 14:45:00-04:00,314.6700134277344,314.7799987792969,314.25,314.44000244140625,619483
2026-07-09 15:00:00-04:00,314.44000244140625,315.1600036621094,314.4049987792969,315.1499938964844,643542
2026-07-09 15:15:00-04:00,315.1499938964844,315.69000244140625,315.1400146484375,315.4100036621094,1024209
2026-07-09 15:30:00-04:00,315.4200134277344,316.19000244140625,315.3900146484375,316.1394958496094,1225245
2026-07-09 15:45:00-04:00,316.1297912597656,316.5299987792969,315.67999267578125,316.17999267578125,2930579
2026-07-10 09:30:00-04:00,314.7200012207031,316.3900146484375,313.2099914550781,314.7349853515625,3077854
2026-07-10 09:45:00-04:00,314.7550048828125,315.17999267578125,314.0199890136719,314.3005065917969,1216355
2026-07-10 10:00:00-04:00,314.29998779296875,314.760009765625,313.4150085449219,313.7699890136719,1028205
2026-07-10 10:15:00-04:00,313.75,313.95001220703125,312.93011474609375,313.1300048828125,1024039
2026-07-10 10:30:00-04:00,313.1199951171875,313.3900146484375,312.1700134277344,312.9649963378906,1674713
2026-07-10 10:45:00-04:00,312.94000244140625,313.92999267578125,312.6499938964844,313.760009765625,932758
2026-07-10 11:00:00-04:00,313.7799987792969,314.1099853515625,313.0,313.8699951171875,879017
2026-07-10 11:15:00-04:00,313.885009765625,314.1000061035156,313.32000732421875,313.3399963378906,684185
2026-07-10 11:30:00-04:00,313.3500061035156,313.80999755859375,312.91009521484375,313.17999267578125,783876
2026-07-10 11:45:00-04:00,313.1700134277344,313.4700012207031,312.32000732421875,313.2300109863281,710095
2026-07-10 12:00:00-04:00,313.25,314.239990234375,313.05999755859375,314.19158935546875,610638
2026-07-10 12:15:00-04:00,314.2300109863281,314.5140075683594,314.05010986328125,314.3550109863281,483640
2026-07-10 12:30:00-04:00,314.3699951171875,314.6400146484375,313.94000244140625,314.4601135253906,500966
2026-07-10 12:45:00-04:00,314.4400939941406,314.7799987792969,314.3599853515625,314.70001220703125,404291
2026-07-10 13:00:00-04:00,314.7099914550781,314.739990234375,314.14990234375,314.2799987792969,402641
2026-07-10 13:15:00-04:00,314.2749938964844,314.54400634765625,314.2200012207031,314.4599914550781,393670
2026-07-10 13:30:00-04:00,314.4700012207031,314.55999755859375,313.8999938964844,313.9100036621094,366061
2026-07-10 13:45:00-04:00,313.8902893066406,314.4800109863281,313.8902893066406,314.1300048828125,331656
2026-07-10 14:00:00-04:00,314.1700134277344,314.3699951171875,314.010009765625,314.1700134277344,415539
2026-07-10 14:15:00-04:00,314.1600036621094,314.8900146484375,314.1600036621094,314.840087890625,417493
2026-07-10 14:30:00-04:00,314.8599853515625,314.9800109863281,314.739990234375,314.9549865722656,408092
2026-07-10 14:45:00-04:00,314.9556884765625,315.3999938964844,314.9314880371094,315.2699890136719,1356829
2026-07-10 15:00:00-04:00,315.2699890136719,316.1400146484375,315.2300109863281,316.0199890136719,847303
2026-07-10 15:15:00-04:00,316.0150146484375,316.4798889160156,315.92181396484375,316.1600036621094,964160
2026-07-10 15:30:00-04:00,316.1499938964844,316.9100036621094,316.04998779296875,316.6600036621094,1527397
2026-07-10 15:45:00-04:00,316.6600036621094,316.7699890136719,314.7799987792969,315.32989501953125,2462225
2026-07-13 09:30:00-04:00,317.0150146484375,322.4999084472656,316.45001220703125,322.42999267578125,6301363
2026-07-13 09:45:00-04:00,322.42999267578125,323.45001220703125,320.510009765625,321.2149963378906,2765562
2026-07-13 10:00:00-04:00,321.2200012207031,321.79998779296875,320.6300048828125,321.19000244140625,1527313
2026-07-13 10:15:00-04:00,321.1700134277344,321.45989990234375,319.3299865722656,320.19000244140625,1562236
2026-07-13 10:30:00-04:00,320.2099914550781,320.2950134277344,318.6300048828125,318.7699890136719,1030377
2026-07-13 10:45:00-04:00,318.777587890625,319.55999755859375,318.3699951171875,319.07000732421875,1125005
2026-07-13 11:00:00-04:00,319.1400146484375,319.2200012207031,317.8900146484375,317.9200134277344,877386
2026-07-13 11:15:00-04:00,317.9200134277344,318.1600036621094,316.8500061035156,317.2200012207031,961429
2026-07-13 11:30:00-04:00,317.2200012207031,317.2300109863281,316.0899963378906,316.44000244140625,1032174
2026-07-13 11:45:00-04:00,316.4410095214844,317.25,316.4200134277344,317.1199951171875,919828
2026-07-13 12:00:00-04:00,317.1000061035156,317.8999938964844,316.79998779296875,317.6650085449219,1017345
2026-07-13 12:15:00-04:00,317.6600036621094,317.7099914550781,316.8599853515625,317.3699951171875,759404
2026-07-13 12:30:00-04:00,317.3399963378906,317.44000244140625,315.92999267578125,316.4800109863281,1029159
2026-07-13 12:45:00-04:00,316.5150146484375,316.82000732421875,316.17999267578125,316.6000061035156,520336
2026-07-13 13:00:00-04:00,316.6650085449219,316.7300109863281,316.0199890136719,316.1000061035156,532426
2026-07-13 13:15:00-04:00,316.0950012207031,316.5799865722656,315.7799987792969,316.4700012207031,1533343
2026-07-13 13:30:00-04:00,316.489990234375,316.6700134277344,316.1199951171875,316.3999938964844,647006
2026-07-13 13:45:00-04:00,316.3949890136719,316.75,316.0299987792969,316.1549987792969,552523
2026-07-13 14:00:00-04:00,316.1700134277344,316.5400085449219,315.8999938964844,316.3299865722656,586253
2026-07-13 14:15:00-04:00,316.31500244140625,316.8450012207031,316.1499938964844,316.84051513671875,571258
2026-07-13 14:30:00-04:00,316.8599853515625,317.1000061035156,316.6400146484375,316.94000244140625,614708
2026-07-13 14:45:00-04:00,316.9599914550781,317.4800109863281,316.92999267578125,317.1600036621094,1690288
2026-07-13 15:00:00-04:00,317.17999267578125,317.5199890136719,316.1700134277344,316.2900085449219,952226
2026-07-13 15:15:00-04:00,316.2699890136719,317.1300048828125,316.2300109863281,316.3299865722656,871281
2026-07-13 15:30:00-04:00,316.32501220703125,316.9100036621094,316.04998779296875,316.8500061035156,955301
2026-07-13 15:45:00-04:00,316.8399963378906,317.739990234375,316.7099914550781,317.4200134277344,3070381
2026-07-14 09:30:00-04:00,313.6400146484375,315.68499755859375,311.9100036621094,314.79998779296875,3461139
2026-07-14 09:45:00-04:00,314.7799987792969,315.6000061035156,313.0299987792969,314.489990234375,1230129
2026-07-14 10:00:00-04:00,314.4700012207031,314.5199890136719,313.0700988769531,314.260009765625,1393869
2026-07-14 10:15:00-04:00,314.260009765625,315.1499938964844,313.364990234375,314.9419860839844,868877
2026-07-14 10:30:00-04:00,314.95001220703125,316.19000244140625,314.7099914550781,315.4849853515625,2336297
2026-07-14 10:45:00-04:00,315.4700012207031,315.5199890136719,314.0205078125,314.9501037597656,842290
2026-07-14 11:00:00-04:00,315.0,316.04998779296875,314.7900085449219,315.6600036621094,729648
2026-07-14 11:15:00-04:00,315.6600036621094,315.84991455078125,314.260009765625,314.29998779296875,702761
2026-07-14 11:30:00-04:00,314.32000732421875,314.8699951171875,313.79998779296875,314.45001220703125,881668
2026-07-14 11:45:00-04:00,314.44000244140625,314.510009765625,313.20001220703125,313.260009765625,844094
2026-07-14 12:00:00-04:00,313.2850036621094,314.239990234375,312.8699951171875,314.06500244140625,792857
2026-07-14 12:15:00-04:00,314.06500244140625,314.0799865722656,312.8699951171875,313.2699890136719,650048
2026-07-14 12:30:00-04:00,313.260009765625,313.8699951171875,313.1099853515625,313.4700012207031,638877
2026-07-14 12:45:00-04:00,313.4800109863281,314.2200012207031,313.3999938964844,314.1199951171875,690152
2026-07-14 13:00:00-04:00,314.1199951171875,314.9700012207031,313.8999938964844,314.42999267578125,789581
2026-07-14 13:15:00-04:00,314.44000244140625,314.95001220703125,314.25,314.8699951171875,527925
2026-07-14 13:30:00-04:00,314.8900146484375,315.0199890136719,314.5899963378906,314.7749938964844,489180
2026-07-14 13:45:00-04:00,314.7749938964844,315.2349853515625,314.6199951171875,315.17999267578125,486841
2026-07-14 14:00:00-04:00,315.20001220703125,315.3900146484375,315.0400085449219,315.2550048828125,444515
2026-07-14 14:15:00-04:00,315.260009765625,315.2699890136719,314.8599853515625,315.2200012207031,508582
2026-07-14 14:30:00-04:00,315.2200012207031,315.44000244140625,314.82000732421875,315.18499755859375,542718
2026-07-14 14:45:00-04:00,315.18499755859375,315.6000061035156,315.0400085449219,315.4800109863281,519686
2026-07-14 15:00:00-04:00,315.4849853515625,315.8699951171875,315.1300048828125,315.4100036621094,647290
2026-07-14 15:15:00-04:00,315.4198913574219,315.8500061035156,315.32000732421875,315.7049865722656,515145
2026-07-14 15:30:00-04:00,315.7049865722656,315.760009765625,315.1499938964844,315.34979248046875,849777
2026-07-14 15:45:00-04:00,315.3399963378906,315.70001220703125,314.5899963378906,314.9200134277344,2167118
2026-07-15 09:30:00-04:00,317.625,321.19500732421875,317.32000732421875,321.1700134277344,3454516
2026-07-15 09:45:00-04:00,321.1700134277344,321.8179931640625,319.9200134277344,320.7650146484375,3245597
2026-07-15 10:00:00-04:00,320.7900085449219,324.9800109863281,320.75,324.7862854003906,3631865
2026-07-15 10:15:00-04:00,324.7799987792969,325.67999267578125,324.25,324.7099914550781,3219356
2026-07-15 10:30:00-04:00,324.7099914550781,325.0849914550781,323.5400085449219,324.1600036621094,2245348
2026-07-15 10:45:00-04:00,324.20001220703125,325.3999938964844,323.681396484375,323.9100036621094,1581021
2026-07-15 11:00:00-04:00,323.9150085449219,324.3699951171875,323.5400085449219,324.2300109863281,1081005
2026-07-15 11:15:00-04:00,324.2449951171875,325.67999267578125,324.0199890136719,325.6199951171875,1370640
2026-07-15 11:30:00-04:00,325.6099853515625,327.1000061035156,325.1600036621094,326.57000732421875,2006929
2026-07-15 11:45:00-04:00,326.5751037597656,327.0199890136719,325.2149963378906,326.2799987792969,1383520
2026-07-15 12:00:00-04:00,326.2900085449219,327.3599853515625,326.2549133300781,327.1700134277344,1478769
2026-07-15 12:15:00-04:00,327.17498779296875,328.5299987792969,327.0869140625,328.1700134277344,2446506
2026-07-15 12:30:00-04:00,328.1600036621094,328.5,327.30999755859375,328.20001220703125,2106487
2026-07-15 12:45:00-04:00,328.17999267578125,328.3399963378906,327.3599853515625,327.9599914550781,1381039
2026-07-15 13:00:00-04:00,327.9700012207031,328.05999755859375,326.4599914550781,326.6400146484375,1285045
2026-07-15 13:15:00-04:00,326.6000061035156,327.2099914550781,325.9700012207031,326.989990234375,1194731
2026-07-15 13:30:00-04:00,327.0,328.0,326.6499938964844,327.2275085449219,1136482
2026-07-15 13:45:00-04:00,327.2250061035156,327.7099914550781,327.19000244140625,327.5851135253906,1026413
2026-07-15 14:00:00-04:00,327.5899963378906,327.6700134277344,327.1600036621094,327.6099853515625,851445
2026-07-15 14:15:00-04:00,327.6000061035156,327.8599853515625,327.2099914550781,327.7900085449219,882007
2026-07-15 14:30:00-04:00,327.7799987792969,327.8500061035156,327.4700012207031,327.6549987792969,717863
2026-07-15 14:45:00-04:00,327.6400146484375,327.70001220703125,327.0799865722656,327.5249938964844,990612
2026-07-15 15:00:00-04:00,327.5400085449219,328.7200012207031,327.4599914550781,327.8399963378906,1570521
2026-07-15 15:15:00-04:00,327.80999755859375,327.9898986816406,326.8599853515625,327.05999755859375,1267321
2026-07-15 15:30:00-04:00,327.0400085449219,327.07000732421875,325.8599853515625,325.8699951171875,2902884
2026-07-15 15:45:00-04:00,325.8900146484375,328.3500061035156,325.7200012207031,327.57000732421875,5115238
2026-07-16 09:30:00-04:00,328.0050048828125,328.9800109863281,326.7900085449219,327.8550109863281,4686533
2026-07-16 09:45:00-04:00,327.885009765625,331.1499938964844,327.7900085449219,331.1499938964844,3936026
2026-07-16 10:00:00-04:00,331.07501220703125,331.4100036621094,327.8900146484375,328.752197265625,2661650
2026-07-16 10:15:00-04:00,328.67010498046875,330.6099853515625,328.3399963378906,330.3699951171875,1518759
2026-07-16 10:30:00-04:00,330.3399963378906,331.1499938964844,330.19000244140625,330.7049865722656,1571614
2026-07-16 10:45:00-04:00,330.69000244140625,330.8900146484375,329.7749938964844,330.20001220703125,1120259
2026-07-16 11:00:00-04:00,330.17999267578125,330.614990234375,329.3500061035156,330.4700012207031,1080768
2026-07-16 11:15:00-04:00,330.4649963378906,330.92498779296875,329.82049560546875,330.6300048828125,1514915
2026-07-16 11:30:00-04:00,330.65008544921875,331.6499938964844,330.4800109863281,331.2892150878906,1076644
2026-07-16 11:45:00-04:00,331.30499267578125,332.2799987792969,331.2300109863281,331.8500061035156,1252282
2026-07-16 12:00:00-04:00,331.8550109863281,331.95001220703125,330.6000061035156,330.69000244140625,1360716
2026-07-16 12:15:00-04:00,330.6499938964844,331.4599914550781,327.5,331.1400146484375,917229
2026-07-16 12:30:00-04:00,331.1899108886719,331.3999938964844,329.8599853515625,330.43798828125,990678
2026-07-16 12:45:00-04:00,330.4200134277344,332.0799865722656,330.3299865722656,332.0799865722656,2340635
2026-07-16 13:00:00-04:00,332.05499267578125,332.3699951171875,331.7200012207031,331.7749938964844,1070109
2026-07-16 13:15:00-04:00,331.7799987792969,332.9700012207031,331.7200012207031,332.8999938964844,1288074
2026-07-16 13:30:00-04:00,332.898193359375,333.54998779296875,332.2900085449219,332.3500061035156,1588746
2026-07-16 13:45:00-04:00,332.3599853515625,332.510009765625,330.7850036621094,331.635009765625,1857156
2026-07-16 14:00:00-04:00,331.6600036621094,331.82000732421875,329.55999755859375,329.639892578125,1459906
2026-07-16 14:15:00-04:00,329.6400146484375,332.0,329.3399963378906,331.260009765625,1893004
2026-07-16 14:30:00-04:00,331.239990234375,332.0899963378906,330.9100036621094,331.9599914550781,1074392
2026-07-16 14:45:00-04:00,331.9549865722656,333.510009765625,331.8399963378906,333.17999267578125,2021575
2026-07-16 15:00:00-04:00,333.17999267578125,334.67999267578125,333.010009765625,334.19500732421875,2394716
2026-07-16 15:15:00-04:00,334.19000244140625,334.3599853515625,332.9700012207031,332.989990234375,2484627
2026-07-16 15:30:00-04:00,333.0,333.1199951171875,332.1000061035156,332.2799987792969,2355196
2026-07-16 15:45:00-04:00,332.2799987792969,333.70001220703125,330.7699890136719,333.2699890136719,5848809
2026-07-17 09:30:00-04:00,331.9800109863281,334.9800109863281,331.2950134277344,333.8399963378906,9504764
2026-07-17 09:45:00-04:00,333.8901062011719,334.3999938964844,330.8900146484375,330.9800109863281,2808925
2026-07-17 10:00:00-04:00,330.94000244140625,330.989990234375,329.0006103515625,330.5086975097656,2524373
2026-07-17 10:15:00-04:00,330.42999267578125,331.8500061035156,329.8399963378906,331.8399963378906,1706492
2026-07-17 10:30:00-04:00,331.8800048828125,333.9700012207031,331.8500061035156,333.07000732421875,2346822
2026-07-17 10:45:00-04:00,333.07000732421875,333.5899963378906,331.9100036621094,333.1700134277344,1426565
2026-07-17 11:00:00-04:00,333.17999267578125,333.989990234375,332.510009765625,333.80499267578125,1332251
2026-07-17 11:15:00-04:00,333.7699890136719,334.7666931152344,333.3699951171875,334.6549987792969,1428151
2026-07-17 11:30:00-04:00,334.6698913574219,334.8699035644531,333.2099914550781,333.7099914550781,1396365
2026-07-17 11:45:00-04:00,333.739990234375,333.739990234375,332.0199890136719,332.3500061035156,1515932
2026-07-17 12:00:00-04:00,332.3699951171875,332.375,330.0,330.30499267578125,2158281
2026-07-17 12:15:00-04:00,330.3399963378906,331.92498779296875,330.30999755859375,331.7449951171875,1182324
2026-07-17 12:30:00-04:00,331.7200012207031,332.3699951171875,331.4800109863281,332.2550048828125,928427
2026-07-17 12:45:00-04:00,332.2650146484375,333.5,330.45001220703125,330.5101013183594,1927782
2026-07-17 13:00:00-04:00,330.510009765625,330.79998779296875,329.4200134277344,329.4849853515625,1764177
2026-07-17 13:15:00-04:00,329.4849853515625,330.8500061035156,329.1600036621094,330.5400085449219,1653963
2026-07-17 13:30:00-04:00,330.51080322265625,330.92999267578125,330.0799865722656,330.8800964355469,843359
2026-07-17 13:45:00-04:00,330.8900146484375,331.9200134277344,330.4599914550781,331.7799987792969,1163222
2026-07-17 14:00:00-04:00,331.7950134277344,333.2300109863281,331.54998779296875,332.6050109863281,1750415
2026-07-17 14:15:00-04:00,332.6050109863281,332.718994140625,332.05999755859375,332.375,820742
2026-07-17 14:30:00-04:00,332.375,333.7099914550781,332.1099853515625,333.5899963378906,1459026
2026-07-17 14:45:00-04:00,333.6000061035156,334.6700134277344,333.5,333.92498779296875,1295320
2026-07-17 15:00:00-04:00,333.9200134277344,334.625,333.6199951171875,333.6400146484375,1479487
2026-07-17 15:15:00-04:00,333.6300048828125,333.9549865722656,332.3599853515625,332.8299865722656,1558618
2026-07-17 15:30:00-04:00,332.7799987792969,334.0899963378906,332.260009765625,333.9200134277344,2080282
2026-07-17 15:45:00-04:00,333.8999938964844,334.3800048828125,333.46051025390625,333.739990234375,4289389
2026-07-20 09:30:00-04:00,333.0249938964844,333.7099914550781,330.0199890136719,330.5799865722656,4559974
2026-07-20 09:45:00-04:00,330.639892578125,330.8699951171875,328.3999938964844,328.8999938964844,2072510
2026-07-20 10:00:00-04:00,328.8800048828125,329.0,327.1199951171875,327.1700134277344,2056393
2026-07-20 10:15:00-04:00,327.1600036621094,327.3900146484375,326.1099853515625,327.0199890136719,2489491
2026-07-20 10:30:00-04:00,327.0199890136719,328.0199890136719,326.5899963378906,327.9649963378906,1562844
2026-07-20 10:45:00-04:00,327.95001220703125,327.9599914550781,326.0199890136719,326.42999267578125,1359159
2026-07-20 11:00:00-04:00,326.4599914550781,327.0150146484375,324.8210144042969,324.9599914550781,2006131
2026-07-20 11:15:00-04:00,324.9599914550781,325.3500061035156,324.4200134277344,324.8999938964844,2384793
2026-07-20 11:30:00-04:00,324.94000244140625,326.5199890136719,324.9049987792969,326.0150146484375,1241767
2026-07-20 11:45:00-04:00,326.0150146484375,326.5450134277344,325.1300048828125,325.9750061035156,1161349
2026-07-20 12:00:00-04:00,325.9800109863281,326.0400085449219,324.94000244140625,325.2200927734375,1152618
2026-07-20 12:15:00-04:00,325.2200012207031,325.6700134277344,324.8699951171875,325.0,1145359
2026-07-20 12:30:00-04:00,325.0199890136719,325.0899963378906,323.70001220703125,324.4150085449219,1739551
2026-07-20 12:45:00-04:00,324.3949890136719,324.8500061035156,324.010009765625,324.2449951171875,830600
2026-07-20 13:00:00-04:00,324.260009765625,325.1449890136719,323.9200134277344,324.79998779296875,891248
2026-07-20 13:15:00-04:00,324.7900085449219,324.96160888671875,324.3999938964844,324.7200012207031,665126
2026-07-20 13:30:00-04:00,324.7300109863281,325.06500244140625,324.20001220703125,324.3699951171875,1792737
2026-07-20 13:45:00-04:00,324.3500061035156,325.3832092285156,324.29998779296875,324.7799987792969,764701
2026-07-20 14:00:00-04:00,324.7799987792969,325.79998779296875,324.6549987792969,325.4700012207031,1149140
2026-07-20 14:15:00-04:00,325.4599914550781,326.489990234375,325.3999938964844,325.94000244140625,1338266
2026-07-20 14:30:00-04:00,325.9800109863281,326.9100036621094,325.30999755859375,325.4700012207031,1576146
2026-07-20 14:45:00-04:00,325.4700012207031,327.3699951171875,325.45001220703125,326.75,1213841
2026-07-20 15:00:00-04:00,326.75,328.55499267578125,326.75,328.19000244140625,1478803
2026-07-20 15:15:00-04:00,328.17999267578125,329.0799865722656,327.7699890136719,329.0199890136719,1492745
2026-07-20 15:30:00-04:00,329.010009765625,329.760009765625,327.9700012207031,328.0400085449219,2069652
2026-07-20 15:45:00-04:00,328.04998779296875,328.32989501953125,326.32000732421875,326.70001220703125,3458846
2026-07-21 09:30:00-04:00,323.3450012207031,325.6099853515625,322.38140869140625,324.82000732421875,4477659
2026-07-21 09:45:00-04:00,324.82000732421875,324.8900146484375,322.22039794921875,324.1099853515625,2122244
2026-07-21 10:00:00-04:00,324.1199951171875,326.1600036621094,323.9700012207031,326.06988525390625,1858099
2026-07-21 10:15:00-04:00,326.07000732421875,327.0299987792969,325.67999267578125,326.739990234375,1239819
2026-07-21 10:30:00-04:00,326.7200012207031,327.3349914550781,326.2300109863281,327.29998779296875,938491
2026-07-21 10:45:00-04:00,327.2900085449219,327.4599914550781,326.7099914550781,327.0899963378906,789070
2026-07-21 11:00:00-04:00,327.1000061035156,327.9800109863281,326.2099914550781,327.45001220703125,1225029
2026-07-21 11:15:00-04:00,327.54949951171875,328.45001220703125,327.2149963378906,328.385009765625,1052680
2026-07-21 11:30:00-04:00,328.3800048828125,328.70001220703125,327.7550048828125,328.4750061035156,971398
2026-07-21 11:45:00-04:00,328.4601135253906,328.9800109863281,328.0,328.7749938964844,786551
2026-07-21 12:00:00-04:00,328.739990234375,329.6000061035156,328.5600891113281,329.57000732421875,800624
2026-07-21 12:15:00-04:00,329.56500244140625,329.6000061035156,328.55999755859375,328.6199951171875,958280
2026-07-21 12:30:00-04:00,328.6210021972656,328.8299865722656,327.57000732421875,327.95001220703125,885072
2026-07-21 12:45:00-04:00,327.9551086425781,328.5,327.4150085449219,328.43011474609375,994032
2026-07-21 13:00:00-04:00,328.43499755859375,328.760009765625,327.7099914550781,328.2300109863281,991590
2026-07-21 13:15:00-04:00,328.2200012207031,328.4898986816406,327.0,327.07000732421875,974456
2026-07-21 13:30:00-04:00,327.07000732421875,327.30999755859375,326.7200012207031,326.8999938964844,1612444
2026-07-21 13:45:00-04:00,326.9200134277344,327.8699951171875,326.9150085449219,327.6700134277344,679713
2026-07-21 14:00:00-04:00,327.67999267578125,327.7900085449219,327.2099914550781,327.5,584415
2026-07-21 14:15:00-04:00,327.510009765625,327.6199951171875,326.94000244140625,327.239990234375,721918
2026-07-21 14:30:00-04:00,327.25,328.3399963378906,327.17999267578125,328.2099914550781,669146
2026-07-21 14:45:00-04:00,328.2099914550781,328.3900146484375,327.9800109863281,328.1600036621094,652922
2026-07-21 15:00:00-04:00,328.1600036621094,328.489990234375,327.6000061035156,327.7049865722656,774026
2026-07-21 15:15:00-04:00,327.7049865722656,328.1000061035156,327.510009765625,327.93499755859375,895312
2026-07-21 15:30:00-04:00,327.92999267578125,328.1000061035156,327.57000732421875,327.7699890136719,1045309
2026-07-21 15:45:00-04:00,327.739990234375,328.1000061035156,327.1400146484375,327.5899963378906,2642413
2026-07-22 09:30:00-04:00,327.875,328.99951171875,325.69000244140625,326.2049865722656,2748510
2026-07-22 09:45:00-04:00,326.25,327.3299865722656,325.7200927734375,325.94000244140625,1299750
2026-07-22 10:00:00-04:00,325.9599914550781,326.1481018066406,324.9150085449219,324.9750061035156,1114600
2026-07-22 10:15:00-04:00,324.9750061035156,325.3800048828125,324.3299865722656,324.4750061035156,1396745
2026-07-22 10:30:00-04:00,324.4949951171875,325.0,324.07000732421875,324.82989501953125,1035739
2026-07-22 10:45:00-04:00,324.7799987792969,325.614013671875,324.70001220703125,325.6000061035156,1075919
2026-07-22 11:00:00-04:00,325.6000061035156,325.6698913574219,324.1199951171875,324.32501220703125,818899
2026-07-22 11:15:00-04:00,324.29998779296875,325.80999755859375,324.2099914550781,325.79998779296875,769861
2026-07-22 11:30:00-04:00,325.7650146484375,325.8900146484375,325.20001220703125,325.364990234375,1362044
2026-07-22 11:45:00-04:00,325.3699951171875,325.5,324.92999267578125,325.05999755859375,668405
2026-07-22 12:00:00-04:00,325.0799865722656,325.1000061035156,324.3699951171875,324.45001220703125,728430
2026-07-22 12:15:00-04:00,324.4599914550781,325.03900146484375,324.45001220703125,324.885009765625,1322941
2026-07-22 12:30:00-04:00,324.885009765625,324.95001220703125,323.80999755859375,324.5299987792969,931189
2026-07-22 12:45:00-04:00,324.5299987792969,324.6400146484375,324.07000732421875,324.2099914550781,635043
2026-07-22 13:00:00-04:00,324.2117004394531,324.260009765625,323.5899963378906,323.9599914550781,882721
2026-07-22 13:15:00-04:00,323.95001220703125,324.1300048828125,323.3399963378906,323.6650085449219,546164
2026-07-22 13:30:00-04:00,323.6650085449219,324.0050048828125,323.55499267578125,323.8999938964844,446998
2026-07-22 13:45:00-04:00,323.8900146484375,323.9599914550781,323.70001220703125,323.93499755859375,341042
2026-07-22 14:00:00-04:00,323.93499755859375,324.0199890136719,323.6099853515625,323.8800048828125,495881
2026-07-22 14:15:00-04:00,323.8699951171875,324.0,323.7149963378906,323.92999267578125,364320
2026-07-22 14:30:00-04:00,323.9299011230469,324.4999084472656,323.8299865722656,324.42999267578125,650456
2026-07-22 14:45:00-04:00,324.42999267578125,324.70001220703125,324.17999267578125,324.29998779296875,629922
2026-07-22 15:00:00-04:00,324.29998779296875,324.5050048828125,324.1600036621094,324.42498779296875,596665
2026-07-22 15:15:00-04:00,324.42999267578125,324.57000732421875,324.260009765625,324.44000244140625,655360
2026-07-22 15:30:00-04:00,324.44000244140625,324.6000061035156,323.9800109863281,324.45001220703125,1145125
2026-07-22 15:45:00-04:00,324.44500732421875,326.9100036621094,324.4100036621094,325.8699951171875,4324260
2026-07-23 09:30:00-04:00,321.7300109863281,323.29998779296875,320.80499267578125,320.8399963378906,3525480
2026-07-23 09:45:00-04:00,320.8800048828125,321.07000732421875,319.3500061035156,320.1600036621094,1947570
2026-07-23 10:00:00-04:00,320.1499938964844,321.92999267578125,319.82000732421875,320.80999755859375,1404980
2026-07-23 10:15:00-04:00,320.80499267578125,321.760009765625,320.2200012207031,321.489990234375,930139
2026-07-23 10:30:00-04:00,321.4649963378906,322.9100036621094,321.4649963378906,321.8699951171875,885496
2026-07-23 10:45:00-04:00,321.8900146484375,322.0199890136719,320.8399963378906,321.2699890136719,854697
2026-07-23 11:00:00-04:00,321.2850036621094,322.010009765625,320.7149963378906,321.8500061035156,1187377
2026-07-23 11:15:00-04:00,321.82000732421875,322.2900085449219,321.1700134277344,321.2799987792969,1036396
2026-07-23 11:30:00-04:00,321.2900085449219,321.32000732421875,320.5799865722656,320.8599853515625,742868
2026-07-23 11:45:00-04:00,320.8599853515625,321.0299987792969,320.44000244140625,320.8599853515625,570928
2026-07-23 12:00:00-04:00,320.8999938964844,321.54998779296875,320.3399963378906,321.45001220703125,581068
2026-07-23 12:15:00-04:00,321.4649963378906,321.5101013183594,320.07000732421875,320.3598937988281,2897072
2026-07-23 12:30:00-04:00,320.30999755859375,320.55999755859375,320.0,320.55999755859375,677163
2026-07-23 12:45:00-04:00,320.5400085449219,320.8599853515625,320.25,320.6105041503906,613300
2026-07-23 13:00:00-04:00,320.6199951171875,321.010009765625,320.3399963378906,320.6300048828125,537501
2026-07-23 13:15:00-04:00,320.635009765625,321.04998779296875,320.29998779296875,320.8699951171875,412744
2026-07-23 13:30:00-04:00,320.8700866699219,321.04998779296875,320.3599853515625,320.6600036621094,524797
2026-07-23 13:45:00-04:00,320.6400146484375,321.39898681640625,320.3800048828125,320.51239013671875,565182
2026-07-23 14:00:00-04:00,320.510009765625,320.64801025390625,320.0,320.1499938964844,927364
2026-07-23 14:15:00-04:00,320.1400146484375,320.44000244140625,320.0299987792969,320.2699890136719,533706
2026-07-23 14:30:00-04:00,320.2749938964844,320.494384765625,319.760009765625,320.0050048828125,1493135
2026-07-23 14:45:00-04:00,320.0199890136719,320.7200012207031,320.0199890136719,320.7200012207031,549234
2026-07-23 15:00:00-04:00,320.7099914550781,321.0150146484375,320.3500061035156,320.7200012207031,838836
2026-07-23 15:15:00-04:00,320.7250061035156,321.20001220703125,320.3299865722656,320.4198913574219,876587
2026-07-23 15:30:00-04:00,320.3800048828125,321.2250061035156,320.0400085449219,321.1199951171875,1042054
2026-07-23 15:45:00-04:00,321.1099853515625,321.9800109863281,320.45001220703125,321.6099853515625,3239665
2026-07-24 09:30:00-04:00,322.0400085449219,325.989990234375,321.6199951171875,325.6700134277344,2658351
2026-07-24 09:45:00-04:00,325.6099853515625,327.760009765625,325.5,326.864990234375,2298240
2026-07-24 10:00:00-04:00,326.8599853515625,328.6499938964844,326.7860107421875,328.0199890136719,2040783
2026-07-24 10:15:00-04:00,328.0299987792969,329.4389953613281,327.79998779296875,328.79998779296875,1573685
2026-07-24 10:30:00-04:00,328.7950134277344,329.7900085449219,328.7099914550781,329.4049987792969,1496220
2026-07-24 10:45:00-04:00,329.4100036621094,330.2300109863281,329.18011474609375,329.9649963378906,1734932
2026-07-24 11:00:00-04:00,329.9599914550781,331.3999938964844,329.7099914550781,331.2699890136719,1546786
2026-07-24 11:15:00-04:00,331.28460693359375,331.92999267578125,331.0199890136719,331.7650146484375,1493787
2026-07-24 11:30:00-04:00,331.7749938964844,333.260986328125,331.6700134277344,332.80999755859375,1862161
2026-07-24 11:45:00-04:00,332.80999755859375,333.6400146484375,332.7200012207031,333.04998779296875,1685766
2026-07-24 12:00:00-04:00,333.0400085449219,334.1000061035156,332.6600036621094,333.2101135253906,1767859
2026-07-24 12:15:00-04:00,333.2200012207031,334.3699951171875,332.9599914550781,333.7200012207031,1305912
2026-07-24 12:30:00-04:00,333.69500732421875,333.92999267578125,333.3599853515625,333.5799865722656,932780
2026-07-24 12:45:00-04:00,333.5299987792969,333.7200012207031,332.6820068359375,333.1820068359375,828528
2026-07-24 13:00:00-04:00,333.19000244140625,334.2200012207031,332.3800048828125,332.5,1184808
2026-07-24 13:15:00-04:00,332.5400085449219,332.7699890136719,332.1505126953125,332.3999938964844,900631
2026-07-24 13:30:00-04:00,332.3949890136719,333.19000244140625,332.3599853515625,332.9200134277344,813555
2026-07-24 13:45:00-04:00,332.9200134277344,333.1000061035156,332.6300048828125,332.6499938964844,571783
2026-07-24 14:00:00-04:00,332.6449890136719,333.1698913574219,332.42999267578125,332.44000244140625,626385
2026-07-24 14:15:00-04:00,332.44000244140625,332.75,332.1400146484375,332.2650146484375,768858
2026-07-24 14:30:00-04:00,332.2650146484375,332.6199951171875,332.05999755859375,332.2300109863281,1125011
2026-07-24 14:45:00-04:00,332.2099914550781,333.1700134277344,332.20001220703125,332.92999267578125,838107
2026-07-24 15:00:00-04:00,332.9599914550781,333.2300109863281,332.5400085449219,332.760009765625,3243144
2026-07-24 15:15:00-04:00,332.739990234375,333.1000061035156,332.4599914550781,332.489990234375,1041790
2026-07-24 15:30:00-04:00,332.4800109863281,332.7699890136719,332.260009765625,332.7650146484375,1279694
2026-07-24 15:45:00-04:00,332.7550048828125,333.45001220703125,331.8500061035156,333.07000732421875,3440029
2026-07-27 09:30:00-04:00,334.8999938964844,337.1199951171875,334.1000061035156,335.05999755859375,4417171
2026-07-27 09:45:00-04:00,335.0199890136719,336.7799987792969,334.0199890136719,335.5849914550781,2244368
2026-07-27 10:00:00-04:00,335.6199951171875,336.8999938964844,335.260009765625,336.6000061035156,2080323
2026-07-27 10:15:00-04:00,336.6000061035156,338.1400146484375,336.57000732421875,337.69000244140625,2528942
2026-07-27 10:30:00-04:00,337.70001220703125,337.90899658203125,336.2300109863281,336.32501220703125,2656315
2026-07-27 10:45:00-04:00,336.32501220703125,338.33990478515625,336.1199951171875,338.20001220703125,1958513
2026-07-27 11:00:00-04:00,338.25,339.5,338.17999267578125,339.04998779296875,2060910
2026-07-27 11:15:00-04:00,339.04998779296875,339.2099914550781,338.260498046875,338.739990234375,1087004
2026-07-27 11:30:00-04:00,338.7300109863281,339.57000732421875,337.0899963378906,338.260009765625,2982764
2026-07-27 11:45:00-04:00,338.2898864746094,338.55999755859375,336.75,337.06500244140625,1993032
2026-07-27 12:00:00-04:00,337.0400085449219,337.5299987792969,336.95001220703125,337.30999755859375,767752
2026-07-27 12:15:00-04:00,337.3299865722656,338.0,337.19500732421875,337.4501037597656,810809
2026-07-27 12:30:00-04:00,337.4599914550781,338.1300048828125,336.57000732421875,336.7349853515625,776381
2026-07-27 12:45:00-04:00,336.739990234375,336.79998779296875,336.0199890136719,336.6600036621094,911353
2026-07-27 13:00:00-04:00,336.67999267578125,336.7850036621094,335.91070556640625,336.3392028808594,857610
2026-07-27 13:15:00-04:00,336.3299865722656,336.75,335.67999267578125,336.04998779296875,769284
2026-07-27 13:30:00-04:00,336.07000732421875,336.79998779296875,336.0,336.260009765625,588744
2026-07-27 13:45:00-04:00,336.2699890136719,336.29998779296875,335.30999755859375,335.5174865722656,1095154
2026-07-27 14:00:00-04:00,335.5400085449219,335.8800048828125,335.04998779296875,335.63299560546875,784081
2026-07-27 14:15:00-04:00,335.6300048828125,336.0,335.0754089355469,335.1499938964844,672928
2026-07-27 14:30:00-04:00,335.1499938964844,335.19000244140625,334.70001220703125,335.0400085449219,942167
2026-07-27 14:45:00-04:00,335.0400085449219,336.239990234375,335.0050048828125,335.8500061035156,661891
2026-07-27 15:00:00-04:00,335.8500061035156,335.8500061035156,335.25,335.6000061035156,658180
2026-07-27 15:15:00-04:00,335.5799865722656,335.95001220703125,335.5199890136719,335.7200012207031,1224435
2026-07-27 15:30:00-04:00,335.7200012207031,336.44000244140625,335.6499938964844,336.2300109863281,1002910
2026-07-27 15:45:00-04:00,336.2349853515625,337.2200012207031,335.7200012207031,336.9200134277344,2611600
2026-07-28 09:30:00-04:00,340.0299987792969,342.8900146484375,337.7099914550781,338.42999267578125,6917350
2026-07-28 09:45:00-04:00,338.4200134277344,339.6011047363281,337.1499938964844,337.5,2848494
2026-07-28 10:00:00-04:00,337.5799865722656,338.1199951171875,335.6000061035156,336.8800048828125,2014251
2026-07-28 10:15:00-04:00,336.96990966796875,338.2699890136719,336.95001220703125,337.9599914550781,1794952
2026-07-28 10:30:00-04:00,337.9800109863281,338.7900085449219,337.2099914550781,338.1650085449219,1573112
2026-07-28 10:45:00-04:00,338.1700134277344,338.3949890136719,336.92999267578125,337.05499267578125,1444371
2026-07-28 11:00:00-04:00,337.0404968261719,339.4800109863281,336.6000061035156,339.0899963378906,1595695
2026-07-28 11:15:00-04:00,339.0899963378906,339.6687927246094,338.6099853515625,339.2699890136719,1184251
2026-07-28 11:30:00-04:00,339.2401123046875,339.8949890136719,339.0,339.6700134277344,1470875
2026-07-28 11:45:00-04:00,339.7099914550781,339.8689880371094,339.0299987792969,339.6600036621094,737838
2026-07-28 12:00:00-04:00,339.6600036621094,339.989990234375,339.4599914550781,339.82000732421875,779427
2026-07-28 12:15:00-04:00,339.8299865722656,340.1400146484375,339.510009765625,339.80999755859375,1055225
2026-07-28 12:30:00-04:00,339.8299865722656,340.57989501953125,339.3900146484375,339.4549865722656,1006905
2026-07-28 12:45:00-04:00,339.4700012207031,339.9750061035156,338.94000244140625,339.7699890136719,861722
2026-07-28 13:00:00-04:00,339.79998779296875,339.8900146484375,339.0199890136719,339.1000061035156,650182
2026-07-28 13:15:00-04:00,339.07000732421875,339.5,338.93011474609375,339.0299987792969,587798
2026-07-28 13:30:00-04:00,339.0400085449219,339.78009033203125,339.0,339.5199890136719,700134
2026-07-28 13:45:00-04:00,339.489990234375,340.0198974609375,339.4599914550781,339.7449951171875,783655
2026-07-28 14:00:00-04:00,339.7449951171875,339.8399963378906,339.4200134277344,339.55999755859375,948817
2026-07-28 14:15:00-04:00,339.57000732421875,340.159912109375,339.42999267578125,339.8399963378906,790473
2026-07-28 14:30:00-04:00,339.8399963378906,339.8900146484375,338.2799987792969,338.3999938964844,985319
2026-07-28 14:45:00-04:00,338.4100036621094,339.55999755859375,338.4100036621094,339.3500061035156,824498
2026-07-28 15:00:00-04:00,339.3450012207031,339.67498779296875,339.1700134277344,339.1700134277344,885357
2026-07-28 15:15:00-04:00,339.1700134277344,339.5199890136719,339.0299987792969,339.20001220703125,894846
2026-07-28 15:30:00-04:00,339.1600036621094,340.1499938964844,339.1000061035156,340.010009765625,2392455
2026-07-28 15:45:00-04:00,340.010009765625,340.5299987792969,339.1000061035156,340.1600036621094,4023123
2026-07-29 09:30:00-04:00,339.69000244140625,342.19000244140625,339.55999755859375,341.55999755859375,4310852
2026-07-29 09:45:00-04:00,341.5450134277344,343.6700134277344,341.5299987792969,342.8699951171875,2852292
2026-07-29 10:00:00-04:00,342.82501220703125,343.4800109863281,341.7200012207031,341.8299865722656,2247695
2026-07-29 10:15:00-04:00,341.82501220703125,342.0889892578125,340.7200012207031,341.1600036621094,1524408
2026-07-29 10:30:00-04:00,341.1700134277344,341.739990234375,340.9100036621094,341.5899963378906,1194334
2026-07-29 10:45:00-04:00,341.57000732421875,341.70001220703125,340.1199951171875,340.3900146484375,1386927
2026-07-29 11:00:00-04:00,340.3999938964844,340.57000732421875,339.5199890136719,339.9700012207031,1465228
2026-07-29 11:15:00-04:00,339.9700012207031,340.3299865722656,339.6499938964844,339.80999755859375,844213
2026-07-29 11:30:00-04:00,339.8299865722656,340.67999267578125,339.760009765625,340.0899963378906,1061992
2026-07-29 11:45:00-04:00,340.0899963378906,341.2200012207031,340.05999755859375,341.0299987792969,1001140
2026-07-29 12:00:00-04:00,341.1000061035156,341.1499938964844,340.6300048828125,340.8299865722656,652667
2026-07-29 12:15:00-04:00,340.79998779296875,341.55999755859375,340.67999267578125,341.2699890136719,830611
2026-07-29 12:30:00-04:00,341.25,341.4100036621094,340.04998779296875,340.55999755859375,631653
2026-07-29 12:45:00-04:00,340.55999755859375,341.30999755859375,340.30059814453125,341.30999755859375,603868
2026-07-29 13:00:00-04:00,341.32000732421875,342.32000732421875,341.114990234375,342.32000732421875,1109290
2026-07-29 13:15:00-04:00,342.32000732421875,343.44891357421875,342.1200866699219,342.7200012207031,1468536
2026-07-29 13:30:00-04:00,342.69500732421875,343.3900146484375,342.3500061035156,343.04840087890625,964007
2026-07-29 13:45:00-04:00,343.06500244140625,343.3399963378906,342.6600036621094,343.2099914550781,885251
2026-07-29 14:00:00-04:00,343.25,344.56988525390625,343.04010009765625,343.70001220703125,2213333
2026-07-29 14:15:00-04:00,343.69000244140625,344.0332946777344,343.1700134277344,343.58770751953125,1061914
2026-07-29 14:30:00-04:00,343.5899963378906,343.94000244140625,342.9700012207031,343.70001220703125,1237208
2026-07-29 14:45:00-04:00,343.69500732421875,343.8900146484375,342.7449951171875,342.8999938964844,1051912
2026-07-29 15:00:00-04:00,342.8999938964844,342.989990234375,341.9100036621094,342.4200134277344,1344631
2026-07-29 15:15:00-04:00,342.3900146484375,342.8699951171875,341.3299865722656,341.5299987792969,1178925
2026-07-29 15:30:00-04:00,341.55999755859375,341.55999755859375,339.32000732421875,339.5799865722656,1705104
2026-07-29 15:45:00-04:00,339.5849914550781,340.32989501953125,337.35009765625,338.07000732421875,6935377
2026-07-30 09:30:00-04:00,333.1300048828125,334.4800109863281,330.710205078125,332.19000244140625,6270091
2026-07-30 09:45:00-04:00,332.17498779296875,333.17999267578125,331.25,332.1499938964844,2931273
2026-07-30 10:00:00-04:00,332.0799865722656,332.8699951171875,330.3500061035156,331.3999938964844,2656922
2026-07-30 10:15:00-04:00,331.4049987792969,332.2900085449219,331.1099853515625,331.30999755859375,1720708
2026-07-30 10:30:00-04:00,331.29998779296875,332.239990234375,329.5899963378906,332.0799865722656,2451975
2026-07-30 10:45:00-04:00,332.07000732421875,332.6400146484375,331.4949951171875,332.3299865722656,1475737
2026-07-30 11:00:00-04:00,332.3399963378906,333.03228759765625,331.3500061035156,331.4700012207031,1645929
2026-07-30 11:15:00-04:00,331.489990234375,332.07000732421875,331.0199890136719,331.2200012207031,1194616
2026-07-30 11:30:00-04:00,331.2349853515625,332.3399963378906,331.1499938964844,332.1400146484375,2318423
2026-07-30 11:45:00-04:00,332.1499938964844,332.4200134277344,331.3399963378906,331.760009765625,1086272
2026-07-30 12:00:00-04:00,331.75,331.75,330.6300048828125,331.2099914550781,1375406
2026-07-30 12:15:00-04:00,331.2049865722656,332.6000061035156,331.0950012207031,332.0899963378906,1281880
2026-07-30 12:30:00-04:00,332.0899963378906,332.2491149902344,331.4049987792969,332.125,1138023
2026-07-30 12:45:00-04:00,332.125,332.3699951171875,331.5799865722656,331.6199951171875,1155067
2026-07-30 13:00:00-04:00,331.6199951171875,332.8500061035156,331.6199951171875,332.7099914550781,855690
2026-07-30 13:15:00-04:00,332.7200012207031,332.7699890136719,331.989990234375,332.0899963378906,920018
2026-07-30 13:30:00-04:00,332.0799865722656,332.7799987792969,331.7200927734375,332.6499938964844,721818
2026-07-30 13:45:00-04:00,332.6400146484375,333.30999755859375,332.4599914550781,333.2950134277344,788540
2026-07-30 14:00:00-04:00,333.30999755859375,333.9800109863281,333.0115966796875,333.2749938964844,1144772
2026-07-30 14:15:00-04:00,333.2799987792969,333.739990234375,332.7341003417969,333.1000061035156,939762
2026-07-30 14:30:00-04:00,333.1199951171875,333.7550048828125,332.8999938964844,333.5299987792969,854567
2026-07-30 14:45:00-04:00,333.5400085449219,334.0899963378906,333.4200134277344,333.75,970396
2026-07-30 15:00:00-04:00,333.7349853515625,334.0166015625,333.4054870605469,333.6549987792969,1263203
2026-07-30 15:15:00-04:00,333.6600036621094,333.95001220703125,333.1300048828125,333.1600036621094,1680125
2026-07-30 15:30:00-04:00,333.1600036621094,333.5799865722656,332.79998779296875,333.0050048828125,2016510
2026-07-30 15:45:00-04:00,333.010009765625,334.75,332.30999755859375,333.8500061035156,4018991
2026-07-31 09:30:00-04:00,304.80999755859375,306.8999938964844,300.3299865722656,304.7900085449219,26244095
2026-07-31 09:45:00-04:00,304.7799987792969,305.9198913574219,302.5199890136719,302.7900085449219,7293095
2026-07-31 10:00:00-04:00,302.7900085449219,303.32000732421875,301.35009765625,302.1361083984375,5602604
2026-07-31 10:15:00-04:00,302.1449890136719,303.56988525390625,301.6499938964844,302.739990234375,3131831
2026-07-31 10:30:00-04:00,302.7550048828125,302.99798583984375,301.70001220703125,302.43499755859375,2407001
2026-07-31 10:45:00-04:00,302.4200134277344,303.20001220703125,301.95001220703125,303.1600036621094,2628902
2026-07-31 11:00:00-04:00,303.1600036621094,303.239990234375,302.3207092285156,302.9949951171875,2711169
2026-07-31 11:15:00-04:00,302.9949951171875,304.25,301.6400146484375,301.7300109863281,3150744
2026-07-31 11:30:00-04:00,301.7300109863281,302.82000732421875,301.44000244140625,301.95001220703125,3053335
2026-07-31 11:45:00-04:00,301.95001220703125,302.35699462890625,300.3999938964844,301.2950134277344,3049086
2026-07-31 12:00:00-04:00,301.2850036621094,302.1400146484375,300.8999938964844,302.114990234375,1560528
2026-07-31 12:15:00-04:00,302.1050109863281,302.3399963378906,300.4700012207031,300.5400085449219,2194267
2026-07-31 12:30:00-04:00,300.55999755859375,301.010009765625,300.0,300.364990234375,2821951
2026-07-31 12:45:00-04:00,300.3599853515625,301.54998779296875,300.2449951171875,300.8699951171875,1880706
2026-07-31 13:00:00-04:00,300.8599853515625,301.83428955078125,300.8550109863281,301.5199890136719,1624436
2026-07-31 13:15:00-04:00,301.5150146484375,301.82000732421875,301.0400085449219,301.20001220703125,1486657
2026-07-31 13:30:00-04:00,301.20001220703125,301.7200012207031,301.1000061035156,301.30499267578125,1313153
2026-07-31 13:45:00-04:00,301.30499267578125,301.42999267578125,300.5,300.6400146484375,4591648
2026-07-31 14:00:00-04:00,300.6400146484375,302.0950012207031,300.5950012207031,301.9949951171875,2192853
2026-07-31 14:15:00-04:00,302.0050048828125,302.4200134277344,301.6099853515625,301.7300109863281,1478005
2026-07-31 14:30:00-04:00,301.760009765625,302.3450012207031,301.7449951171875,302.3223876953125,1662411
2026-07-31 14:45:00-04:00,302.31500244140625,303.0,302.04010009765625,302.8299865722656,2082393
2026-07-31 15:00:00-04:00,302.8399963378906,304.8699951171875,302.7799987792969,304.5799865722656,3453980
2026-07-31 15:15:00-04:00,304.5849914550781,305.7099914550781,304.5299987792969,305.6549987792969,4653179
2026-07-31 15:30:00-04:00,305.6600036621094,306.6199951171875,305.0199890136719,306.5350036621094,4815226
2026-07-31 15:45:00-04:00,306.5400085449219,310.6600036621094,306.1300048828125,309.0299987792969,15827732
2026-08-03 09:30:00-04:00,309.6700134277344,311.79998779296875,305.1700134277344,306.135009765625,7379724
2026-08-03 09:45:00-04:00,306.135009765625,308.29998779296875,305.54998779296875,305.91900634765625,2886717
2026-08-03 10:00:00-04:00,305.9100036621094,306.6700134277344,304.3399963378906,306.510009765625,3141614
2026-08-03 10:15:00-04:00,306.5050048828125,307.21551513671875,305.510009765625,305.55010986328125,1773814
2026-08-03 10:30:00-04:00,305.54998779296875,306.177001953125,305.25,305.7550048828125,1967863
2026-08-03 10:45:00-04:00,305.7550048828125,306.44000244140625,305.0201110839844,305.3500061035156,2224198
2026-08-03 11:00:00-04:00,305.3450012207031,305.6700134277344,304.6000061035156,305.1571960449219,2548800
2026-08-03 11:15:00-04:00,305.1499938964844,305.79998779296875,303.8999938964844,304.2149963378906,2771569
2026-08-03 11:30:00-04:00,304.2149963378906,304.3949890136719,303.110107421875,303.16009521484375,2111025
2026-08-03 11:45:00-04:00,303.1650085449219,303.7900085449219,302.55999755859375,303.7749938964844,1694822
2026-08-03 12:00:00-04:00,303.7749938964844,305.0400085449219,303.7300109863281,304.04010009765625,2184345
2026-08-03 12:15:00-04:00,304.0450134277344,306.3599853515625,304.0400085449219,306.3599853515625,2027369
2026-08-03 12:30:00-04:00,306.3500061035156,307.17999267578125,306.0450134277344,306.6600036621094,2191847
2026-08-03 12:45:00-04:00,306.6690979003906,306.7699890136719,305.8999938964844,306.6099853515625,1459836
2026-08-03 13:00:00-04:00,306.614990234375,307.07000732421875,306.3699951171875,306.7049865722656,1481168
2026-08-03 13:15:00-04:00,306.7049865722656,307.5400085449219,306.6650085449219,307.2250061035156,1766196
2026-08-03 13:30:00-04:00,307.2250061035156,307.2300109863281,306.19000244140625,306.7900085449219,1144097
2026-08-03 13:45:00-04:00,306.7799987792969,306.7898864746094,305.53009033203125,306.07501220703125,1278526
2026-08-03 14:00:00-04:00,306.07110595703125,306.44000244140625,305.8349914550781,305.9849853515625,1333123
2026-08-03 14:15:00-04:00,305.989990234375,306.3900146484375,305.5,305.5202941894531,991206
2026-08-03 14:30:00-04:00,305.5299987792969,305.8450012207031,305.0199890136719,305.0849914550781,1344358
2026-08-03 14:45:00-04:00,305.0849914550781,305.57000732421875,304.8999938964844,305.2099914550781,1323586
2026-08-03 15:00:00-04:00,305.2099914550781,305.9700012207031,305.1449890136719,305.9049987792969,1376687
2026-08-03 15:15:00-04:00,305.9049987792969,305.95001220703125,304.79998779296875,305.0450134277344,1584298
2026-08-03 15:30:00-04:00,305.0450134277344,305.0799865722656,304.45001220703125,304.82501220703125,1758420
2026-08-03 15:45:00-04:00,304.82501220703125,304.8251037597656,302.67999267578125,303.2699890136719,8427647
2026-08-04 09:30:00-04:00,302.7250061035156,304.489990234375,301.32000732421875,303.8399963378906,8605431
2026-08-04 09:45:00-04:00,303.79998779296875,305.3999938964844,303.69000244140625,305.29998779296875,3061315
2026-08-04 10:00:00-04:00,305.2850036621094,305.8699951171875,304.4100036621094,305.75,2117988
2026-08-04 10:15:00-04:00,305.760009765625,307.1400146484375,305.7099914550781,306.80999755859375,2586510
2026-08-04 10:30:00-04:00,306.8599853515625,306.89990234375,305.2250061035156,305.4800109863281,1758571
2026-08-04 10:45:00-04:00,305.4750061035156,306.510009765625,305.3999938964844,306.2349853515625,1547492
2026-08-04 11:00:00-04:00,306.25,306.5,305.8800048828125,306.2423095703125,1263457
2026-08-04 11:15:00-04:00,306.2699890136719,306.5716857910156,305.6000061035156,305.67388916015625,1186119
2026-08-04 11:30:00-04:00,305.6700134277344,306.7300109863281,305.489990234375,306.2598876953125,1046644
2026-08-04 11:45:00-04:00,306.260009765625,306.6700134277344,306.1000061035156,306.3450012207031,1191476
2026-08-04 12:00:00-04:00,306.3374938964844,306.45001220703125,305.6700134277344,306.3515930175781,1086135
2026-08-04 12:15:00-04:00,306.3500061035156,306.7200012207031,305.82000732421875,306.5050048828125,951042
2026-08-04 12:30:00-04:00,306.5050048828125,307.8399963378906,306.3399963378906,307.7650146484375,1352936
2026-08-04 12:45:00-04:00,307.739990234375,308.6000061035156,307.4200134277344,308.2453918457031,1210435
2026-08-04 13:00:00-04:00,308.2300109863281,310.4200134277344,308.20001220703125,310.12200927734375,2093227
2026-08-04 13:15:00-04:00,310.1300048828125,310.25,308.8599853515625,308.8999938964844,1387639
2026-08-04 13:30:00-04:00,308.8999938964844,309.6000061035156,308.6600036621094,309.5830078125,1123610
2026-08-04 13:45:00-04:00,309.55999755859375,310.1300048828125,309.3299865722656,309.3599853515625,1258428
2026-08-04 14:00:00-04:00,309.3399963378906,310.0950012207031,309.25,310.0299987792969,1707112
2026-08-04 14:15:00-04:00,310.0199890136719,310.1199951171875,309.20001220703125,309.32000732421875,965776
2026-08-04 14:30:00-04:00,309.30999755859375,309.5,308.6400146484375,308.81500244140625,868538
2026-08-04 14:45:00-04:00,308.82000732421875,309.28851318359375,308.4800109863281,308.5199890136719,1002293
2026-08-04 15:00:00-04:00,308.5249938964844,308.8799133300781,308.25,308.7200012207031,1312673
2026-08-04 15:15:00-04:00,308.7250061035156,309.79998779296875,308.57000732421875,309.5799865722656,1502122
2026-08-04 15:30:00-04:00,309.5799865722656,310.2900085449219,309.510009765625,310.2749938964844,1598066
2026-08-04 15:45:00-04:00,310.260009765625,310.4200134277344,308.8800048828125,309.3900146484375,4113242
2026-08-05 09:30:00-04:00,309.3599853515625,309.3800048828125,305.6700134277344,308.1600036621094,5649996
2026-08-05 09:45:00-04:00,308.1700134277344,308.239990234375,306.8900146484375,308.0,1844931
2026-08-05 10:00:00-04:00,307.9800109863281,308.5,307.3500061035156,308.4198913574219,1477152
2026-08-05 10:15:00-04:00,308.3999938964844,309.0498962402344,306.7200012207031,306.7275085449219,1572869
2026-08-05 10:30:00-04:00,306.70001220703125,308.8800048828125,306.2699890136719,308.84991455078125,1772731
2026-08-05 10:45:00-04:00,308.8500061035156,311.3599853515625,308.8299865722656,311.32501220703125,2347163
2026-08-05 11:00:00-04:00,311.3399963378906,311.70819091796875,310.5199890136719,310.5199890136719,1724218
2026-08-05 11:15:00-04:00,310.510009765625,310.6050109863281,308.4200134277344,308.5950012207031,1582577
2026-08-05 11:30:00-04:00,308.5950012207031,309.0,308.1400146484375,308.2650146484375,950794
2026-08-05 11:45:00-04:00,308.2651062011719,308.5198974609375,307.8299865722656,307.9700012207031,1126219
2026-08-05 12:00:00-04:00,307.9700012207031,309.44000244140625,307.9599914550781,309.0950012207031,1238321
2026-08-05 12:15:00-04:00,309.0899963378906,309.3299865722656,308.60009765625,308.639892578125,615268
2026-08-05 12:30:00-04:00,308.6300048828125,309.3399963378906,308.45001220703125,309.2900085449219,804172
2026-08-05 12:45:00-04:00,309.2799987792969,309.3399963378906,308.75,308.8299865722656,568693
2026-08-05 13:00:00-04:00,308.8299865722656,309.7699890136719,308.82000732421875,309.7200012207031,639562
2026-08-05 13:15:00-04:00,309.7149963378906,309.9800109863281,309.5799865722656,309.739990234375,586224
2026-08-05 13:30:00-04:00,309.75,310.2200012207031,309.4200134277344,309.625,739026
2026-08-05 13:45:00-04:00,309.6050109863281,309.6099853515625,308.739990234375,308.9200134277344,607147
2026-08-05 14:00:00-04:00,308.9200134277344,308.9599914550781,308.3219909667969,308.510009765625,614259
2026-08-05 14:15:00-04:00,308.5199890136719,308.6700134277344,308.0799865722656,308.1900939941406,695894
2026-08-05 14:30:00-04:00,308.2091979980469,308.739990234375,308.0849914550781,308.6300048828125,1433376
2026-08-05 14:45:00-04:00,308.625,309.1199951171875,308.4849853515625,308.9599914550781,603799
2026-08-05 15:00:00-04:00,308.95001220703125,309.1400146484375,308.70001220703125,308.9100036621094,1056602
2026-08-05 15:15:00-04:00,308.9150085449219,309.8789978027344,308.9150085449219,309.6200866699219,956960
2026-08-05 15:30:00-04:00,309.6099853515625,310.05999755859375,309.3900146484375,309.9049987792969,1217744
2026-08-05 15:45:00-04:00,309.9200134277344,311.55499267578125,309.81500244140625,310.9200134277344,4909035
2026-08-06 09:30:00-04:00,314.3399963378906,316.1300048828125,313.489990234375,314.7699890136719,4147313
2026-08-06 09:45:00-04:00,314.7001037597656,316.2893981933594,314.55999755859375,314.7699890136719,2397660
2026-08-06 10:00:00-04:00,314.79998779296875,315.19000244140625,312.70001220703125,313.31781005859375,1806031
2026-08-06 10:15:00-04:00,313.32000732421875,313.4549865722656,312.1199951171875,312.8399963378906,2135973
2026-08-06 10:30:00-04:00,312.79998779296875,313.2900085449219,311.78009033203125,312.42498779296875,1482040
2026-08-06 10:45:00-04:00,312.42498779296875,313.6400146484375,312.25,313.3435974121094,1349281
2026-08-06 11:00:00-04:00,313.3599853515625,313.3699035644531,312.0050048828125,312.15289306640625,1116743
2026-08-06 11:15:00-04:00,312.2200012207031,312.2699890136719,309.6600036621094,310.1000061035156,1790104
2026-08-06 11:30:00-04:00,310.1050109863281,310.4100036621094,309.7900085449219,310.07000732421875,1088250
2026-08-06 11:45:00-04:00,310.07501220703125,310.25,309.2300109863281,309.5400085449219,952757
2026-08-06 12:00:00-04:00,309.5299987792969,310.0799865722656,309.25,309.9800109863281,871028
2026-08-06 12:15:00-04:00,309.9800109863281,311.260009765625,309.79998779296875,311.1570129394531,862508
2026-08-06 12:30:00-04:00,311.1600036621094,311.6700134277344,311.1199951171875,311.3599853515625,708557
2026-08-06 12:45:00-04:00,311.364990234375,311.760009765625,311.2799987792969,311.6600036621094,583965
2026-08-06 13:00:00-04:00,311.6499938964844,311.760009765625,310.7099914550781,310.885009765625,1755060
2026-08-06 13:15:00-04:00,310.8900146484375,311.25,310.885009765625,311.2005920410156,700842
2026-08-06 13:30:00-04:00,311.2099914550781,311.57000732421875,311.18011474609375,311.57000732421875,516724
2026-08-06 13:45:00-04:00,311.5600891113281,312.17999267578125,311.4502868652344,312.1600036621094,615256
2026-08-06 14:00:00-04:00,312.17999267578125,312.25,311.9800109863281,311.989990234375,631109
2026-08-06 14:15:00-04:00,311.989990234375,312.4200134277344,311.79998779296875,312.239990234375,687334
2026-08-06 14:30:00-04:00,312.2477111816406,312.4700012207031,311.8800048828125,311.9880065917969,526952
2026-08-06 14:45:00-04:00,311.9750061035156,312.3399963378906,311.92230224609375,312.2699890136719,483472
2026-08-06 15:00:00-04:00,312.2699890136719,312.5,312.090087890625,312.42999267578125,605268
2026-08-06 15:15:00-04:00,312.4100036621094,312.82000732421875,312.1499938964844,312.5799865722656,1411996
2026-08-06 15:30:00-04:00,312.5899963378906,312.92999267578125,312.3999938964844,312.7950134277344,1169335
2026-08-06 15:45:00-04:00,312.80999755859375,312.94000244140625,311.7799987792969,312.45001220703125,2627425
2026-08-07 09:30:00-04:00,311.32000732421875,313.80999755859375,310.739990234375,311.7799987792969,3250301
2026-08-07 09:45:00-04:00,311.7699890136719,312.1781005859375,311.0299987792969,311.7349853515625,1410439
2026-08-07 10:00:00-04:00,311.69000244140625,312.5880126953125,311.6499938964844,312.1400146484375,1169584
2026-08-07 10:15:00-04:00,312.1401062011719,314.135009765625,311.75,314.0799865722656,1384919
2026-08-07 10:30:00-04:00,314.0899963378906,314.80999755859375,313.9150085449219,314.2799987792969,1200768
2026-08-07 10:45:00-04:00,314.2449951171875,314.3800048828125,313.6499938964844,314.3179931640625,1395494
2026-08-07 11:00:00-04:00,314.30999755859375,314.3500061035156,313.54998779296875,313.9442138671875,543330
2026-08-07 11:15:00-04:00,313.93499755859375,313.94000244140625,313.0,313.3599853515625,1022291
2026-08-07 11:30:00-04:00,313.3599853515625,313.4200134277344,312.4200134277344,312.6000061035156,865897
2026-08-07 11:45:00-04:00,312.6000061035156,312.6000061035156,312.0199890136719,312.1499938964844,1001318
2026-08-07 12:00:00-04:00,312.1400146484375,312.42999267578125,311.54998779296875,311.8208923339844,803096
2026-08-07 12:15:00-04:00,311.82501220703125,311.9599914550781,311.5400085449219,311.69000244140625,588096
2026-08-07 12:30:00-04:00,311.69500732421875,312.260009765625,311.610107421875,312.17498779296875,571658
2026-08-07 12:45:00-04:00,312.17999267578125,312.489013671875,312.1199951171875,312.2200012207031,499031
2026-08-07 13:00:00-04:00,312.2250061035156,312.55999755859375,312.17999267578125,312.4700012207031,542098
2026-08-07 13:15:00-04:00,312.4700012207031,312.9032897949219,312.2950134277344,312.739990234375,560787
2026-08-07 13:30:00-04:00,312.739990234375,313.0733947753906,312.5899963378906,312.9917907714844,508277
2026-08-07 13:45:00-04:00,313.0,313.25,312.9100036621094,312.9800109863281,624539
2026-08-07 14:00:00-04:00,312.9849853515625,313.05999755859375,312.2799987792969,312.3818054199219,668566
2026-08-07 14:15:00-04:00,312.3699951171875,312.3999938964844,311.82000732421875,311.91900634765625,565022
2026-08-07 14:30:00-04:00,311.91009521484375,312.04998779296875,311.67999267578125,311.8900146484375,503699
2026-08-07 14:45:00-04:00,311.8999938964844,312.489990234375,311.8299865722656,312.42999267578125,486622
2026-08-07 15:00:00-04:00,312.45001220703125,312.9100036621094,312.2300109863281,312.8550109863281,689226
2026-08-07 15:15:00-04:00,312.8500061035156,313.3900146484375,312.8399963378906,313.2774963378906,934187
2026-08-07 15:30:00-04:00,313.2799987792969,313.3340148925781,313.0,313.260009765625,1067093
2026-08-07 15:45:00-04:00,313.25,314.17999267578125,312.92498779296875,313.29998779296875,3186335
2026-08-10 09:30:00-04:00,306.8299865722656,307.3103942871094,304.6300048828125,305.864990234375,8260633
2026-08-10 09:45:00-04:00,305.8500061035156,307.4200134277344,305.6600036621094,307.04998779296875,2584869
2026-08-10 10:00:00-04:00,307.0400085449219,307.4200134277344,305.95001220703125,306.5299987792969,1895950
2026-08-10 10:15:00-04:00,306.510009765625,307.4559020996094,306.2900085449219,306.8800048828125,1467270
2026-08-10 10:30:00-04:00,306.8970947265625,307.20001220703125,306.4599914550781,306.7449951171875,976935
2026-08-10 10:45:00-04:00,306.7449951171875,307.20989990234375,306.2250061035156,307.125,1140874
2026-08-10 11:00:00-04:00,307.125,307.1400146484375,306.3900146484375,306.3900146484375,893194
2026-08-10 11:15:00-04:00,306.4049987792969,306.8703918457031,306.281005859375,306.5585021972656,661648
2026-08-10 11:30:00-04:00,306.5205078125,306.7900085449219,306.32000732421875,306.5450134277344,712916
2026-08-10 11:45:00-04:00,306.54998779296875,307.2300109863281,306.510009765625,307.17999267578125,655488
2026-08-10 12:00:00-04:00,307.1099853515625,307.2471923828125,305.3901062011719,305.5450134277344,1588486
2026-08-10 12:15:00-04:00,305.5450134277344,305.9912109375,305.04998779296875,305.5299987792969,1193431
2026-08-10 12:30:00-04:00,305.54998779296875,305.760009765625,305.1700134277344,305.6357116699219,914069
2026-08-10 12:45:00-04:00,305.6449890136719,306.2900085449219,305.6099853515625,306.2699890136719,710291
2026-08-10 13:00:00-04:00,306.2699890136719,306.6300048828125,306.2200012207031,306.4549865722656,737612
2026-08-10 13:15:00-04:00,306.4599914550781,306.7900085449219,306.2500915527344,306.4700012207031,611590
2026-08-10 13:30:00-04:00,306.4700012207031,306.8399963378906,306.3500061035156,306.7099914550781,506255
2026-08-10 13:45:00-04:00,306.7099914550781,306.7900085449219,306.0,306.7276916503906,951408
2026-08-10 14:00:00-04:00,306.7300109863281,306.989990234375,306.55999755859375,306.6300048828125,567365
2026-08-10 14:15:00-04:00,306.6199951171875,306.779296875,306.5201110839844,306.7149963378906,529735
2026-08-10 14:30:00-04:00,306.71990966796875,306.9700012207031,306.6000061035156,306.8299865722656,684549
2026-08-10 14:45:00-04:00,306.8299865722656,307.260009765625,306.7099914550781,307.0400085449219,621339
2026-08-10 15:00:00-04:00,307.04998779296875,307.4599914550781,307.0400085449219,307.43670654296875,847747
2026-08-10 15:15:00-04:00,307.44000244140625,307.6698913574219,307.2001037597656,307.2300109863281,989797
2026-08-10 15:30:00-04:00,307.2200012207031,307.42999267578125,306.9800109863281,307.2565002441406,1087924
2026-08-10 15:45:00-04:00,307.25,308.2300109863281,306.8699951171875,308.19000244140625,3415800
2026-08-11 09:30:00-04:00,307.75,309.9700012207031,306.25,306.4599914550781,5086162
2026-08-11 09:45:00-04:00,306.4599914550781,306.6199951171875,305.6700134277344,306.2900085449219,1299620
2026-08-11 10:00:00-04:00,306.29998779296875,306.69000244140625,306.0299987792969,306.3599853515625,916528
2026-08-11 10:15:00-04:00,306.3797912597656,306.69000244140625,305.8900146484375,306.19000244140625,777728
2026-08-11 10:30:00-04:00,306.19000244140625,306.94000244140625,306.1199951171875,306.6700134277344,674286
2026-08-11 10:45:00-04:00,306.6700134277344,306.94000244140625,306.5150146484375,306.5899963378906,534243
2026-08-11 11:00:00-04:00,306.6000061035156,306.69000244140625,306.04998779296875,306.2149963378906,550040
2026-08-11 11:15:00-04:00,306.2200012207031,306.7699890136719,306.17999267578125,306.7049865722656,773694
2026-08-11 11:30:00-04:00,306.70001220703125,307.3599853515625,306.49090576171875,307.2349853515625,754072
2026-08-11 11:45:00-04:00,307.2300109863281,307.6099853515625,307.0,307.25,590966
2026-08-11 12:00:00-04:00,307.2300109863281,307.3699951171875,306.6700134277344,306.8099060058594,687792
2026-08-11 12:15:00-04:00,306.81500244140625,307.1300048828125,306.45001220703125,306.55499267578125,624800
2026-08-11 12:30:00-04:00,306.57000732421875,306.5899963378906,305.79998779296875,305.8500061035156,773649
2026-08-11 12:45:00-04:00,305.8500061035156,306.3699951171875,305.6986999511719,306.2391052246094,626801
2026-08-11 13:00:00-04:00,306.239990234375,306.30999755859375,305.9649963378906,306.0,496840
2026-08-11 13:15:00-04:00,306.0,306.29998779296875,305.9750061035156,306.19000244140625,420726
2026-08-11 13:30:00-04:00,306.1650085449219,306.5199890136719,306.1499938964844,306.4049987792969,553224
2026-08-11 13:45:00-04:00,306.3999938964844,306.489990234375,305.760009765625,306.0249938964844,744703
2026-08-11 14:00:00-04:00,306.0249938964844,306.0249938964844,304.7900085449219,304.9599914550781,1133062
2026-08-11 14:15:00-04:00,304.9599914550781,305.0,302.7900085449219,303.29998779296875,1740302
2026-08-11 14:30:00-04:00,303.27569580078125,303.7799987792969,302.9700012207031,303.4601135253906,1355557
2026-08-11 14:45:00-04:00,303.4800109863281,304.5899963378906,303.1199951171875,304.3450012207031,845460
2026-08-11 15:00:00-04:00,304.3500061035156,304.79998779296875,304.0,304.7449951171875,845299
2026-08-11 15:15:00-04:00,304.739990234375,305.20001220703125,304.739990234375,305.1600036621094,919576
2026-08-11 15:30:00-04:00,305.1600036621094,305.29998779296875,304.3800048828125,304.6199951171875,1206777
2026-08-11 15:45:00-04:00,304.6199951171875,305.0899963378906,303.75,304.8999938964844,3512127
2026-08-12 09:30:00-04:00,305.1300048828125,305.6600036621094,302.17999267578125,303.3699951171875,3514905
2026-08-12 09:45:00-04:00,303.3800048828125,303.6099853515625,302.5799865722656,303.3699951171875,1401431
2026-08-12 10:00:00-04:00,303.385009765625,304.32000732421875,302.260009765625,302.4750061035156,1723396
2026-08-12 10:15:00-04:00,302.4750061035156,302.79998779296875,302.29998779296875,302.3450012207031,1079526
2026-08-12 10:30:00-04:00,302.3599853515625,302.95001220703125,302.30999755859375,302.94000244140625,1109336
2026-08-12 10:45:00-04:00,302.94000244140625,303.19000244140625,302.05999755859375,302.42999267578125,1392671
2026-08-12 11:00:00-04:00,302.42999267578125,302.8299865722656,301.57000732421875,301.7149963378906,1074880
2026-08-12 11:15:00-04:00,301.6820068359375,301.74468994140625,301.0299987792969,301.0799865722656,1272108
2026-08-12 11:30:00-04:00,301.08990478515625,301.2900085449219,300.57000732421875,300.8450012207031,1185528
2026-08-12 11:45:00-04:00,300.8299865722656,301.25,300.6199951171875,301.1700134277344,770602
2026-08-12 12:00:00-04:00,301.1899108886719,301.82000732421875,301.0,301.7749938964844,950612
2026-08-12 12:15:00-04:00,301.7749938964844,301.80999755859375,301.239990234375,301.510009765625,665575
2026-08-12 12:30:00-04:00,301.5150146484375,301.8999938964844,301.4100036621094,301.8999938964844,635973
2026-08-12 12:45:00-04:00,301.8999938964844,302.2300109863281,301.6300048828125,302.1600036621094,731434
2026-08-12 13:00:00-04:00,302.1650085449219,302.510009765625,302.0400085449219,302.44000244140625,579718
2026-08-12 13:15:00-04:00,302.42999267578125,302.5,302.05999755859375,302.16009521484375,638467
2026-08-12 13:30:00-04:00,302.1700134277344,302.2976989746094,301.739990234375,301.7900085449219,711519
2026-08-12 13:45:00-04:00,301.7900085449219,301.79998779296875,301.2699890136719,301.5050048828125,888044
2026-08-12 14:00:00-04:00,301.510009765625,301.7900085449219,301.5050048828125,301.57000732421875,719436
2026-08-12 14:15:00-04:00,301.55499267578125,301.5799865722656,301.05999755859375,301.125,794899
2026-08-12 14:30:00-04:00,301.1199951171875,301.5400085449219,301.0400085449219,301.42498779296875,1359759
2026-08-12 14:45:00-04:00,301.42498779296875,302.0398864746094,301.3399963378906,301.4100036621094,1367750
2026-08-12 15:00:00-04:00,301.419189453125,301.58770751953125,301.19000244140625,301.2699890136719,938276
2026-08-12 15:15:00-04:00,301.2749938964844,301.7099914550781,301.1700134277344,301.67999267578125,988801
2026-08-12 15:30:00-04:00,301.6700134277344,302.039794921875,301.0,301.5950012207031,1817024
2026-08-12 15:45:00-04:00,301.6000061035156,302.25,301.1499938964844,302.2250061035156,3667405
2026-08-13 09:30:00-04:00,304.25799560546875,304.75,302.04998779296875,303.4314880371094,6296749
2026-08-13 09:45:00-04:00,303.4599914550781,304.6400146484375,302.9100036621094,304.5801086425781,1572784
2026-08-13 10:00:00-04:00,304.5799865722656,305.489990234375,304.1499938964844,305.4801025390625,1834824
2026-08-13 10:15:00-04:00,305.489990234375,305.9599914550781,304.1600036621094,305.6449890136719,1516495
2026-08-13 10:30:00-04:00,305.6600036621094,306.0,304.8500061035156,304.9800109863281,1294515
2026-08-13 10:45:00-04:00,304.9800109863281,305.1700134277344,304.5397033691406,305.1050109863281,929475
2026-08-13 11:00:00-04:00,305.1300048828125,305.19000244140625,304.0799865722656,304.239990234375,977660
2026-08-13 11:15:00-04:00,304.239990234375,304.3699035644531,303.54998779296875,303.7200012207031,1093070
2026-08-13 11:30:00-04:00,303.7300109863281,303.9849853515625,302.95001220703125,303.44500732421875,962068
2026-08-13 11:45:00-04:00,303.44000244140625,303.5299987792969,302.7699890136719,302.7879943847656,689234
2026-08-13 12:00:00-04:00,302.7900085449219,303.4150085449219,302.57000732421875,303.4150085449219,781748
2026-08-13 12:15:00-04:00,303.4150085449219,303.8699951171875,303.25,303.42999267578125,607881
2026-08-13 12:30:00-04:00,303.43499755859375,303.44989013671875,303.04998779296875,303.2349853515625,545370
2026-08-13 12:45:00-04:00,303.2349853515625,303.760009765625,303.010009765625,303.0299987792969,636762
2026-08-13 13:00:00-04:00,303.0400085449219,303.1899108886719,302.8500061035156,303.0899963378906,596960
2026-08-13 13:15:00-04:00,303.0799865722656,303.385009765625,302.96099853515625,303.3399963378906,497513
2026-08-13 13:30:00-04:00,303.3301086425781,303.82000732421875,303.0799865722656,303.5400085449219,617441
2026-08-13 13:45:00-04:00,303.55999755859375,303.8999938964844,303.3800048828125,303.43499755859375,378631
2026-08-13 14:00:00-04:00,303.43499755859375,303.5,302.92999267578125,303.4200134277344,588590
2026-08-13 14:15:00-04:00,303.42498779296875,303.5199890136719,303.2200012207031,303.30999755859375,472257
2026-08-13 14:30:00-04:00,303.30999755859375,303.94000244140625,303.1300048828125,303.80499267578125,863575
2026-08-13 14:45:00-04:00,303.80499267578125,303.8500061035156,303.1499938964844,303.17999267578125,736751
2026-08-13 15:00:00-04:00,303.19500732421875,303.6400146484375,303.0299987792969,303.5,852845
2026-08-13 15:15:00-04:00,303.5,304.6099853515625,303.45001220703125,304.3999938964844,1247769
2026-08-13 15:30:00-04:00,304.3800048828125,304.6499938964844,303.9700012207031,304.1000061035156,1138143
2026-08-13 15:45:00-04:00,304.0799865722656,305.32000732421875,304.0299987792969,305.32000732421875,2617278
