Datetime,open,high,low,close,volume
2026-05-19 09:30:00-04:00,296.9700012207031,299.6199951171875,296.3500061035156,299.2900085449219,3594490
2026-05-19 09:35:00-04:00,299.2799987792969,299.8599853515625,299.0299987792969,299.7923889160156,877060
2026-05-19 09:40:00-04:00,299.82000732421875,300.3900146484375,299.3699951171875,300.0450134277344,860470
2026-05-19 09:45:00-04:00,300.0450134277344,300.42999267578125,299.3699951171875,300.3450012207031,697179
2026-05-19 09:50:00-04:00,300.3399963378906,300.510009765625,299.3699951171875,299.4224853515625,641187
2026-05-19 09:55:00-04:00,299.3900146484375,299.54998779296875,298.95001220703125,299.0950012207031,495575
2026-05-19 10:00:00-04:00,299.0950012207031,299.1000061035156,298.4100036621094,298.68499755859375,364759
2026-05-19 10:05:00-04:00,298.6600036621094,298.7200012207031,298.04998779296875,298.3699951171875,490924
2026-05-19 10:10:00-04:00,298.409912109375,298.409912109375,297.55999755859375,297.6199951171875,503130
2026-05-19 10:15:00-04:00,297.6000061035156,297.9798889160156,297.3599853515625,297.68499755859375,512994
2026-05-19 10:20:00-04:00,297.6400146484375,297.7569885253906,297.2300109863281,297.5400085449219,385290
2026-05-19 10:25:00-04:00,297.5400085449219,297.55999755859375,296.8399963378906,296.9100036621094,375426
2026-05-19 10:30:00-04:00,296.92999267578125,297.2300109863281,296.5199890136719,296.6099853515625,329676
2026-05-19 10:35:00-04:00,296.6300048828125,297.010009765625,296.57000732421875,296.7300109863281,371459
2026-05-19 10:40:00-04:00,296.7200012207031,297.25,296.67999267578125,297.2349853515625,303178
2026-05-19 10:45:00-04:00,297.2449951171875,297.3999938964844,296.6400146484375,296.6400146484375,293005
2026-05-19 10:50:00-04:00,296.6619873046875,297.2749938964844,296.6099853515625,296.81500244140625,304498
2026-05-19 10:55:00-04:00,296.79998779296875,297.5400085449219,296.7799987792969,297.510009765625,257104
2026-05-19 11:00:00-04:00,297.4800109863281,297.6499938964844,297.30999755859375,297.42999267578125,261301
2026-05-19 11:05:00-04:00,297.43499755859375,297.75,297.239990234375,297.7250061035156,299481
2026-05-19 11:10:00-04:00,297.7099914550781,297.7099914550781,297.1400146484375,297.239990234375,223372
2026-05-19 11:15:00-04:00,297.25,297.5199890136719,297.239990234375,297.3493957519531,172284
2026-05-19 11:20:00-04:00,297.3299865722656,297.3999938964844,297.0299987792969,297.0950012207031,189252
2026-05-19 11:25:00-04:00,297.0799865722656,297.30499267578125,296.9800109863281,297.07000732421875,227290
2026-05-19 11:30:00-04:00,297.05999755859375,297.409912109375,296.9949951171875,297.0,241786
2026-05-19 11:35:00-04:00,297.0,297.4599914550781,296.8699951171875,297.45001220703125,184677
2026-05-19 11:40:00-04:00,297.4700012207031,297.5799865722656,297.05999755859375,297.2200012207031,1249764
2026-05-19 11:45:00-04:00,297.2300109863281,297.42999267578125,297.1600036621094,297.4100036621094,150529
2026-05-19 11:50:00-04:00,297.4100036621094,297.45001220703125,297.260009765625,297.39990234375,155499
2026-05-19 11:55:00-04:00,297.3900146484375,297.3999938964844,297.17041015625,297.2799987792969,147859
2026-05-19 12:00:00-04:00,297.2900085449219,297.3999938964844,297.1499938964844,297.2699890136719,130341
2026-05-19 12:05:00-04:00,297.2699890136719,297.2799987792969,296.93499755859375,296.9549865722656,215463
2026-05-19 12:10:00-04:00,296.9700012207031,297.0899963378906,296.364990234375,296.5350036621094,276046
2026-05-19 12:15:00-04:00,296.5400085449219,296.9100036621094,296.4800109863281,296.75,161168
2026-05-19 12:20:00-04:00,296.75,297.1199951171875,296.67999267578125,297.04998779296875,143150
2026-05-19 12:25:00-04:00,297.05999755859375,297.5,297.05999755859375,297.42498779296875,191854
2026-05-19 12:30:00-04:00,297.4100036621094,297.6300048828125,297.3599853515625,297.5703125,127621
2026-05-19 12:35:00-04:00,297.54998779296875,297.75,297.3699951171875,297.54998779296875,154733
2026-05-19 12:40:00-04:00,297.5299987792969,297.75,297.4599914550781,297.6600036621094,121382
2026-05-19 12:45:00-04:00,297.67999267578125,298.3999938964844,297.6400146484375,298.3900146484375,685482
2026-05-19 12:50:00-04:00,298.3999938964844,298.7200012207031,298.30999755859375,298.4599914550781,243611
2026-05-19 12:55:00-04:00,298.4649963378906,298.614990234375,298.31201171875,298.59991455078125,148290
2026-05-19 13:00:00-04:00,298.5799865722656,298.5899963378906,298.17498779296875,298.3951110839844,183735
2026-05-19 13:05:00-04:00,298.3949890136719,298.7200012207031,298.3900146484375,298.6000061035156,207125
2026-05-19 13:10:00-04:00,298.6099853515625,298.7300109863281,298.5400085449219,298.7099914550781,144333
2026-05-19 13:15:00-04:00,298.67498779296875,298.7300109863281,298.5,298.57501220703125,449739
2026-05-19 13:20:00-04:00,298.57501220703125,298.6400146484375,298.30999755859375,298.30999755859375,167902
2026-05-19 13:25:00-04:00,298.30999755859375,298.42999267578125,298.17181396484375,298.24951171875,197202
2026-05-19 13:30:00-04:00,298.25,298.260009765625,297.9200134277344,297.92999267578125,186367
2026-05-19 13:35:00-04:00,297.94000244140625,298.3500061035156,297.94000244140625,298.30999755859375,224297
2026-05-19 13:40:00-04:00,298.32000732421875,298.3699951171875,297.8399963378906,298.0849914550781,148892
2026-05-19 13:45:00-04:00,298.1000061035156,298.20001220703125,297.9599914550781,298.1700134277344,126605
2026-05-19 13:50:00-04:00,298.1600036621094,298.4869079589844,298.1199951171875,298.43499755859375,145565
2026-05-19 13:55:00-04:00,298.43499755859375,298.43499755859375,298.2101135253906,298.3900146484375,136899
2026-05-19 14:00:00-04:00,298.3800048828125,298.42999267578125,298.0400085449219,298.3349914550781,162909
2026-05-19 14:05:00-04:00,298.3349914550781,298.4100036621094,298.17999267578125,298.30999755859375,133098
2026-05-19 14:10:00-04:00,298.30999755859375,298.3752136230469,298.2149963378906,298.260009765625,114170
2026-05-19 14:15:00-04:00,298.25,298.3800048828125,298.010009765625,298.29998779296875,149356
2026-05-19 14:20:00-04:00,298.3299865722656,298.3900146484375,298.0400085449219,298.2250061035156,200828
2026-05-19 14:25:00-04:00,298.239990234375,298.2900085449219,297.8699951171875,297.8900146484375,202025
2026-05-19 14:30:00-04:00,297.8699951171875,297.8699951171875,297.6099853515625,297.739990234375,165950
2026-05-19 14:35:00-04:00,297.739990234375,297.8800048828125,297.6700134277344,297.7699890136719,124609
2026-05-19 14:40:00-04:00,297.760009765625,297.8999938964844,297.70001220703125,297.7149963378906,112091
2026-05-19 14:45:00-04:00,297.7149963378906,297.8399963378906,297.6600036621094,297.7799987792969,131856
2026-05-19 14:50:00-04:00,297.760009765625,297.864990234375,297.6400146484375,297.7300109863281,138518
2026-05-19 14:55:00-04:00,297.7099914550781,297.75,297.489990234375,297.6300048828125,234182
2026-05-19 15:00:00-04:00,297.6499938964844,297.7449951171875,297.5299987792969,297.6799011230469,160495
2026-05-19 15:05:00-04:00,297.67999267578125,298.0,297.5903015136719,297.885009765625,258301
2026-05-19 15:10:00-04:00,297.8900146484375,298.3900146484375,297.7900085449219,298.3832092285156,356228
2026-05-19 15:15:00-04:00,298.375,298.4200134277344,298.2099914550781,298.260009765625,235017
2026-05-19 15:20:00-04:00,298.2699890136719,298.30999755859375,297.95001220703125,298.1099853515625,220311
2026-05-19 15:25:00-04:00,298.05999755859375,298.44000244140625,297.9200134277344,298.3800048828125,227842
2026-05-19 15:30:00-04:00,298.3900146484375,298.42999267578125,298.1000061035156,298.2799987792969,220589
2026-05-19 15:35:00-04:00,298.2799987792969,298.2950134277344,297.8399963378906,298.04010009765625,262043
2026-05-19 15:40:00-04:00,298.0450134277344,298.1050109863281,297.8399963378906,298.0199890136719,241175
2026-05-19 15:45:00-04:00,298.0199890136719,298.2665100097656,297.9100036621094,298.0799865722656,288134
2026-05-19 15:50:00-04:00,298.04998779296875,298.4800109863281,297.8500061035156,298.3550109863281,662125
2026-05-19 15:55:00-04:00,298.32000732421875,299.2200012207031,298.20001220703125,298.9800109863281,2147124
2026-05-20 09:30:00-04:00,298.17999267578125,300.8900146484375,298.0899963378906,300.8599853515625,1772426
2026-05-20 09:35:00-04:00,300.8450012207031,301.14990234375,299.92999267578125,300.05499267578125,645649
2026-05-20 09:40:00-04:00,300.07000732421875,301.95001220703125,300.0249938964844,301.8800964355469,892226
2026-05-20 09:45:00-04:00,301.8999938964844,302.3699951171875,301.239990234375,301.3583068847656,740163
2026-05-20 09:50:00-04:00,301.3399963378906,301.6199951171875,300.92999267578125,301.1499938964844,424007
2026-05-20 09:55:00-04:00,301.1700134277344,301.1700134277344,299.9200134277344,300.239990234375,468177
2026-05-20 10:00:00-04:00,300.239990234375,300.2799987792969,299.45001220703125,299.67999267578125,523818
2026-05-20 10:05:00-04:00,299.69000244140625,300.0398864746094,299.42999267578125,299.44000244140625,327105
2026-05-20 10:10:00-04:00,299.45001220703125,299.95001220703125,299.20001220703125,299.510009765625,402618
2026-05-20 10:15:00-04:00,299.5335998535156,300.3500061035156,299.4800109863281,299.739990234375,507549
2026-05-20 10:20:00-04:00,299.7200012207031,300.16558837890625,299.3999938964844,299.44000244140625,450735
2026-05-20 10:25:00-04:00,299.45001220703125,299.7099914550781,299.1700134277344,299.5199890136719,316527
2026-05-20 10:30:00-04:00,299.510009765625,300.1700134277344,299.510009765625,299.6000061035156,395349
2026-05-20 10:35:00-04:00,299.6099853515625,299.69500732421875,299.0899963378906,299.19000244140625,349155
2026-05-20 10:40:00-04:00,299.19000244140625,299.6899108886719,299.1499938964844,299.6199035644531,315273
2026-05-20 10:45:00-04:00,299.6099853515625,299.80999755859375,299.32000732421875,299.7300109863281,307579
2026-05-20 10:50:00-04:00,299.739990234375,300.4700012207031,299.70001220703125,300.44000244140625,317986
2026-05-20 10:55:00-04:00,300.42999267578125,300.4599914550781,299.7900085449219,299.92999267578125,258721
2026-05-20 11:00:00-04:00,299.9200134277344,300.1300048828125,299.32000732421875,299.32501220703125,263384
2026-05-20 11:05:00-04:00,299.3349914550781,299.42999267578125,299.07000732421875,299.17999267578125,291416
2026-05-20 11:10:00-04:00,299.17999267578125,299.4700012207031,299.17999267578125,299.2601013183594,175541
2026-05-20 11:15:00-04:00,299.260009765625,300.510009765625,299.2300109863281,299.4649963378906,630394
2026-05-20 11:20:00-04:00,299.510009765625,299.75,299.4599914550781,299.75,184093
2026-05-20 11:25:00-04:00,299.7300109863281,299.80999755859375,299.0799865722656,299.1600036621094,293778
2026-05-20 11:30:00-04:00,299.1600036621094,299.3099060058594,298.95001220703125,299.17999267578125,244670
2026-05-20 11:35:00-04:00,299.17999267578125,299.3299865722656,298.9100036621094,299.04998779296875,219474
2026-05-20 11:40:00-04:00,299.04998779296875,299.18499755859375,298.6700134277344,298.9649963378906,224782
2026-05-20 11:45:00-04:00,298.9700012207031,299.05999755859375,298.8500061035156,299.0400085449219,257762
2026-05-20 11:50:00-04:00,299.04998779296875,299.17999267578125,298.9501037597656,299.17498779296875,218407
2026-05-20 11:55:00-04:00,299.1600036621094,299.17999267578125,298.80999755859375,299.17999267578125,197318
2026-05-20 12:00:00-04:00,299.19000244140625,299.364990234375,299.0350036621094,299.32000732421875,180497
2026-05-20 12:05:00-04:00,299.32000732421875,299.45001220703125,299.25,299.44000244140625,167842
2026-05-20 12:10:00-04:00,299.42999267578125,299.6600036621094,298.94000244140625,299.57220458984375,340613
2026-05-20 12:15:00-04:00,299.5799865722656,300.32000732421875,299.54998779296875,300.05999755859375,439221
2026-05-20 12:20:00-04:00,300.0942077636719,300.1600036621094,299.82000732421875,300.0299987792969,190729
2026-05-20 12:25:00-04:00,300.0299987792969,300.04998779296875,299.8399963378906,300.0050048828125,150442
2026-05-20 12:30:00-04:00,299.989990234375,299.989990234375,299.6400146484375,299.9649963378906,202686
2026-05-20 12:35:00-04:00,299.95001220703125,300.05999755859375,299.68450927734375,299.68450927734375,165168
2026-05-20 12:40:00-04:00,299.67999267578125,300.1000061035156,299.57000732421875,300.010009765625,242138
2026-05-20 12:45:00-04:00,300.0,300.3800048828125,299.989990234375,300.3299865722656,297858
2026-05-20 12:50:00-04:00,300.32000732421875,300.82000732421875,300.30999755859375,300.54998779296875,306879
2026-05-20 12:55:00-04:00,300.53021240234375,300.7900085449219,300.3370056152344,300.7099914550781,252439
2026-05-20 13:00:00-04:00,300.7117919921875,300.8399963378906,300.4200134277344,300.5304870605469,194357
2026-05-20 13:05:00-04:00,300.5249938964844,300.5849914550781,300.2699890136719,300.29998779296875,167140
2026-05-20 13:10:00-04:00,300.3099060058594,300.7099914550781,300.04998779296875,300.5,253021
2026-05-20 13:15:00-04:00,300.489990234375,301.0,300.4800109863281,300.95001220703125,270099
2026-05-20 13:20:00-04:00,300.9599914550781,301.2699890136719,300.9049987792969,301.07000732421875,267176
2026-05-20 13:25:00-04:00,301.07000732421875,301.1000061035156,300.8900146484375,301.04998779296875,222812
2026-05-20 13:30:00-04:00,301.05999755859375,301.17999267578125,300.9100036621094,301.0150146484375,221540
2026-05-20 13:35:00-04:00,301.0198059082031,301.6499938964844,301.010009765625,301.4100036621094,325498
2026-05-20 13:40:00-04:00,301.3999938964844,301.4200134277344,301.20001220703125,301.30999755859375,156687
2026-05-20 13:45:00-04:00,301.32000732421875,301.4469909667969,301.1499938964844,301.1549987792969,195515
2026-05-20 13:50:00-04:00,301.1499938964844,301.2189025878906,300.9501037597656,300.9800109863281,158889
2026-05-20 13:55:00-04:00,300.9599914550781,301.5799865722656,300.9599914550781,301.5150146484375,189853
2026-05-20 14:00:00-04:00,301.5199890136719,301.7200012207031,301.3299865722656,301.5400085449219,402457
2026-05-20 14:05:00-04:00,301.57000732421875,301.67999267578125,301.3302917480469,301.3699951171875,325179
2026-05-20 14:10:00-04:00,301.3800048828125,301.3800048828125,301.1449890136719,301.2200012207031,176275
2026-05-20 14:15:00-04:00,301.2099914550781,301.5849914550781,301.19000244140625,301.3699951171875,323799
2026-05-20 14:20:00-04:00,301.385009765625,301.6300048828125,301.3500061035156,301.44000244140625,240559
2026-05-20 14:25:00-04:00,301.42999267578125,301.67999267578125,301.2699890136719,301.4700012207031,290092
2026-05-20 14:30:00-04:00,301.4700012207031,301.9599914550781,301.4700012207031,301.85009765625,309909
2026-05-20 14:35:00-04:00,301.8500061035156,302.2300109863281,301.8299865722656,302.18499755859375,372314
2026-05-20 14:40:00-04:00,302.18499755859375,302.2099914550781,301.8699951171875,301.8800048828125,332234
2026-05-20 14:45:00-04:00,301.875,302.04998779296875,301.7300109863281,301.8500061035156,362502
2026-05-20 14:50:00-04:00,301.8500061035156,302.2900085449219,301.8500061035156,302.1650085449219,329551
2026-05-20 14:55:00-04:00,302.1700134277344,302.29998779296875,302.1300964355469,302.2049865722656,231094
2026-05-20 15:00:00-04:00,302.2149963378906,302.79998779296875,302.0,302.05499267578125,657130
2026-05-20 15:05:00-04:00,302.05499267578125,302.0799865722656,301.6549987792969,301.67999267578125,260566
2026-05-20 15:10:00-04:00,301.67498779296875,302.2349853515625,301.4849853515625,302.19000244140625,353545
2026-05-20 15:15:00-04:00,302.1700134277344,302.3800048828125,301.9649963378906,302.04998779296875,370739
2026-05-20 15:20:00-04:00,302.05999755859375,302.1499938964844,301.79998779296875,301.82000732421875,332148
2026-05-20 15:25:00-04:00,301.82000732421875,302.2900085449219,301.75,302.19000244140625,312709
2026-05-20 15:30:00-04:00,302.20001220703125,302.30499267578125,301.93499755859375,302.1300048828125,339618
2026-05-20 15:35:00-04:00,302.1400146484375,302.3399963378906,302.010009765625,302.0899963378906,333528
2026-05-20 15:40:00-04:00,302.0799865722656,302.1600036621094,301.9200134277344,301.9599914550781,361721
2026-05-20 15:45:00-04:00,301.95001220703125,302.15899658203125,301.8575134277344,301.9700012207031,324090
2026-05-20 15:50:00-04:00,301.9700012207031,302.5199890136719,301.8800048828125,301.9100036621094,841597
2026-05-20 15:55:00-04:00,301.9020080566406,302.2950134277344,301.8699951171875,302.2650146484375,1602724
2026-05-21 09:30:00-04:00,301.04998779296875,301.79998779296875,300.3999938964844,301.364990234375,2696060
2026-05-21 09:35:00-04:00,301.3699951171875,302.2300109863281,301.3299865722656,301.9100036621094,559142
2026-05-21 09:40:00-04:00,301.9562072753906,302.4700012207031,301.67999267578125,301.8399963378906,483515
2026-05-21 09:45:00-04:00,301.82000732421875,302.364990234375,301.7200012207031,301.9200134277344,329201
2026-05-21 09:50:00-04:00,301.94000244140625,302.9100036621094,301.6300048828125,302.8599853515625,409919
2026-05-21 09:55:00-04:00,302.8399963378906,303.07000732421875,302.3714904785156,302.75,413760
2026-05-21 10:00:00-04:00,302.7449951171875,302.8399963378906,302.3699951171875,302.4800109863281,293006
2026-05-21 10:05:00-04:00,302.45001220703125,302.4599914550781,302.0199890136719,302.0950012207031,263307
2026-05-21 10:10:00-04:00,302.1000061035156,302.3598937988281,301.260009765625,301.5899963378906,432448
2026-05-21 10:15:00-04:00,301.5899963378906,302.1300048828125,301.29998779296875,301.8500061035156,415577
2026-05-21 10:20:00-04:00,301.8450927734375,302.04998779296875,301.3500061035156,301.3599853515625,328655
2026-05-21 10:25:00-04:00,301.3800048828125,301.9508972167969,301.32000732421875,301.9508972167969,262130
2026-05-21 10:30:00-04:00,301.92999267578125,302.44000244140625,301.8699951171875,302.42498779296875,300959
2026-05-21 10:35:00-04:00,302.42999267578125,302.59991455078125,302.239990234375,302.3999938964844,208269
2026-05-21 10:40:00-04:00,302.3800048828125,302.4200134277344,301.8599853515625,301.989990234375,211219
2026-05-21 10:45:00-04:00,301.9700012207031,302.06988525390625,301.6199951171875,301.739990234375,195607
2026-05-21 10:50:00-04:00,301.760009765625,302.0574035644531,301.5801086425781,301.8599853515625,211126
2026-05-21 10:55:00-04:00,301.8699951171875,302.2699890136719,301.79998779296875,302.1499938964844,149695
2026-05-21 11:00:00-04:00,302.1549987792969,302.2550048828125,301.95001220703125,302.1199951171875,214257
2026-05-21 11:05:00-04:00,302.135009765625,302.25,301.8999938964844,301.9700012207031,158086
2026-05-21 11:10:00-04:00,301.95001220703125,302.92498779296875,301.6499938964844,302.8999938964844,330865
2026-05-21 11:15:00-04:00,302.8951110839844,303.3599853515625,302.8599853515625,303.06500244140625,690924
2026-05-21 11:20:00-04:00,303.0799865722656,303.2998962402344,302.92999267578125,302.9999084472656,230465
2026-05-21 11:25:00-04:00,303.0,303.2200012207031,302.8599853515625,303.0249938964844,279789
2026-05-21 11:30:00-04:00,303.0249938964844,303.3299865722656,302.9100036621094,303.1700134277344,323082
2026-05-21 11:35:00-04:00,303.20001220703125,303.6700134277344,303.05999755859375,303.6199035644531,338173
2026-05-21 11:40:00-04:00,303.6199951171875,304.2442932128906,303.6000061035156,303.94000244140625,443152
2026-05-21 11:45:00-04:00,303.952392578125,304.0299987792969,303.7799987792969,303.8999938964844,241618
2026-05-21 11:50:00-04:00,303.9200134277344,304.0,303.7099914550781,303.79998779296875,160171
2026-05-21 11:55:00-04:00,303.77020263671875,303.8800048828125,303.69000244140625,303.82000732421875,162224
2026-05-21 12:00:00-04:00,303.8299865722656,304.1700134277344,303.7300109863281,304.1600036621094,238950
2026-05-21 12:05:00-04:00,304.1549987792969,304.1600036621094,303.8699951171875,304.1199951171875,374619
2026-05-21 12:10:00-04:00,304.114990234375,304.135009765625,303.760009765625,303.8599853515625,238162
2026-05-21 12:15:00-04:00,303.8699951171875,303.8699951171875,303.4700012207031,303.5199890136719,205750
2026-05-21 12:20:00-04:00,303.5199890136719,303.6000061035156,303.29998779296875,303.5799865722656,169900
2026-05-21 12:25:00-04:00,303.57000732421875,303.7200012207031,303.42498779296875,303.6369934082031,169170
2026-05-21 12:30:00-04:00,303.6199951171875,303.73980712890625,303.5400085449219,303.67999267578125,165520
2026-05-21 12:35:00-04:00,303.6831970214844,303.7799987792969,303.2200012207031,303.2900085449219,213195
2026-05-21 12:40:00-04:00,303.29998779296875,303.7349853515625,303.2950134277344,303.7349853515625,129203
2026-05-21 12:45:00-04:00,303.7406921386719,303.79998779296875,303.375,303.4200134277344,158267
2026-05-21 12:50:00-04:00,303.4200134277344,303.4800109863281,303.0498962402344,303.07501220703125,260291
2026-05-21 12:55:00-04:00,303.07501220703125,303.5299987792969,303.05999755859375,303.4100036621094,231401
2026-05-21 13:00:00-04:00,303.4200134277344,303.67999267578125,303.4100036621094,303.67498779296875,145312
2026-05-21 13:05:00-04:00,303.67999267578125,303.8699951171875,303.614990234375,303.6499938964844,223298
2026-05-21 13:10:00-04:00,303.6499938964844,304.2200012207031,303.5799865722656,304.0199890136719,470196
2026-05-21 13:15:00-04:00,304.0350036621094,304.5899963378906,303.8699951171875,304.1400146484375,378703
2026-05-21 13:20:00-04:00,304.1340026855469,304.5400085449219,304.010009765625,304.44500732421875,318368
2026-05-21 13:25:00-04:00,304.4599914550781,304.67999267578125,304.32000732421875,304.59100341796875,348104
2026-05-21 13:30:00-04:00,304.6099853515625,304.7398986816406,304.4200134277344,304.5140075683594,250932
2026-05-21 13:35:00-04:00,304.5150146484375,304.6600036621094,304.4700012207031,304.6000061035156,190307
2026-05-21 13:40:00-04:00,304.610107421875,304.75,304.54998779296875,304.6449890136719,224577
2026-05-21 13:45:00-04:00,304.6499938964844,304.739990234375,304.510009765625,304.6499938964844,210123
2026-05-21 13:50:00-04:00,304.6499938964844,304.95001220703125,304.6099853515625,304.92999267578125,238115
2026-05-21 13:55:00-04:00,304.95001220703125,305.05999755859375,304.8699951171875,304.92010498046875,685820
2026-05-21 14:00:00-04:00,304.9200134277344,305.1000061035156,304.489990234375,304.57000732421875,329658
2026-05-21 14:05:00-04:00,304.5400085449219,304.7300109863281,304.3599853515625,304.6099853515625,194957
2026-05-21 14:10:00-04:00,304.6098937988281,304.71051025390625,304.5409851074219,304.55999755859375,198276
2026-05-21 14:15:00-04:00,304.55999755859375,304.69000244140625,304.489990234375,304.6099853515625,205863
2026-05-21 14:20:00-04:00,304.625,304.9599914550781,304.6099853515625,304.9599914550781,219034
2026-05-21 14:25:00-04:00,304.95001220703125,305.0,304.55010986328125,304.6199951171875,238173
2026-05-21 14:30:00-04:00,304.6199951171875,304.6499938964844,304.2701110839844,304.3699951171875,214722
2026-05-21 14:35:00-04:00,304.3900146484375,304.510009765625,304.3599853515625,304.3999938964844,190207
2026-05-21 14:40:00-04:00,304.3999938964844,304.7204895019531,304.3550109863281,304.6300048828125,242882
2026-05-21 14:45:00-04:00,304.6300048828125,304.72589111328125,304.1199951171875,304.5249938964844,284144
2026-05-21 14:50:00-04:00,304.5199890136719,304.80999755859375,304.07000732421875,304.07000732421875,357679
2026-05-21 14:55:00-04:00,304.1000061035156,304.24700927734375,303.8900146484375,304.2099914550781,239962
2026-05-21 15:00:00-04:00,304.2099914550781,304.70001220703125,304.19000244140625,304.6700134277344,303860
2026-05-21 15:05:00-04:00,304.6799011230469,305.0899963378906,304.42999267578125,305.0899963378906,295506
2026-05-21 15:10:00-04:00,305.07000732421875,305.1099853515625,304.95001220703125,305.1099853515625,245405
2026-05-21 15:15:00-04:00,305.1099853515625,305.25,305.0299987792969,305.1600036621094,309880
2026-05-21 15:20:00-04:00,305.1600036621094,305.2200012207031,305.010009765625,305.17999267578125,343609
2026-05-21 15:25:00-04:00,305.20001220703125,305.32501220703125,305.07000732421875,305.226806640625,310666
2026-05-21 15:30:00-04:00,305.2200012207031,305.53900146484375,305.1499938964844,305.19500732421875,332478
2026-05-21 15:35:00-04:00,305.20001220703125,305.25,304.9599914550781,305.1050109863281,379379
2026-05-21 15:40:00-04:00,305.1050109863281,305.2300109863281,304.7349853515625,304.82000732421875,439968
2026-05-21 15:45:00-04:00,304.80999755859375,305.1300048828125,304.7900085449219,304.95001220703125,360371
2026-05-21 15:50:00-04:00,304.9599914550781,305.2200012207031,304.54998779296875,304.8800048828125,774216
2026-05-21 15:55:00-04:00,304.8800048828125,305.239990234375,304.510009765625,305.0899963378906,2170695
2026-05-22 09:30:00-04:00,306.05999755859375,308.45001220703125,305.8500061035156,308.260009765625,2084815
2026-05-22 09:35:00-04:00,308.260009765625,308.95001220703125,307.6499938964844,308.4472961425781,843676
2026-05-22 09:40:00-04:00,308.44000244140625,308.45001220703125,307.260009765625,307.3599853515625,775375
2026-05-22 09:45:00-04:00,307.3299865722656,308.2398986816406,307.07000732421875,308.2200927734375,663697
2026-05-22 09:50:00-04:00,308.2200927734375,308.4800109863281,308.0,308.1600036621094,505784
2026-05-22 09:55:00-04:00,308.1600036621094,308.739990234375,308.0,308.7340087890625,422224
2026-05-22 10:00:00-04:00,308.69000244140625,308.739990234375,308.0400085449219,308.4949951171875,539797
2026-05-22 10:05:00-04:00,308.4800109863281,308.9200134277344,308.44000244140625,308.8399963378906,519013
2026-05-22 10:10:00-04:00,308.8349914550781,309.1000061035156,308.635009765625,308.7799987792969,584892
2026-05-22 10:15:00-04:00,308.7749938964844,309.2699890136719,308.7099914550781,309.1000061035156,1505118
2026-05-22 10:20:00-04:00,309.1099853515625,309.1300048828125,308.2699890136719,308.6199951171875,530018
2026-05-22 10:25:00-04:00,308.6099853515625,309.0098876953125,308.2900085449219,308.6400146484375,541018
2026-05-22 10:30:00-04:00,308.635009765625,309.3299865722656,308.6199951171875,309.29998779296875,507726
2026-05-22 10:35:00-04:00,309.29998779296875,309.3599853515625,308.9100036621094,309.32501220703125,409709
2026-05-22 10:40:00-04:00,309.32000732421875,309.8500061035156,309.32000732421875,309.7699890136719,590689
2026-05-22 10:45:00-04:00,309.7699890136719,309.7799987792969,308.7991943359375,309.6099853515625,1341659
2026-05-22 10:50:00-04:00,309.6099853515625,309.8699951171875,309.5199890136719,309.8699035644531,375043
2026-05-22 10:55:00-04:00,309.8699951171875,310.4800109863281,309.8699951171875,310.3299865722656,1155693
2026-05-22 11:00:00-04:00,310.3299865722656,310.55999755859375,310.1700134277344,310.5450134277344,523842
2026-05-22 11:05:00-04:00,310.5299987792969,310.94000244140625,310.4150085449219,310.93499755859375,501465
2026-05-22 11:10:00-04:00,310.94000244140625,311.19000244140625,310.8500061035156,311.17999267578125,1042425
2026-05-22 11:15:00-04:00,311.17999267578125,311.3999938964844,310.760009765625,311.3299865722656,536046
2026-05-22 11:20:00-04:00,311.3399963378906,311.385009765625,310.9208984375,311.0150146484375,484145
2026-05-22 11:25:00-04:00,311.0162048339844,311.0400085449219,310.8900146484375,311.0050048828125,270571
2026-05-22 11:30:00-04:00,311.0,311.0299987792969,310.7099914550781,310.95001220703125,363643
2026-05-22 11:35:00-04:00,310.9599914550781,311.0400085449219,310.6099853515625,310.6600036621094,323687
2026-05-22 11:40:00-04:00,310.6700134277344,310.9100036621094,310.6099853515625,310.67999267578125,271116
2026-05-22 11:45:00-04:00,310.67999267578125,310.75,310.0400085449219,310.0400085449219,322677
2026-05-22 11:50:00-04:00,310.05999755859375,310.2650146484375,310.010009765625,310.1300048828125,389742
2026-05-22 11:55:00-04:00,310.1499938964844,310.17999267578125,309.8500061035156,309.9755859375,270349
2026-05-22 12:00:00-04:00,309.9800109863281,309.989990234375,309.7200012207031,309.9599914550781,225053
2026-05-22 12:05:00-04:00,309.96759033203125,310.489990234375,309.9599914550781,310.3800048828125,391962
2026-05-22 12:10:00-04:00,310.38739013671875,310.4800109863281,310.17999267578125,310.40008544921875,712959
2026-05-22 12:15:00-04:00,310.4100036621094,310.5199890136719,310.19000244140625,310.2149963378906,250479
2026-05-22 12:20:00-04:00,310.2200012207031,310.5002136230469,310.1499938964844,310.260009765625,839820
2026-05-22 12:25:00-04:00,310.2550048828125,310.29998779296875,309.8599853515625,309.9200134277344,338809
2026-05-22 12:30:00-04:00,309.92999267578125,309.989990234375,309.44000244140625,309.54998779296875,349669
2026-05-22 12:35:00-04:00,309.5448913574219,309.7099914550781,309.3349914550781,309.4049987792969,281608
2026-05-22 12:40:00-04:00,309.3999938964844,309.5899963378906,309.2300109863281,309.239990234375,203112
2026-05-22 12:45:00-04:00,309.2349853515625,309.3599853515625,308.8500061035156,308.8500061035156,291403
2026-05-22 12:50:00-04:00,308.8550109863281,309.2799987792969,308.82000732421875,309.2650146484375,270081
2026-05-22 12:55:00-04:00,309.26031494140625,309.2900085449219,308.92999267578125,309.0199890136719,226570
2026-05-22 13:00:00-04:00,309.0199890136719,309.239990234375,309.010009765625,309.2200012207031,229888
2026-05-22 13:05:00-04:00,309.2200012207031,309.3299865722656,309.1300048828125,309.2699890136719,219209
2026-05-22 13:10:00-04:00,309.2699890136719,309.5899963378906,309.25,309.560302734375,551176
2026-05-22 13:15:00-04:00,309.55999755859375,309.68499755859375,309.25,309.375,323597
2026-05-22 13:20:00-04:00,309.3800048828125,309.5899963378906,309.2900085449219,309.510009765625,220913
2026-05-22 13:25:00-04:00,309.525390625,309.8699951171875,309.3299865722656,309.860107421875,383103
2026-05-22 13:30:00-04:00,309.8699951171875,310.1549987792969,309.489990234375,309.6600036621094,285656
2026-05-22 13:35:00-04:00,309.6499938964844,309.8599853515625,309.46099853515625,309.8349914550781,426192
2026-05-22 13:40:00-04:00,309.82000732421875,309.8800048828125,309.5701904296875,309.5701904296875,257898
2026-05-22 13:45:00-04:00,309.6000061035156,309.69000244140625,309.44000244140625,309.6499938964844,148068
2026-05-22 13:50:00-04:00,309.67498779296875,309.69000244140625,309.2900085449219,309.44000244140625,154645
2026-05-22 13:55:00-04:00,309.42999267578125,309.7699890136719,309.4150085449219,309.45001220703125,158758
2026-05-22 14:00:00-04:00,309.45001220703125,309.45001220703125,308.9729919433594,308.989990234375,307119
2026-05-22 14:05:00-04:00,308.989990234375,309.364990234375,308.95001220703125,309.3349914550781,179212
2026-05-22 14:10:00-04:00,309.3349914550781,309.4200134277344,309.0799865722656,309.2300109863281,203226
2026-05-22 14:15:00-04:00,309.2149963378906,309.3179931640625,309.010009765625,309.2900085449219,158007
2026-05-22 14:20:00-04:00,309.2900085449219,309.5199890136719,309.2799987792969,309.510009765625,165553
2026-05-22 14:25:00-04:00,309.5050048828125,309.5199890136719,309.30999755859375,309.30999755859375,154511
2026-05-22 14:30:00-04:00,309.31500244140625,309.3599853515625,309.17999267578125,309.18499755859375,161791
2026-05-22 14:35:00-04:00,309.18499755859375,309.4800109863281,309.07000732421875,309.3550109863281,206615
2026-05-22 14:40:00-04:00,309.3500061035156,309.44000244140625,309.2149963378906,309.34991455078125,329984
2026-05-22 14:45:00-04:00,309.3450012207031,309.4100036621094,309.19000244140625,309.30999755859375,164661
2026-05-22 14:50:00-04:00,309.30499267578125,309.5799865722656,309.25,309.5799865722656,186842
2026-05-22 14:55:00-04:00,309.55999755859375,309.55999755859375,309.30999755859375,309.337890625,197613
2026-05-22 15:00:00-04:00,309.32000732421875,309.3299865722656,308.94000244140625,309.18011474609375,248494
2026-05-22 15:05:00-04:00,309.19000244140625,309.2699890136719,309.0950012207031,309.2001037597656,151679
2026-05-22 15:10:00-04:00,309.2200012207031,309.3699951171875,309.19000244140625,309.31500244140625,200543
2026-05-22 15:15:00-04:00,309.3399963378906,309.3599853515625,308.9501037597656,309.1099853515625,267475
2026-05-22 15:20:00-04:00,309.125,309.1650085449219,308.9599914550781,309.0249938964844,251367
2026-05-22 15:25:00-04:00,309.0249938964844,309.0299987792969,308.6400146484375,308.70001220703125,314276
2026-05-22 15:30:00-04:00,308.70001220703125,309.07000732421875,308.6900939941406,309.0398864746094,297862
2026-05-22 15:35:00-04:00,309.0299987792969,309.17999267578125,308.760009765625,308.7799987792969,326254
2026-05-22 15:40:00-04:00,308.7749938964844,308.7799072265625,308.4200134277344,308.45001220703125,391596
2026-05-22 15:45:00-04:00,308.45001220703125,308.510009765625,308.2300109863281,308.2749938964844,334705
2026-05-22 15:50:00-04:00,308.2699890136719,308.5400085449219,307.9700012207031,308.5150146484375,1194486
2026-05-22 15:55:00-04:00,308.5400085449219,309.3999938964844,308.4800109863281,308.8800048828125,1638698
2026-05-26 09:30:00-04:00,309.3999938964844,311.489990234375,309.3999938964844,310.7799987792969,2762354
2026-05-26 09:35:00-04:00,310.7850036621094,311.19000244140625,309.3500061035156,310.07000732421875,862538
2026-05-26 09:40:00-04:00,310.04998779296875,310.7699890136719,309.6499938964844,310.4200134277344,586736
2026-05-26 09:45:00-04:00,310.45001220703125,310.4898986816406,309.93499755859375,310.239990234375,714191
2026-05-26 09:50:00-04:00,310.260009765625,310.6700134277344,310.1499938964844,310.55999755859375,433465
2026-05-26 09:55:00-04:00,310.54998779296875,310.9599914550781,310.32000732421875,310.9200134277344,499181
2026-05-26 10:00:00-04:00,310.9049987792969,311.260009765625,309.8800048828125,310.489990234375,747535
2026-05-26 10:05:00-04:00,310.489990234375,311.3500061035156,310.1499938964844,311.1099853515625,749608
2026-05-26 10:10:00-04:00,311.0950012207031,311.6340026855469,310.9831848144531,311.5,582727
2026-05-26 10:15:00-04:00,311.5150146484375,311.5299987792969,310.8599853515625,310.989990234375,435242
2026-05-26 10:20:00-04:00,310.9849853515625,311.30999755859375,310.95001220703125,311.2900085449219,302140
2026-05-26 10:25:00-04:00,311.2799987792969,311.82000732421875,311.2699890136719,311.7200012207031,570159
2026-05-26 10:30:00-04:00,311.7300109863281,311.80999755859375,311.3299865722656,311.3399963378906,428828
2026-05-26 10:35:00-04:00,311.32000732421875,311.5,310.989990234375,311.0,453490
2026-05-26 10:40:00-04:00,310.9914855957031,311.30999755859375,310.9914855957031,311.2749938964844,342446
2026-05-26 10:45:00-04:00,311.2799987792969,311.45709228515625,311.0899963378906,311.18499755859375,286208
2026-05-26 10:50:00-04:00,311.20001220703125,311.2300109863281,310.8599853515625,311.1099853515625,332453
2026-05-26 10:55:00-04:00,311.1000061035156,311.6000061035156,310.9599914550781,311.57000732421875,316090
2026-05-26 11:00:00-04:00,311.54998779296875,311.7799987792969,311.3800048828125,311.4800109863281,387233
2026-05-26 11:05:00-04:00,311.5,311.67498779296875,311.35400390625,311.6499938964844,296492
2026-05-26 11:10:00-04:00,311.6400146484375,311.6700134277344,311.3700866699219,311.4898986816406,250181
2026-05-26 11:15:00-04:00,311.4800109863281,311.6401062011719,311.19000244140625,311.57000732421875,271222
2026-05-26 11:20:00-04:00,311.55841064453125,311.572998046875,311.1600036621094,311.4700012207031,276147
2026-05-26 11:25:00-04:00,311.4599914550781,311.80999755859375,311.25,311.3599853515625,295133
2026-05-26 11:30:00-04:00,311.3800048828125,311.57000732421875,311.260009765625,311.4200134277344,276756
2026-05-26 11:35:00-04:00,311.44000244140625,311.5400085449219,310.8800048828125,311.07000732421875,382450
2026-05-26 11:40:00-04:00,311.07501220703125,311.07501220703125,310.5899963378906,310.8500061035156,361312
2026-05-26 11:45:00-04:00,310.85009765625,310.9136047363281,310.42999267578125,310.45001220703125,254315
2026-05-26 11:50:00-04:00,310.45001220703125,310.5799865722656,310.1499938964844,310.2099914550781,294940
2026-05-26 11:55:00-04:00,310.20001220703125,310.3299865722656,310.0,310.1549987792969,337852
2026-05-26 12:00:00-04:00,310.1700134277344,310.75,310.1650085449219,310.4750061035156,495164
2026-05-26 12:05:00-04:00,310.4800109863281,310.5,309.8711853027344,309.9700012207031,358784
2026-05-26 12:10:00-04:00,309.9750061035156,310.0799865722656,309.7699890136719,309.9088134765625,246029
2026-05-26 12:15:00-04:00,309.9049987792969,310.0899963378906,309.8800048828125,310.00970458984375,190065
2026-05-26 12:20:00-04:00,310.010009765625,310.2099914550781,309.8800048828125,310.07000732421875,307417
2026-05-26 12:25:00-04:00,310.07000732421875,310.510009765625,309.94000244140625,310.4704895019531,209502
2026-05-26 12:30:00-04:00,310.4849853515625,310.7699890136719,310.4700012207031,310.6099853515625,298679
2026-05-26 12:35:00-04:00,310.6099853515625,310.6199951171875,310.1600036621094,310.19000244140625,201957
2026-05-26 12:40:00-04:00,310.1650085449219,310.2300109863281,309.79998779296875,309.92999267578125,2352510
2026-05-26 12:45:00-04:00,309.92498779296875,310.1700134277344,309.7449951171875,309.8900146484375,316106
2026-05-26 12:50:00-04:00,309.8800048828125,310.0199890136719,309.7850036621094,309.989990234375,250874
2026-05-26 12:55:00-04:00,309.989990234375,310.1001892089844,309.8999938964844,310.0799865722656,175071
2026-05-26 13:00:00-04:00,310.0899963378906,310.29998779296875,310.0400085449219,310.1600036621094,184767
2026-05-26 13:05:00-04:00,310.1400146484375,310.2449951171875,309.6000061035156,309.6449890136719,323360
2026-05-26 13:10:00-04:00,309.6451110839844,309.80999755859375,309.42999267578125,309.54998779296875,254400
2026-05-26 13:15:00-04:00,309.54998779296875,309.7300109863281,309.17999267578125,309.3349914550781,216918
2026-05-26 13:20:00-04:00,309.3399963378906,309.510009765625,309.1700134277344,309.2099914550781,406801
2026-05-26 13:25:00-04:00,309.2099914550781,309.29998779296875,309.0299987792969,309.18499755859375,227463
2026-05-26 13:30:00-04:00,309.19000244140625,309.3999938964844,309.1099853515625,309.3599853515625,186880
2026-05-26 13:35:00-04:00,309.3550109863281,309.5199890136719,309.30999755859375,309.4100036621094,170652
2026-05-26 13:40:00-04:00,309.4100036621094,309.4100036621094,309.1099853515625,309.1300048828125,184117
2026-05-26 13:45:00-04:00,309.1169128417969,309.3699951171875,309.110107421875,309.2449951171875,161316
2026-05-26 13:50:00-04:00,309.2449951171875,309.57989501953125,309.1300048828125,309.489990234375,233347
2026-05-26 13:55:00-04:00,309.4949951171875,309.8450012207031,309.3900146484375,309.7950134277344,193129
2026-05-26 14:00:00-04:00,309.7950134277344,309.82000732421875,309.57000732421875,309.6899108886719,202366
2026-05-26 14:05:00-04:00,309.67999267578125,309.7300109863281,309.5400085449219,309.7099914550781,177771
2026-05-26 14:10:00-04:00,309.7099914550781,309.9599914550781,309.6549987792969,309.9599914550781,206493
2026-05-26 14:15:00-04:00,309.95001220703125,310.1000061035156,309.92999267578125,309.9649963378906,185491
2026-05-26 14:20:00-04:00,309.9599914550781,310.125,309.8800048828125,310.04998779296875,185527
2026-05-26 14:25:00-04:00,310.0450134277344,310.20001220703125,309.760009765625,309.8299865722656,822675
2026-05-26 14:30:00-04:00,309.8399963378906,310.05999755859375,309.7300109863281,309.739990234375,157444
2026-05-26 14:35:00-04:00,309.75,309.80999755859375,309.5899963378906,309.70001220703125,153361
2026-05-26 14:40:00-04:00,309.70001220703125,309.70001220703125,309.3500061035156,309.5,180813
2026-05-26 14:45:00-04:00,309.5050048828125,309.5799865722656,309.44000244140625,309.4999084472656,173092
2026-05-26 14:50:00-04:00,309.489990234375,309.5400085449219,309.2200012207031,309.30999755859375,197683
2026-05-26 14:55:00-04:00,309.2900085449219,309.3949890136719,309.1300048828125,309.2200012207031,268585
2026-05-26 15:00:00-04:00,309.2200012207031,309.2300109863281,308.6600036621094,308.8599853515625,378391
2026-05-26 15:05:00-04:00,308.8699951171875,309.010009765625,308.8599853515625,308.95001220703125,239964
2026-05-26 15:10:00-04:00,308.95001220703125,309.010009765625,308.510009765625,308.56500244140625,341145
2026-05-26 15:15:00-04:00,308.54998779296875,308.67498779296875,308.3550109863281,308.489990234375,339560
2026-05-26 15:20:00-04:00,308.49090576171875,308.54998779296875,308.0849914550781,308.1499938964844,307409
2026-05-26 15:25:00-04:00,308.1499938964844,308.4299011230469,308.0799865722656,308.3799133300781,342001
2026-05-26 15:30:00-04:00,308.360107421875,308.6099853515625,308.30999755859375,308.5799865722656,316959
2026-05-26 15:35:00-04:00,308.5799865722656,308.9599914550781,308.55499267578125,308.75,501026
2026-05-26 15:40:00-04:00,308.7449951171875,308.760009765625,308.3299865722656,308.6499938964844,431525
2026-05-26 15:45:00-04:00,308.6400146484375,308.7099914550781,308.2200927734375,308.3949890136719,375905
2026-05-26 15:50:00-04:00,308.4100036621094,308.6700134277344,308.010009765625,308.1000061035156,653455
2026-05-26 15:55:00-04:00,308.1000061035156,308.3999938964844,307.6700134277344,308.3800048828125,2036455
2026-05-27 09:30:00-04:00,308.44000244140625,311.489990234375,308.3299865722656,310.6499938964844,2233207
2026-05-27 09:35:00-04:00,310.625,311.20001220703125,310.07000732421875,310.79998779296875,831068
2026-05-27 09:40:00-04:00,310.7799987792969,311.5400085449219,310.3500061035156,310.6050109863281,778929
2026-05-27 09:45:00-04:00,310.5950012207031,311.2300109863281,310.30999755859375,310.864990234375,734014
2026-05-27 09:50:00-04:00,310.8599853515625,311.0799865722656,310.3699951171875,310.7099914550781,466713
2026-05-27 09:55:00-04:00,310.7200012207031,312.3399963378906,310.6000061035156,311.9090881347656,995100
2026-05-27 10:00:00-04:00,311.8800048828125,312.54998779296875,311.4599914550781,312.3349914550781,663109
2026-05-27 10:05:00-04:00,312.3349914550781,312.489013671875,311.45001220703125,311.70001220703125,469723
2026-05-27 10:10:00-04:00,311.70989990234375,312.6000061035156,311.6000061035156,312.5799865722656,571605
2026-05-27 10:15:00-04:00,312.5899963378906,312.7699890136719,312.0400085449219,312.1199951171875,695666
2026-05-27 10:20:00-04:00,312.135009765625,312.1799011230469,310.9100036621094,311.1400146484375,528921
2026-05-27 10:25:00-04:00,311.1600036621094,311.510009765625,310.80999755859375,311.260009765625,513812
2026-05-27 10:30:00-04:00,311.260009765625,312.1700134277344,311.19000244140625,311.79998779296875,623069
2026-05-27 10:35:00-04:00,311.7950134277344,312.7799987792969,311.760009765625,312.67498779296875,584706
2026-05-27 10:40:00-04:00,312.6700134277344,313.20001220703125,312.6199951171875,312.7300109863281,678254
2026-05-27 10:45:00-04:00,312.7300109863281,312.8299865722656,312.4100036621094,312.42999267578125,2173897
2026-05-27 10:50:00-04:00,312.4200134277344,313.0400085449219,312.2799987792969,312.6700134277344,425866
2026-05-27 10:55:00-04:00,312.6600036621094,313.0799865722656,312.19000244140625,313.05999755859375,326282
2026-05-27 11:00:00-04:00,313.07000732421875,313.260009765625,312.9200134277344,313.010009765625,495658
2026-05-27 11:05:00-04:00,313.010009765625,313.1499938964844,312.5600891113281,312.7650146484375,1377874
2026-05-27 11:10:00-04:00,312.75,312.9100036621094,312.44000244140625,312.4599914550781,278874
2026-05-27 11:15:00-04:00,312.4599914550781,312.5379943847656,312.04998779296875,312.07501220703125,3841996
2026-05-27 11:20:00-04:00,312.0723876953125,312.1400146484375,311.4700012207031,311.7650146484375,880376
2026-05-27 11:25:00-04:00,311.7650146484375,311.8599853515625,311.57000732421875,311.7749938964844,302593
2026-05-27 11:30:00-04:00,311.7900085449219,312.1400146484375,311.6099853515625,311.92999267578125,369514
2026-05-27 11:35:00-04:00,311.9100036621094,312.0450134277344,311.20001220703125,311.2253112792969,391106
2026-05-27 11:40:00-04:00,311.2300109863281,311.489990234375,311.0,311.07501220703125,334066
2026-05-27 11:45:00-04:00,311.05999755859375,311.2300109863281,310.7001037597656,310.81890869140625,502853
2026-05-27 11:50:00-04:00,310.82000732421875,311.1600036621094,310.7900085449219,310.9497985839844,297361
2026-05-27 11:55:00-04:00,310.95001220703125,311.7998962402344,310.8999938964844,311.7001037597656,288001
2026-05-27 12:00:00-04:00,311.70001220703125,311.75,311.3999938964844,311.614990234375,270172
2026-05-27 12:05:00-04:00,311.6199951171875,311.70001220703125,311.260009765625,311.70001220703125,221402
2026-05-27 12:10:00-04:00,311.68499755859375,311.7698974609375,311.44500732421875,311.69000244140625,744111
2026-05-27 12:15:00-04:00,311.69000244140625,311.8399963378906,311.3800048828125,311.3999938964844,1056303
2026-05-27 12:20:00-04:00,311.4100036621094,311.44000244140625,311.18011474609375,311.3349914550781,214570
2026-05-27 12:25:00-04:00,311.3399963378906,311.44000244140625,310.9599914550781,311.2349853515625,265371
2026-05-27 12:30:00-04:00,311.2349853515625,311.3900146484375,311.05999755859375,311.27178955078125,653404
2026-05-27 12:35:00-04:00,311.25,311.44000244140625,311.25,311.3599853515625,139877
2026-05-27 12:40:00-04:00,311.3500061035156,311.4849853515625,310.80999755859375,310.8599853515625,227695
2026-05-27 12:45:00-04:00,310.8500061035156,311.04998779296875,310.45001220703125,310.739990234375,372815
2026-05-27 12:50:00-04:00,310.7349853515625,310.7699890136719,310.3800048828125,310.4800109863281,668113
2026-05-27 12:55:00-04:00,310.52020263671875,310.67999267578125,310.44000244140625,310.6099853515625,175034
2026-05-27 13:00:00-04:00,310.6199951171875,310.9750061035156,310.5799865722656,310.8900146484375,619756
2026-05-27 13:05:00-04:00,310.885009765625,311.0,310.3999938964844,310.42840576171875,190573
2026-05-27 13:10:00-04:00,310.44000244140625,310.69000244140625,310.42999267578125,310.6700134277344,0
2026-05-27 13:15:00-04:00,310.67498779296875,310.9800109863281,310.6099853515625,310.8599853515625,233244
2026-05-27 13:20:00-04:00,310.8599853515625,310.89788818359375,310.6199951171875,310.75628662109375,160468
2026-05-27 13:25:00-04:00,310.75,310.8085021972656,310.4599914550781,310.4700012207031,170541
2026-05-27 13:30:00-04:00,310.4700012207031,310.6600036621094,310.4700012207031,310.6600036621094,132740
2026-05-27 13:35:00-04:00,310.6600036621094,310.6899108886719,310.4501037597656,310.55999755859375,127424
2026-05-27 13:40:00-04:00,310.5600891113281,310.599609375,310.3299865722656,310.5585021972656,192671
2026-05-27 13:45:00-04:00,310.55780029296875,310.69989013671875,310.30999755859375,310.4200134277344,202765
2026-05-27 13:50:00-04:00,310.42999267578125,310.8500061035156,310.4100036621094,310.8399963378906,179783
2026-05-27 13:55:00-04:00,310.8299865722656,311.0,310.739990234375,310.8900146484375,193325
2026-05-27 14:00:00-04:00,310.8949890136719,310.92999267578125,310.4100036621094,310.4949951171875,200153
2026-05-27 14:05:00-04:00,310.5,310.82501220703125,310.4700012207031,310.760009765625,153014
2026-05-27 14:10:00-04:00,310.7698974609375,310.875,310.625,310.8599853515625,109090
2026-05-27 14:15:00-04:00,310.8599853515625,310.9599914550781,310.6600036621094,310.9150085449219,846482
2026-05-27 14:20:00-04:00,310.9200134277344,311.0,310.7799987792969,310.79998779296875,200449
2026-05-27 14:25:00-04:00,310.7900085449219,310.8900146484375,310.739990234375,310.8299865722656,145264
2026-05-27 14:30:00-04:00,310.8232116699219,310.8800048828125,310.6199951171875,310.6600036621094,144714
2026-05-27 14:35:00-04:00,310.6499938964844,310.81988525390625,310.5299987792969,310.7950134277344,173713
2026-05-27 14:40:00-04:00,310.7950134277344,310.82000732421875,310.635009765625,310.7699890136719,157998
2026-05-27 14:45:00-04:00,310.760009765625,310.83990478515625,310.6099853515625,310.67999267578125,172619
2026-05-27 14:50:00-04:00,310.67999267578125,310.73809814453125,310.4200134277344,310.5,185625
2026-05-27 14:55:00-04:00,310.5,310.7650146484375,310.4750061035156,310.5299987792969,160664
2026-05-27 15:00:00-04:00,310.510009765625,310.55999755859375,310.04998779296875,310.2099914550781,291408
2026-05-27 15:05:00-04:00,310.2149963378906,310.3399963378906,310.1300048828125,310.3301086425781,227770
2026-05-27 15:10:00-04:00,310.3500061035156,310.7200012207031,310.30999755859375,310.68499755859375,258037
2026-05-27 15:15:00-04:00,310.68499755859375,310.69000244140625,310.2149963378906,310.3500061035156,250634
2026-05-27 15:20:00-04:00,310.3299865722656,310.4892883300781,310.0,310.0400085449219,283035
2026-05-27 15:25:00-04:00,310.0400085449219,310.05999755859375,309.7699890136719,309.82000732421875,503790
2026-05-27 15:30:00-04:00,309.82000732421875,309.9200134277344,309.5199890136719,309.9200134277344,384197
2026-05-27 15:35:00-04:00,309.9200134277344,310.0299987792969,309.739990234375,309.95001220703125,397855
2026-05-27 15:40:00-04:00,309.95001220703125,310.010009765625,309.8251953125,309.8349914550781,356920
2026-05-27 15:45:00-04:00,309.8349914550781,309.9549865722656,309.6600036621094,309.8550109863281,345941
2026-05-27 15:50:00-04:00,309.8500061035156,310.6300048828125,309.8299865722656,310.239990234375,938363
2026-05-27 15:55:00-04:00,310.2349853515625,311.1000061035156,310.2349853515625,310.92999267578125,1792975
2026-05-28 09:30:00-04:00,310.67999267578125,310.94000244140625,309.6499938964844,309.8299865722656,2090923
2026-05-28 09:35:00-04:00,309.8399963378906,310.3999938964844,309.6000061035156,310.0400085449219,697398
2026-05-28 09:40:00-04:00,310.0566101074219,310.8699951171875,310.0199890136719,310.70001220703125,649827
2026-05-28 09:45:00-04:00,310.7049865722656,312.1199951171875,310.6549987792969,311.92999267578125,665908
2026-05-28 09:50:00-04:00,311.94000244140625,312.19000244140625,310.7099914550781,310.75,471198
2026-05-28 09:55:00-04:00,310.7149963378906,311.29998779296875,310.6300048828125,311.07000732421875,399170
2026-05-28 10:00:00-04:00,311.0899963378906,311.32000732421875,310.6700134277344,310.94000244140625,424331
2026-05-28 10:05:00-04:00,310.94000244140625,311.55999755859375,310.8299865722656,311.4800109863281,329763
2026-05-28 10:10:00-04:00,311.4800109863281,312.760009765625,311.3900146484375,312.25,752036
2026-05-28 10:15:00-04:00,312.32000732421875,312.3999938964844,311.8299865722656,311.9750061035156,365823
2026-05-28 10:20:00-04:00,311.9700012207031,312.20001220703125,311.3399963378906,311.55499267578125,377141
2026-05-28 10:25:00-04:00,311.55999755859375,312.0199890136719,311.55999755859375,311.70001220703125,345854
2026-05-28 10:30:00-04:00,311.70001220703125,311.7900085449219,311.0899963378906,311.0899963378906,285891
2026-05-28 10:35:00-04:00,311.1000061035156,311.5400085449219,311.07000732421875,311.17498779296875,294619
2026-05-28 10:40:00-04:00,311.17498779296875,311.7300109863281,311.04998779296875,311.4849853515625,363422
2026-05-28 10:45:00-04:00,311.4800109863281,311.6499938964844,311.1000061035156,311.1300048828125,213770
2026-05-28 10:50:00-04:00,311.1400146484375,311.5801086425781,311.1199951171875,311.5299987792969,198095
2026-05-28 10:55:00-04:00,311.5400085449219,311.8599853515625,311.4800109863281,311.8349914550781,333861
2026-05-28 11:00:00-04:00,311.8349914550781,311.95001220703125,311.67999267578125,311.7900085449219,278408
2026-05-28 11:05:00-04:00,311.79998779296875,311.82501220703125,311.4800109863281,311.7699890136719,335796
2026-05-28 11:10:00-04:00,311.7699890136719,311.9700012207031,311.5199890136719,311.81988525390625,281040
2026-05-28 11:15:00-04:00,311.82000732421875,311.8399963378906,311.6000061035156,311.6451110839844,268158
2026-05-28 11:20:00-04:00,311.6449890136719,311.8800048828125,311.5199890136719,311.7900085449219,264487
2026-05-28 11:25:00-04:00,311.7900085449219,311.95001220703125,311.67138671875,311.82501220703125,494512
2026-05-28 11:30:00-04:00,311.82501220703125,311.94500732421875,311.3699951171875,311.3699951171875,325400
2026-05-28 11:35:00-04:00,311.3699951171875,311.7200012207031,311.2300109863281,311.31500244140625,324209
2026-05-28 11:40:00-04:00,311.30999755859375,311.3999938964844,310.9599914550781,311.2049865722656,420747
2026-05-28 11:45:00-04:00,311.2001037597656,311.3399963378906,311.0899963378906,311.17498779296875,264442
2026-05-28 11:50:00-04:00,311.1650085449219,311.32000732421875,310.3999938964844,310.5,430272
2026-05-28 11:55:00-04:00,310.5150146484375,310.739990234375,310.4100036621094,310.6700134277344,297163
2026-05-28 12:00:00-04:00,310.67999267578125,310.8800048828125,310.614990234375,310.739990234375,245143
2026-05-28 12:05:00-04:00,310.7699890136719,310.9482116699219,310.55999755859375,310.70001220703125,269554
2026-05-28 12:10:00-04:00,310.7099914550781,310.885009765625,310.5799865722656,310.6600036621094,184351
2026-05-28 12:15:00-04:00,310.6700134277344,310.8299865722656,310.44000244140625,310.69000244140625,217278
2026-05-28 12:20:00-04:00,310.67999267578125,310.69000244140625,310.3074951171875,310.5,360478
2026-05-28 12:25:00-04:00,310.5,310.739990234375,310.3299865722656,310.44000244140625,365379
2026-05-28 12:30:00-04:00,310.44500732421875,310.7550048828125,310.25,310.260009765625,254471
2026-05-28 12:35:00-04:00,310.260009765625,310.32989501953125,309.8999938964844,309.9049987792969,310989
2026-05-28 12:40:00-04:00,309.9100036621094,309.9200134277344,309.57000732421875,309.79998779296875,475312
2026-05-28 12:45:00-04:00,309.79998779296875,310.1400146484375,309.57000732421875,310.0,315294
2026-05-28 12:50:00-04:00,310.0,310.2799987792969,309.9649963378906,310.1400146484375,261449
2026-05-28 12:55:00-04:00,310.135009765625,310.67999267578125,310.1199951171875,310.5799865722656,373765
2026-05-28 13:00:00-04:00,310.5600891113281,311.32000732421875,310.55999755859375,311.2850036621094,404826
2026-05-28 13:05:00-04:00,311.2799987792969,311.6199951171875,311.05999755859375,311.0723876953125,459498
2026-05-28 13:10:00-04:00,311.0889892578125,311.25,310.8500061035156,310.885009765625,230618
2026-05-28 13:15:00-04:00,310.885009765625,310.989990234375,310.6199951171875,310.95001220703125,268296
2026-05-28 13:20:00-04:00,310.95001220703125,311.07501220703125,310.8900146484375,310.92999267578125,283592
2026-05-28 13:25:00-04:00,310.8999938964844,311.0400085449219,310.75,310.79998779296875,241651
2026-05-28 13:30:00-04:00,310.81500244140625,310.92498779296875,310.67999267578125,310.7300109863281,214112
2026-05-28 13:35:00-04:00,310.7300109863281,310.9700012207031,310.69000244140625,310.82000732421875,319024
2026-05-28 13:40:00-04:00,310.81500244140625,311.0199890136719,310.6199951171875,310.6600036621094,312413
2026-05-28 13:45:00-04:00,310.6549987792969,310.7699890136719,310.489990234375,310.6300048828125,273577
2026-05-28 13:50:00-04:00,310.6400146484375,310.69000244140625,310.1099853515625,310.2499084472656,375111
2026-05-28 13:55:00-04:00,310.239990234375,310.5,310.20001220703125,310.385009765625,272226
2026-05-28 14:00:00-04:00,310.385009765625,310.5400085449219,310.2250061035156,310.4849853515625,313749
2026-05-28 14:05:00-04:00,310.4800109863281,310.7300109863281,310.4800109863281,310.510009765625,256486
2026-05-28 14:10:00-04:00,310.5,310.82501220703125,310.4700012207031,310.68499755859375,265707
2026-05-28 14:15:00-04:00,310.69000244140625,310.82000732421875,310.489990234375,310.57000732421875,243280
2026-05-28 14:20:00-04:00,310.55999755859375,310.7250061035156,310.5400085449219,310.6600036621094,250501
2026-05-28 14:25:00-04:00,310.6549987792969,311.0199890136719,310.54998779296875,310.8399963378906,378048
2026-05-28 14:30:00-04:00,310.7900085449219,311.3500061035156,310.7799987792969,311.2799987792969,263897
2026-05-28 14:35:00-04:00,311.2699890136719,311.2799987792969,310.79998779296875,311.0249938964844,277769
2026-05-28 14:40:00-04:00,311.0199890136719,311.2698974609375,310.92059326171875,310.9800109863281,295654
2026-05-28 14:45:00-04:00,310.9800109863281,311.1803894042969,310.8599853515625,311.0350036621094,296927
2026-05-28 14:50:00-04:00,311.0350036621094,311.1300048828125,310.8999938964844,310.989990234375,205267
2026-05-28 14:55:00-04:00,310.9800109863281,311.1300048828125,310.8450012207031,310.8500061035156,303568
2026-05-28 15:00:00-04:00,310.8399963378906,310.8900146484375,310.6000061035156,310.7300109863281,439545
2026-05-28 15:05:00-04:00,310.739990234375,310.8299865722656,310.3900146484375,310.4200134277344,342837
2026-05-28 15:10:00-04:00,310.42999267578125,310.635009765625,310.25,310.57000732421875,1205774
2026-05-28 15:15:00-04:00,310.57000732421875,310.95001220703125,310.5299987792969,310.82000732421875,537636
2026-05-28 15:20:00-04:00,310.80999755859375,311.3550109863281,310.6600036621094,311.25,455978
2026-05-28 15:25:00-04:00,311.239990234375,311.3450012207031,311.05499267578125,311.31500244140625,305053
2026-05-28 15:30:00-04:00,311.31500244140625,311.364990234375,310.9700012207031,311.1698913574219,385460
2026-05-28 15:35:00-04:00,311.1700134277344,311.57000732421875,311.1199951171875,311.5,365429
2026-05-28 15:40:00-04:00,311.4849853515625,311.5,311.260009765625,311.2850036621094,657536
2026-05-28 15:45:00-04:00,311.2799987792969,311.6000061035156,311.2699890136719,311.45001220703125,551951
2026-05-28 15:50:00-04:00,311.45001220703125,312.25,311.3800048828125,312.239990234375,929719
2026-05-28 15:55:00-04:00,312.25,312.55999755859375,312.2300109863281,312.5,1926454
2026-05-29 09:30:00-04:00,311.7749938964844,315.0,311.5,314.3511047363281,3159685
2026-05-29 09:35:00-04:00,314.3999938964844,314.67999267578125,313.6499938964844,314.19000244140625,684028
2026-05-29 09:40:00-04:00,314.19000244140625,314.9599914550781,313.7200012207031,314.0199890136719,638497
2026-05-29 09:45:00-04:00,314.010009765625,314.17999267578125,312.8800964355469,313.3900146484375,527120
2026-05-29 09:50:00-04:00,313.3500061035156,313.57000732421875,313.05999755859375,313.3599853515625,379012
2026-05-29 09:55:00-04:00,313.3550109863281,313.55999755859375,313.17999267578125,313.4849853515625,435332
2026-05-29 10:00:00-04:00,313.4800109863281,313.739990234375,313.1499938964844,313.4800109863281,420526
2026-05-29 10:05:00-04:00,313.4800109863281,313.4800109863281,312.82000732421875,312.9599914550781,407273
2026-05-29 10:10:00-04:00,312.9700012207031,313.4100036621094,312.8999938964844,313.30999755859375,400418
2026-05-29 10:15:00-04:00,313.29998779296875,313.35101318359375,312.81988525390625,313.0150146484375,342207
2026-05-29 10:20:00-04:00,313.0199890136719,313.6000061035156,312.8900146484375,313.3900146484375,488144
2026-05-29 10:25:00-04:00,313.3999938964844,313.8999938964844,313.2701110839844,313.67498779296875,572223
2026-05-29 10:30:00-04:00,313.6600036621094,314.05999755859375,313.5,313.8550109863281,473842
2026-05-29 10:35:00-04:00,313.8550109863281,313.9750061035156,313.3299865722656,313.4100036621094,442832
2026-05-29 10:40:00-04:00,313.4200134277344,313.7300109863281,312.8999938964844,312.9949951171875,493542
2026-05-29 10:45:00-04:00,313.0,313.0,312.1400146484375,312.239990234375,631967
2026-05-29 10:50:00-04:00,312.239990234375,312.5281066894531,311.8599853515625,311.9599914550781,519719
2026-05-29 10:55:00-04:00,311.960693359375,312.1499938964844,311.1449890136719,311.44000244140625,632636
2026-05-29 11:00:00-04:00,311.3599853515625,311.4700012207031,310.6199951171875,310.6700134277344,572844
2026-05-29 11:05:00-04:00,310.6700134277344,310.94500732421875,310.4200134277344,310.92498779296875,568345
2026-05-29 11:10:00-04:00,310.9219970703125,310.9599914550781,310.4800109863281,310.8349914550781,452839
2026-05-29 11:15:00-04:00,310.8500061035156,311.75,310.8301086425781,311.6050109863281,389035
2026-05-29 11:20:00-04:00,311.6000061035156,311.75,311.4200134277344,311.54998779296875,297175
2026-05-29 11:25:00-04:00,311.5299987792969,312.0,311.2705993652344,311.79998779296875,351482
2026-05-29 11:30:00-04:00,311.8299865722656,311.92999267578125,311.6700134277344,311.7850036621094,204897
2026-05-29 11:35:00-04:00,311.7699890136719,312.0199890136719,311.6000061035156,311.7699890136719,210955
2026-05-29 11:40:00-04:00,311.739990234375,311.989990234375,311.239990234375,311.2900085449219,290091
2026-05-29 11:45:00-04:00,311.2900085449219,311.364990234375,310.9599914550781,311.2300109863281,295567
2026-05-29 11:50:00-04:00,311.2349853515625,311.25,310.90008544921875,311.0,275494
2026-05-29 11:55:00-04:00,310.989990234375,311.2200012207031,310.5799865722656,310.5799865722656,342332
2026-05-29 12:00:00-04:00,310.6000061035156,311.2799987792969,310.45001220703125,311.1300048828125,282549
2026-05-29 12:05:00-04:00,311.1199951171875,311.19000244140625,310.989990234375,311.0849914550781,155411
2026-05-29 12:10:00-04:00,311.0899963378906,311.35980224609375,311.05999755859375,311.1326904296875,184451
2026-05-29 12:15:00-04:00,311.135009765625,311.2200012207031,310.9549865722656,311.1351013183594,167182
2026-05-29 12:20:00-04:00,311.135009765625,311.489990234375,311.0281066894531,311.114990234375,202179
2026-05-29 12:25:00-04:00,311.114990234375,311.2850036621094,310.864990234375,311.1900939941406,178871
2026-05-29 12:30:00-04:00,311.20001220703125,311.5899963378906,311.05999755859375,311.4599914550781,237443
2026-05-29 12:35:00-04:00,311.44500732421875,311.69000244140625,311.3800048828125,311.6400146484375,209718
2026-05-29 12:40:00-04:00,311.6400146484375,311.68499755859375,311.3500061035156,311.3999938964844,150428
2026-05-29 12:45:00-04:00,311.3999938964844,311.4200134277344,311.20001220703125,311.25,144820
2026-05-29 12:50:00-04:00,311.260009765625,311.29998779296875,310.9700012207031,311.07000732421875,155383
2026-05-29 12:55:00-04:00,311.07501220703125,311.1304016113281,310.8500061035156,311.0799865722656,155480
2026-05-29 13:00:00-04:00,311.0899963378906,311.1000061035156,310.67999267578125,310.68499755859375,156995
2026-05-29 13:05:00-04:00,310.68499755859375,310.80999755859375,310.5884094238281,310.67999267578125,479949
2026-05-29 13:10:00-04:00,310.68499755859375,310.7200012207031,310.3999938964844,310.70001220703125,537985
2026-05-29 13:15:00-04:00,310.7099914550781,310.739990234375,310.30999755859375,310.3500061035156,197583
2026-05-29 13:20:00-04:00,310.3599853515625,310.6199951171875,310.20001220703125,310.489990234375,314920
2026-05-29 13:25:00-04:00,310.4801025390625,310.55010986328125,310.30999755859375,310.4200134277344,620202
2026-05-29 13:30:00-04:00,310.4200134277344,310.55999755859375,310.05999755859375,310.1700134277344,388822
2026-05-29 13:35:00-04:00,310.17999267578125,310.2449951171875,309.9100036621094,310.0,336972
2026-05-29 13:40:00-04:00,309.9949951171875,310.19000244140625,309.9100036621094,310.0450134277344,268924
2026-05-29 13:45:00-04:00,310.0400085449219,310.1199951171875,309.82000732421875,309.8500061035156,354220
2026-05-29 13:50:00-04:00,309.8599853515625,310.05499267578125,309.77191162109375,309.87969970703125,252509
2026-05-29 13:55:00-04:00,309.875,309.9599914550781,309.5299987792969,309.57000732421875,286339
2026-05-29 14:00:00-04:00,309.57000732421875,310.05999755859375,309.5299987792969,309.8301086425781,379089
2026-05-29 14:05:00-04:00,309.80999755859375,310.2699890136719,309.79998779296875,310.2200012207031,434271
2026-05-29 14:10:00-04:00,310.2200012207031,310.2749938964844,309.9800109863281,310.090087890625,196522
2026-05-29 14:15:00-04:00,310.1099853515625,310.260009765625,310.0350036621094,310.25030517578125,148015
2026-05-29 14:20:00-04:00,310.2550048828125,310.2749938964844,310.05999755859375,310.1199951171875,197765
2026-05-29 14:25:00-04:00,310.114990234375,310.3599853515625,310.07000732421875,310.260009765625,236074
2026-05-29 14:30:00-04:00,310.260009765625,310.6416931152344,310.25,310.6199951171875,615007
2026-05-29 14:35:00-04:00,310.625,310.69000244140625,310.3999938964844,310.42498779296875,178270
2026-05-29 14:40:00-04:00,310.4200134277344,310.6400146484375,310.3599853515625,310.57000732421875,178977
2026-05-29 14:45:00-04:00,310.5799865722656,310.5899963378906,310.2099914550781,310.44000244140625,180576
2026-05-29 14:50:00-04:00,310.44000244140625,310.55999755859375,310.3500061035156,310.5299072265625,155105
2026-05-29 14:55:00-04:00,310.5201110839844,310.7699890136719,310.5,310.5799865722656,199289
2026-05-29 15:00:00-04:00,310.5799865722656,311.1000061035156,310.5799865722656,311.03509521484375,298346
2026-05-29 15:05:00-04:00,311.0350036621094,311.4559020996094,311.0350036621094,311.2099914550781,1155529
2026-05-29 15:10:00-04:00,311.2200012207031,311.6300048828125,311.1700134277344,311.5799865722656,253206
2026-05-29 15:15:00-04:00,311.5690002441406,311.5899963378906,311.2149963378906,311.2799987792969,290997
2026-05-29 15:20:00-04:00,311.2850036621094,311.4700012207031,310.8949890136719,311.42999267578125,314822
2026-05-29 15:25:00-04:00,311.43499755859375,311.6300048828125,311.3299865722656,311.44500732421875,225632
2026-05-29 15:30:00-04:00,311.45001220703125,311.7300109863281,311.3599853515625,311.7049865722656,282976
2026-05-29 15:35:00-04:00,311.7200012207031,311.989990234375,311.57049560546875,311.8900146484375,397472
2026-05-29 15:40:00-04:00,311.885009765625,311.95001220703125,311.6499938964844,311.739990234375,377567
2026-05-29 15:45:00-04:00,311.760009765625,311.8800048828125,311.5899963378906,311.7250061035156,389084
2026-05-29 15:50:00-04:00,311.7250061035156,313.1099853515625,311.7200012207031,312.7900085449219,1892041
2026-05-29 15:55:00-04:00,312.7799987792969,312.82000732421875,311.82000732421875,312.07000732421875,1984558
2026-06-01 09:30:00-04:00,309.5350036621094,310.67999267578125,308.5,310.0299987792969,3861073
2026-06-01 09:35:00-04:00,310.010009765625,310.92999267578125,309.5899963378906,309.8799133300781,717238
2026-06-01 09:40:00-04:00,309.8500061035156,310.1000061035156,309.1600036621094,309.5255126953125,633466
2026-06-01 09:45:00-04:00,309.54998779296875,310.29998779296875,309.2799987792969,310.1199951171875,575764
2026-06-01 09:50:00-04:00,310.1499938964844,310.6199951171875,309.3399963378906,309.3999938964844,631506
2026-06-01 09:55:00-04:00,309.40008544921875,310.4100036621094,309.1499938964844,310.0400085449219,523833
2026-06-01 10:00:00-04:00,310.0799865722656,310.25,309.1199951171875,309.19000244140625,623325
2026-06-01 10:05:00-04:00,309.1899108886719,310.1199951171875,309.1449890136719,309.7950134277344,580451
2026-06-01 10:10:00-04:00,309.82000732421875,309.82000732421875,309.1700134277344,309.7090148925781,445256
2026-06-01 10:15:00-04:00,309.70001220703125,310.1499938964844,309.55999755859375,309.6099853515625,507673
2026-06-01 10:20:00-04:00,309.6199951171875,309.94989013671875,308.9599914550781,308.9798889160156,498902
2026-06-01 10:25:00-04:00,308.9750061035156,308.9800109863281,307.79998779296875,307.8399963378906,576712
2026-06-01 10:30:00-04:00,307.80999755859375,308.4700012207031,307.5899963378906,307.5950012207031,662415
2026-06-01 10:35:00-04:00,307.6000061035156,308.0799865722656,307.54998779296875,307.6099853515625,565304
2026-06-01 10:40:00-04:00,307.6099853515625,307.80999755859375,307.3500061035156,307.79998779296875,469652
2026-06-01 10:45:00-04:00,307.8299865722656,307.8299865722656,306.6099853515625,306.84600830078125,600247
2026-06-01 10:50:00-04:00,306.8114929199219,306.9800109863281,306.57000732421875,306.8533935546875,721320
2026-06-01 10:55:00-04:00,306.8500061035156,307.125,306.55999755859375,306.9700012207031,415123
2026-06-01 11:00:00-04:00,306.9700012207031,307.42999267578125,306.8900146484375,307.260009765625,365586
2026-06-01 11:05:00-04:00,307.239990234375,307.5386047363281,306.93499755859375,306.94000244140625,389285
2026-06-01 11:10:00-04:00,306.95001220703125,306.9898986816406,306.29998779296875,306.80999755859375,561422
2026-06-01 11:15:00-04:00,306.83990478515625,307.0899963378906,306.5199890136719,306.6499938964844,339366
2026-06-01 11:20:00-04:00,306.6499938964844,306.7300109863281,306.4700012207031,306.57000732421875,295071
2026-06-01 11:25:00-04:00,306.5899963378906,306.73748779296875,306.4700012207031,306.5751037597656,306215
2026-06-01 11:30:00-04:00,306.55999755859375,307.1700134277344,306.5199890136719,307.0,527259
2026-06-01 11:35:00-04:00,306.9901123046875,307.17999267578125,306.75,306.9150085449219,576225
2026-06-01 11:40:00-04:00,306.9100036621094,307.260009765625,306.7300109863281,306.79998779296875,381863
2026-06-01 11:45:00-04:00,306.80499267578125,307.0400085449219,306.4800109863281,306.6499938964844,484422
2026-06-01 11:50:00-04:00,306.6549987792969,306.82000732421875,306.45001220703125,306.7699890136719,252118
2026-06-01 11:55:00-04:00,306.7699890136719,307.0,306.760009765625,306.8399963378906,219692
2026-06-01 12:00:00-04:00,306.8299865722656,306.9800109863281,306.7900085449219,306.8525085449219,202624
2026-06-01 12:05:00-04:00,306.8500061035156,306.8800048828125,306.6099853515625,306.7900085449219,305511
2026-06-01 12:10:00-04:00,306.7900085449219,306.7926940917969,306.05999755859375,306.0600891113281,311909
2026-06-01 12:15:00-04:00,306.05999755859375,306.2200012207031,305.7250061035156,305.9750061035156,402286
2026-06-01 12:20:00-04:00,305.9750061035156,306.0199890136719,305.635009765625,305.7850036621094,251600
2026-06-01 12:25:00-04:00,305.7799987792969,305.79998779296875,305.489990234375,305.7200012207031,256301
2026-06-01 12:30:00-04:00,305.739990234375,306.20001220703125,305.6499938964844,306.0198974609375,336029
2026-06-01 12:35:00-04:00,306.0,306.0299987792969,305.7500915527344,305.80999755859375,218309
2026-06-01 12:40:00-04:00,305.8299865722656,306.14898681640625,305.8200988769531,306.07000732421875,207425
2026-06-01 12:45:00-04:00,306.07000732421875,306.1199951171875,305.8949890136719,306.05999755859375,208326
2026-06-01 12:50:00-04:00,306.05499267578125,306.3800048828125,306.0,306.2449951171875,727557
2026-06-01 12:55:00-04:00,306.2699890136719,306.5299987792969,306.010009765625,306.19500732421875,284428
2026-06-01 13:00:00-04:00,306.2200012207031,306.25,305.4700012207031,305.70001220703125,290726
2026-06-01 13:05:00-04:00,305.70001220703125,305.760009765625,305.0299987792969,305.1099853515625,366159
2026-06-01 13:10:00-04:00,305.106201171875,305.7799987792969,305.0899963378906,305.7300109863281,270167
2026-06-01 13:15:00-04:00,305.7300109863281,305.739990234375,305.25,305.29998779296875,246051
2026-06-01 13:20:00-04:00,305.2699890136719,305.6600036621094,305.25,305.6400146484375,225760
2026-06-01 13:25:00-04:00,305.6300048828125,306.510009765625,305.6199951171875,306.4700012207031,324898
2026-06-01 13:30:00-04:00,306.5199890136719,306.6300048828125,306.30999755859375,306.5199890136719,249533
2026-06-01 13:35:00-04:00,306.5199890136719,307.1600036621094,306.4700012207031,307.0400085449219,416588
2026-06-01 13:40:00-04:00,307.0350036621094,308.0199890136719,306.94000244140625,307.7900085449219,562590
2026-06-01 13:45:00-04:00,307.7900085449219,307.9200134277344,307.53009033203125,307.8500061035156,472149
2026-06-01 13:50:00-04:00,307.8599853515625,308.3999938964844,307.8599853515625,308.14599609375,454088
2026-06-01 13:55:00-04:00,308.1549987792969,308.20001220703125,307.7250061035156,307.760009765625,343600
2026-06-01 14:00:00-04:00,307.7699890136719,307.79998779296875,307.57000732421875,307.67498779296875,189289
2026-06-01 14:05:00-04:00,307.67999267578125,307.7799072265625,307.3800048828125,307.510009765625,230531
2026-06-01 14:10:00-04:00,307.5,307.6300048828125,307.2900085449219,307.4750061035156,226994
2026-06-01 14:15:00-04:00,307.489990234375,307.6199951171875,307.385009765625,307.5799865722656,161653
2026-06-01 14:20:00-04:00,307.5799865722656,307.75,307.48748779296875,307.75,188915
2026-06-01 14:25:00-04:00,307.739990234375,307.95001220703125,307.67010498046875,307.8699951171875,272566
2026-06-01 14:30:00-04:00,307.864990234375,308.32501220703125,307.7940979003906,307.864990234375,445899
2026-06-01 14:35:00-04:00,307.8500061035156,307.9049987792969,307.614990234375,307.677490234375,299855
2026-06-01 14:40:00-04:00,307.7099914550781,307.95001220703125,307.6199951171875,307.8700866699219,259217
2026-06-01 14:45:00-04:00,307.8800048828125,308.0,307.6000061035156,307.79998779296875,281286
2026-06-01 14:50:00-04:00,307.79998779296875,307.82000732421875,307.3299865722656,307.57000732421875,250729
2026-06-01 14:55:00-04:00,307.57000732421875,307.75,307.5199890136719,307.55499267578125,290704
2026-06-01 15:00:00-04:00,307.54998779296875,307.7900085449219,307.4800109863281,307.6300048828125,295902
2026-06-01 15:05:00-04:00,307.625,307.96990966796875,307.4901123046875,307.9200134277344,378698
2026-06-01 15:10:00-04:00,307.92498779296875,308.04998779296875,307.5450134277344,307.5450134277344,385191
2026-06-01 15:15:00-04:00,307.5450134277344,307.7300109863281,307.43499755859375,307.70001220703125,366088
2026-06-01 15:20:00-04:00,307.7001037597656,307.9700012207031,307.6400146484375,307.80999755859375,381972
2026-06-01 15:25:00-04:00,307.80999755859375,307.8341979980469,307.3599853515625,307.42999267578125,312917
2026-06-01 15:30:00-04:00,307.43499755859375,307.7799987792969,307.3500061035156,307.7550048828125,412737
2026-06-01 15:35:00-04:00,307.760009765625,308.0400085449219,307.6300048828125,307.8399963378906,379201
2026-06-01 15:40:00-04:00,307.8299865722656,307.8500061035156,307.55499267578125,307.7300109863281,417011
2026-06-01 15:45:00-04:00,307.7300109863281,307.8299865722656,307.3999938964844,307.5299987792969,449671
2026-06-01 15:50:00-04:00,307.5400085449219,307.625,306.1000061035156,306.409912109375,888035
2026-06-01 15:55:00-04:00,306.3999938964844,306.4800109863281,305.909912109375,306.32000732421875,2715281
2026-06-02 09:30:00-04:00,307.4599914550781,309.8900146484375,306.7200012207031,309.654296875,2288506
2026-06-02 09:35:00-04:00,309.6300048828125,309.7298889160156,308.12200927734375,308.57000732421875,788287
2026-06-02 09:40:00-04:00,308.54998779296875,309.2349853515625,308.30999755859375,309.1199951171875,505048
2026-06-02 09:45:00-04:00,309.1099853515625,309.3500061035156,308.3349914550781,309.0199890136719,570454
2026-06-02 09:50:00-04:00,309.0199890136719,309.135009765625,308.2616882324219,309.010009765625,454115
2026-06-02 09:55:00-04:00,309.0199890136719,309.3399963378906,308.9700012207031,309.07000732421875,383920
2026-06-02 10:00:00-04:00,309.04998779296875,309.4800109863281,308.54998779296875,308.8587951660156,342178
2026-06-02 10:05:00-04:00,308.8450012207031,309.1199951171875,308.5400085449219,308.8299865722656,333225
2026-06-02 10:10:00-04:00,308.8500061035156,309.3699951171875,308.5350036621094,308.6499938964844,348074
2026-06-02 10:15:00-04:00,308.635986328125,309.3500061035156,308.6199951171875,309.3349914550781,381671
2026-06-02 10:20:00-04:00,309.3349914550781,310.0400085449219,309.2799987792969,309.6300048828125,604681
2026-06-02 10:25:00-04:00,309.625,310.4700012207031,309.5199890136719,310.3399963378906,411500
2026-06-02 10:30:00-04:00,310.375,310.45001220703125,309.9599914550781,310.25,430618
2026-06-02 10:35:00-04:00,310.2449951171875,310.2900085449219,310.06500244140625,310.19000244140625,240163
2026-06-02 10:40:00-04:00,310.17999267578125,310.3949890136719,309.67999267578125,309.760009765625,373462
2026-06-02 10:45:00-04:00,309.7799987792969,309.9100036621094,309.260009765625,309.840087890625,318692
2026-06-02 10:50:00-04:00,309.8450012207031,310.6199951171875,309.7900085449219,310.2749938964844,480160
2026-06-02 10:55:00-04:00,310.2900085449219,310.760009765625,310.1600036621094,310.510009765625,327934
2026-06-02 11:00:00-04:00,310.54998779296875,310.875,310.4200134277344,310.7900085449219,329766
2026-06-02 11:05:00-04:00,310.7699890136719,312.1098937988281,310.7200012207031,311.9649963378906,581409
2026-06-02 11:10:00-04:00,311.9700012207031,312.2699890136719,311.7049865722656,311.9750061035156,567820
2026-06-02 11:15:00-04:00,311.9700012207031,312.31500244140625,311.7300109863281,312.17999267578125,355309
2026-06-02 11:20:00-04:00,312.17999267578125,312.92999267578125,312.1099853515625,312.8900146484375,514798
2026-06-02 11:25:00-04:00,312.8800048828125,312.9100036621094,312.44000244140625,312.7099914550781,375304
2026-06-02 11:30:00-04:00,312.70001220703125,312.79901123046875,312.43011474609375,312.5,303641
2026-06-02 11:35:00-04:00,312.49200439453125,312.8999938964844,312.3599853515625,312.739990234375,355796
2026-06-02 11:40:00-04:00,312.739990234375,313.0299987792969,312.57000732421875,312.8800048828125,466615
2026-06-02 11:45:00-04:00,312.8800048828125,312.8900146484375,312.45001220703125,312.8299865722656,279790
2026-06-02 11:50:00-04:00,312.82501220703125,313.1499938964844,312.6099853515625,312.7200012207031,415883
2026-06-02 11:55:00-04:00,312.7149963378906,312.8999938964844,312.3514099121094,312.42498779296875,344129
2026-06-02 12:00:00-04:00,312.4200134277344,312.80999755859375,312.3900146484375,312.760009765625,236363
2026-06-02 12:05:00-04:00,312.7650146484375,312.8599853515625,312.3949890136719,312.489990234375,236751
2026-06-02 12:10:00-04:00,312.4949951171875,312.5840148925781,312.10009765625,312.4960021972656,311480
2026-06-02 12:15:00-04:00,312.5,312.57000732421875,312.114990234375,312.20001220703125,255629
2026-06-02 12:20:00-04:00,312.20001220703125,312.3450012207031,312.04998779296875,312.3299865722656,183165
2026-06-02 12:25:00-04:00,312.32501220703125,312.4949951171875,312.0400085449219,312.489990234375,228418
2026-06-02 12:30:00-04:00,312.4800109863281,312.5599060058594,312.19000244140625,312.19000244140625,270644
2026-06-02 12:35:00-04:00,312.17999267578125,312.260009765625,311.8999938964844,312.21600341796875,251102
2026-06-02 12:40:00-04:00,312.2099914550781,312.43499755859375,312.0400085449219,312.06500244140625,240226
2026-06-02 12:45:00-04:00,312.0600891113281,312.80999755859375,312.04998779296875,312.7200012207031,367395
2026-06-02 12:50:00-04:00,312.7099914550781,313.5400085449219,312.6600036621094,313.48089599609375,509327
2026-06-02 12:55:00-04:00,313.489990234375,314.4700927734375,313.44000244140625,314.2900085449219,579645
2026-06-02 13:00:00-04:00,314.2900085449219,314.9700012207031,314.2850036621094,314.8299865722656,640508
2026-06-02 13:05:00-04:00,314.82000732421875,314.9599914550781,314.489990234375,314.8800048828125,626851
2026-06-02 13:10:00-04:00,314.8949890136719,315.010009765625,314.375,314.9849853515625,498243
2026-06-02 13:15:00-04:00,314.9999084472656,315.1000061035156,314.0799865722656,314.489990234375,686370
2026-06-02 13:20:00-04:00,314.5,314.79998779296875,314.3299865722656,314.55999755859375,382374
2026-06-02 13:25:00-04:00,314.56500244140625,314.7349853515625,314.3399963378906,314.67999267578125,237019
2026-06-02 13:30:00-04:00,314.67999267578125,314.739990234375,314.3900146484375,314.4100036621094,210891
2026-06-02 13:35:00-04:00,314.3901062011719,314.84991455078125,314.3299865722656,314.7900085449219,249458
2026-06-02 13:40:00-04:00,314.7950134277344,315.2799987792969,314.6300048828125,314.8299865722656,579667
2026-06-02 13:45:00-04:00,314.8275146484375,315.45001220703125,314.82501220703125,315.07000732421875,419674
2026-06-02 13:50:00-04:00,315.0799865722656,315.1499938964844,314.8500061035156,315.0104064941406,353334
2026-06-02 13:55:00-04:00,315.010009765625,315.0198974609375,314.4700012207031,314.7049865722656,246314
2026-06-02 14:00:00-04:00,314.7049865722656,314.8550109863281,314.6099853515625,314.7799987792969,243603
2026-06-02 14:05:00-04:00,314.7850036621094,314.94000244140625,314.6300048828125,314.6499938964844,262665
2026-06-02 14:10:00-04:00,314.6499938964844,314.7799987792969,314.3500061035156,314.3500061035156,251538
2026-06-02 14:15:00-04:00,314.3485107421875,314.3485107421875,313.9549865722656,314.0150146484375,348307
2026-06-02 14:20:00-04:00,314.0199890136719,314.05999755859375,313.8299865722656,313.9800109863281,235765
2026-06-02 14:25:00-04:00,313.9798889160156,314.2699890136719,313.7550048828125,314.239990234375,382029
2026-06-02 14:30:00-04:00,314.2598876953125,314.4200134277344,314.19000244140625,314.260009765625,280352
2026-06-02 14:35:00-04:00,314.260009765625,314.5150146484375,314.2200012207031,314.3349914550781,259535
2026-06-02 14:40:00-04:00,314.3299865722656,314.489990234375,314.2200012207031,314.3699951171875,221015
2026-06-02 14:45:00-04:00,314.3699951171875,314.5400085449219,314.2550048828125,314.5199890136719,258831
2026-06-02 14:50:00-04:00,314.510009765625,314.635009765625,314.44500732421875,314.5249938964844,215903
2026-06-02 14:55:00-04:00,314.5299987792969,314.8599853515625,314.5249938964844,314.6499938964844,359235
2026-06-02 15:00:00-04:00,314.6600036621094,315.2200012207031,314.6549987792969,315.17999267578125,333436
2026-06-02 15:05:00-04:00,315.17999267578125,315.2099914550781,314.8800048828125,314.9100036621094,286607
2026-06-02 15:10:00-04:00,314.9200134277344,315.1499938964844,314.6903991699219,314.7449951171875,334643
2026-06-02 15:15:00-04:00,314.7449951171875,314.9765930175781,314.70001220703125,314.94000244140625,285901
2026-06-02 15:20:00-04:00,314.94000244140625,315.05999755859375,314.760009765625,314.8299865722656,302557
2026-06-02 15:25:00-04:00,314.8299865722656,314.8800048828125,314.69000244140625,314.7650146484375,344382
2026-06-02 15:30:00-04:00,314.760009765625,315.0199890136719,314.75,314.9100036621094,298575
2026-06-02 15:35:00-04:00,314.9100036621094,314.92498779296875,314.7699890136719,314.8949890136719,303934
2026-06-02 15:40:00-04:00,314.8900146484375,315.1199951171875,314.8700866699219,314.9649963378906,388398
2026-06-02 15:45:00-04:00,314.9649963378906,315.07000732421875,314.6400146484375,314.6499938964844,494250
2026-06-02 15:50:00-04:00,314.6400146484375,314.8900146484375,314.0299987792969,314.8200988769531,989591
2026-06-02 15:55:00-04:00,314.82000732421875,315.44000244140625,314.69000244140625,315.19000244140625,2121719
2026-06-03 09:30:00-04:00,314.17498779296875,316.6000061035156,314.0,316.1650085449219,2169104
2026-06-03 09:35:00-04:00,316.1400146484375,316.70001220703125,315.7699890136719,316.3399963378906,920490
2026-06-03 09:40:00-04:00,316.352294921875,316.94000244140625,316.0849914550781,316.6300048828125,910740
2026-06-03 09:45:00-04:00,316.6050109863281,316.7699890136719,315.70001220703125,316.29998779296875,1019866
2026-06-03 09:50:00-04:00,316.30999755859375,316.45001220703125,315.4800109863281,315.5,713435
2026-06-03 09:55:00-04:00,315.510009765625,316.125,314.80999755859375,314.8900146484375,669569
2026-06-03 10:00:00-04:00,314.8599853515625,315.3949890136719,314.19000244140625,315.3699951171875,833827
2026-06-03 10:05:00-04:00,315.364990234375,315.6499938964844,314.8380126953125,315.239990234375,435347
2026-06-03 10:10:00-04:00,315.2699890136719,315.9599914550781,315.25,315.83990478515625,510352
2026-06-03 10:15:00-04:00,315.80999755859375,315.9200134277344,315.4100036621094,315.54998779296875,368685
2026-06-03 10:20:00-04:00,315.5400085449219,315.57000732421875,314.6300048828125,314.6400146484375,434323
2026-06-03 10:25:00-04:00,314.6449890136719,314.7898864746094,314.260009765625,314.3500061035156,410451
2026-06-03 10:30:00-04:00,314.3699951171875,314.6499938964844,313.8349914550781,313.9100036621094,661138
2026-06-03 10:35:00-04:00,313.8999938964844,314.07000732421875,313.30999755859375,313.3550109863281,417180
2026-06-03 10:40:00-04:00,313.3550109863281,313.6600036621094,313.0150146484375,313.0295104980469,522789
2026-06-03 10:45:00-04:00,313.03900146484375,313.1000061035156,312.1700134277344,312.3699951171875,743648
2026-06-03 10:50:00-04:00,312.3699951171875,312.5,311.8399963378906,311.8699951171875,663565
2026-06-03 10:55:00-04:00,311.8900146484375,312.0101013183594,311.1400146484375,311.510009765625,586075
2026-06-03 11:00:00-04:00,311.510009765625,311.9179992675781,311.1050109863281,311.2099914550781,500847
2026-06-03 11:05:00-04:00,311.19000244140625,311.760009765625,311.19000244140625,311.2799987792969,490821
2026-06-03 11:10:00-04:00,311.2898864746094,311.32000732421875,310.3999938964844,310.60040283203125,648765
2026-06-03 11:15:00-04:00,310.6000061035156,311.2300109863281,310.30999755859375,311.2300109863281,538995
2026-06-03 11:20:00-04:00,311.20001220703125,311.5,310.92999267578125,310.93499755859375,371336
2026-06-03 11:25:00-04:00,310.92999267578125,311.8699951171875,310.864990234375,311.6600036621094,403987
2026-06-03 11:30:00-04:00,311.6400146484375,312.19000244140625,311.4700012207031,311.5,323008
2026-06-03 11:35:00-04:00,311.5249938964844,311.6000061035156,311.1600036621094,311.45001220703125,512305
2026-06-03 11:40:00-04:00,311.4549865722656,311.7799987792969,311.2099914550781,311.5299987792969,2046323
2026-06-03 11:45:00-04:00,311.5299987792969,311.6099853515625,311.25,311.3299865722656,333800
2026-06-03 11:50:00-04:00,311.32501220703125,311.6600036621094,311.2900085449219,311.45001220703125,214715
2026-06-03 11:55:00-04:00,311.45001220703125,311.7200012207031,311.3399963378906,311.4999084472656,429895
2026-06-03 12:00:00-04:00,311.489990234375,311.8291931152344,311.3900146484375,311.80999755859375,221007
2026-06-03 12:05:00-04:00,311.79998779296875,311.80999755859375,310.92999267578125,311.1050109863281,345874
2026-06-03 12:10:00-04:00,311.1099853515625,311.3500061035156,310.94000244140625,311.2799987792969,208301
2026-06-03 12:15:00-04:00,311.2900085449219,311.3299865722656,310.7799987792969,311.0,946265
2026-06-03 12:20:00-04:00,311.0150146484375,311.0150146484375,310.1099853515625,310.3550109863281,410226
2026-06-03 12:25:00-04:00,310.3399963378906,310.3699951171875,309.510009765625,309.7601013183594,560905
2026-06-03 12:30:00-04:00,309.760009765625,310.07000732421875,309.32000732421875,309.9700012207031,465307
2026-06-03 12:35:00-04:00,309.9700012207031,310.0,309.5400085449219,309.70001220703125,312545
2026-06-03 12:40:00-04:00,309.69500732421875,309.8399963378906,309.54998779296875,309.7449951171875,314598
2026-06-03 12:45:00-04:00,309.9800109863281,310.1499938964844,309.8399963378906,309.8800048828125,380013
2026-06-03 12:50:00-04:00,309.95001220703125,310.19000244140625,309.7510070800781,310.1650085449219,302697
2026-06-03 12:55:00-04:00,310.04998779296875,310.4649963378906,309.989990234375,310.260009765625,185822
2026-06-03 13:00:00-04:00,310.2799987792969,310.32000732421875,309.8302001953125,309.9100036621094,342172
2026-06-03 13:05:00-04:00,309.9100036621094,310.260009765625,309.82000732421875,309.8900146484375,223717
2026-06-03 13:10:00-04:00,309.8949890136719,309.92999267578125,309.1571044921875,309.2200012207031,235954
2026-06-03 13:15:00-04:00,309.2200012207031,309.3699951171875,308.8500061035156,308.95001220703125,359837
2026-06-03 13:20:00-04:00,308.9649963378906,309.3324890136719,308.92999267578125,309.1400146484375,328362
2026-06-03 13:25:00-04:00,309.2200012207031,309.29998779296875,308.95001220703125,309.2099914550781,197983
2026-06-03 13:30:00-04:00,309.19500732421875,309.4100036621094,308.9800109863281,309.3450012207031,267091
2026-06-03 13:35:00-04:00,309.3800048828125,309.6400146484375,309.3699951171875,309.4198913574219,152773
2026-06-03 13:40:00-04:00,309.4200134277344,309.7149963378906,309.3999938964844,309.4800109863281,180149
2026-06-03 13:45:00-04:00,309.4599914550781,309.4999084472656,309.25,309.3299865722656,203591
2026-06-03 13:50:00-04:00,309.3399963378906,309.55999755859375,309.3399963378906,309.5299987792969,207359
2026-06-03 13:55:00-04:00,309.53509521484375,309.5899963378906,309.30999755859375,309.30999755859375,179313
2026-06-03 14:00:00-04:00,309.3349914550781,309.489990234375,309.2699890136719,309.30999755859375,183549
2026-06-03 14:05:00-04:00,309.31500244140625,309.31500244140625,309.010009765625,309.1000061035156,191927
2026-06-03 14:10:00-04:00,309.0799865722656,309.7300109863281,309.07000732421875,309.32501220703125,287453
2026-06-03 14:15:00-04:00,309.30999755859375,309.6000061035156,309.2900085449219,309.597412109375,174051
2026-06-03 14:20:00-04:00,309.6000061035156,309.67498779296875,309.3500061035156,309.64990234375,195494
2026-06-03 14:25:00-04:00,309.6400146484375,309.9800109863281,309.6400146484375,309.8399963378906,245183
2026-06-03 14:30:00-04:00,309.8399963378906,309.94000244140625,309.2699890136719,309.42498779296875,235215
2026-06-03 14:35:00-04:00,309.4200134277344,309.67999267578125,309.3299865722656,309.4200134277344,223472
2026-06-03 14:40:00-04:00,309.42498779296875,309.75,309.3299865722656,309.5762023925781,210746
2026-06-03 14:45:00-04:00,309.57501220703125,309.7200012207031,309.5700988769531,309.69000244140625,188637
2026-06-03 14:50:00-04:00,309.6900939941406,309.82501220703125,309.6199951171875,309.7300109863281,213413
2026-06-03 14:55:00-04:00,309.7200012207031,309.9049987792969,309.7200012207031,309.82000732421875,250319
2026-06-03 15:00:00-04:00,309.81500244140625,310.0,309.760009765625,309.8299865722656,252422
2026-06-03 15:05:00-04:00,309.8299865722656,309.95001220703125,309.69000244140625,309.7449951171875,242288
2026-06-03 15:10:00-04:00,309.7449951171875,309.8900146484375,309.489990234375,309.8599853515625,253917
2026-06-03 15:15:00-04:00,309.8550109863281,310.20001220703125,309.79998779296875,310.0950012207031,325784
2026-06-03 15:20:00-04:00,310.0899963378906,310.2799987792969,309.92999267578125,310.0899963378906,352629
2026-06-03 15:25:00-04:00,310.0899963378906,310.5400085449219,310.0899963378906,310.4150085449219,374919
2026-06-03 15:30:00-04:00,310.4150085449219,310.8500061035156,310.3999938964844,310.6050109863281,470669
2026-06-03 15:35:00-04:00,310.6011962890625,311.03570556640625,310.590087890625,311.0150146484375,404134
2026-06-03 15:40:00-04:00,311.010009765625,311.1000061035156,310.8800048828125,310.9222106933594,414326
2026-06-03 15:45:00-04:00,310.92999267578125,310.989990234375,310.5299987792969,310.95001220703125,510400
2026-06-03 15:50:00-04:00,310.95001220703125,310.9599914550781,309.5,309.5849914550781,981702
2026-06-03 15:55:00-04:00,309.59698486328125,310.5400085449219,309.20001220703125,310.3800048828125,3781415
2026-06-04 09:30:00-04:00,313.30499267578125,313.5400085449219,310.6099853515625,310.8500061035156,4281945
2026-06-04 09:35:00-04:00,310.885009765625,311.7850036621094,310.4359130859375,311.5849914550781,671245
2026-06-04 09:40:00-04:00,311.5849914550781,312.409912109375,311.3800048828125,311.8900146484375,564605
2026-06-04 09:45:00-04:00,311.8999938964844,312.32000732421875,310.8399963378906,312.07501220703125,646880
2026-06-04 09:50:00-04:00,312.0400085449219,312.4700012207031,311.54998779296875,311.7699890136719,411532
2026-06-04 09:55:00-04:00,311.7699890136719,312.4049987792969,311.75,312.3800048828125,399073
2026-06-04 10:00:00-04:00,312.364990234375,312.3699951171875,311.67999267578125,311.8900146484375,401388
2026-06-04 10:05:00-04:00,311.8387145996094,311.91400146484375,310.92999267578125,311.2699890136719,489711
2026-06-04 10:10:00-04:00,311.2300109863281,311.7200012207031,310.79998779296875,311.397705078125,554693
2026-06-04 10:15:00-04:00,311.42498779296875,311.875,310.9599914550781,311.1099853515625,338978
2026-06-04 10:20:00-04:00,311.1050109863281,311.44000244140625,310.6499938964844,310.9750061035156,403682
2026-06-04 10:25:00-04:00,310.9700012207031,311.0199890136719,309.90008544921875,310.25,476277
2026-06-04 10:30:00-04:00,310.260009765625,310.8500061035156,310.05999755859375,310.7799987792969,369408
2026-06-04 10:35:00-04:00,310.760009765625,310.8349914550781,310.1099853515625,310.18499755859375,306401
2026-06-04 10:40:00-04:00,310.19000244140625,310.4700012207031,310.17999267578125,310.42010498046875,268810
2026-06-04 10:45:00-04:00,310.42999267578125,310.760009765625,309.9302062988281,310.0851135253906,299378
2026-06-04 10:50:00-04:00,310.0849914550781,310.3349914550781,309.79998779296875,309.9849853515625,358027
2026-06-04 10:55:00-04:00,309.989990234375,310.4599914550781,309.989990234375,310.42999267578125,381382
2026-06-04 11:00:00-04:00,310.42999267578125,311.0799865722656,310.42498779296875,310.69500732421875,365428
2026-06-04 11:05:00-04:00,310.7200012207031,311.3500061035156,310.6700134277344,311.1983947753906,312554
2026-06-04 11:10:00-04:00,311.20001220703125,311.2749938964844,310.8299865722656,310.8550109863281,221048
2026-06-04 11:15:00-04:00,310.8599853515625,311.29998779296875,310.739990234375,310.8299865722656,277988
2026-06-04 11:20:00-04:00,310.8299865722656,310.8399963378906,310.2650146484375,310.45001220703125,241172
2026-06-04 11:25:00-04:00,310.45001220703125,310.5199890136719,310.2300109863281,310.3999938964844,200144
2026-06-04 11:30:00-04:00,310.4100036621094,310.57000732421875,309.6499938964844,309.8450012207031,329303
2026-06-04 11:35:00-04:00,309.8598937988281,310.30499267578125,309.8550109863281,310.2200012207031,264092
2026-06-04 11:40:00-04:00,310.2200012207031,310.32501220703125,310.0199890136719,310.19000244140625,203289
2026-06-04 11:45:00-04:00,310.17999267578125,310.2650146484375,309.9849853515625,310.19000244140625,249460
2026-06-04 11:50:00-04:00,310.17999267578125,310.2850036621094,310.0400085449219,310.0700988769531,273627
2026-06-04 11:55:00-04:00,310.0700988769531,310.4200134277344,309.9700012207031,310.3699951171875,319720
2026-06-04 12:00:00-04:00,310.3999938964844,310.7349853515625,310.260009765625,310.5444030761719,370744
2026-06-04 12:05:00-04:00,310.5299987792969,310.8399963378906,310.4200134277344,310.7300109863281,199517
2026-06-04 12:10:00-04:00,310.739990234375,310.95989990234375,310.70001220703125,310.8550109863281,262808
2026-06-04 12:15:00-04:00,310.8500061035156,311.05999755859375,310.70989990234375,310.875,228384
2026-06-04 12:20:00-04:00,310.8800048828125,311.1099853515625,310.8450012207031,310.9700012207031,194108
2026-06-04 12:25:00-04:00,310.989990234375,311.0299987792969,310.5799865722656,310.6300048828125,207779
2026-06-04 12:30:00-04:00,310.6300048828125,311.1799011230469,310.4800109863281,311.04998779296875,258187
2026-06-04 12:35:00-04:00,311.04998779296875,311.4898986816406,310.82000732421875,311.44061279296875,507493
2026-06-04 12:40:00-04:00,311.4549865722656,311.4549865722656,311.1650085449219,311.4100036621094,258464
2026-06-04 12:45:00-04:00,311.4100036621094,311.44000244140625,311.07000732421875,311.1000061035156,267275
2026-06-04 12:50:00-04:00,311.114990234375,311.6000061035156,311.0,311.5751037597656,420968
2026-06-04 12:55:00-04:00,311.5701904296875,311.7900085449219,311.2650146484375,311.4049987792969,450800
2026-06-04 13:00:00-04:00,311.4100036621094,311.70001220703125,311.2308044433594,311.3450012207031,295368
2026-06-04 13:05:00-04:00,311.3500061035156,311.364990234375,311.07000732421875,311.1449890136719,202291
2026-06-04 13:10:00-04:00,311.1499938964844,311.2250061035156,310.9599914550781,311.07000732421875,264525
2026-06-04 13:15:00-04:00,311.07000732421875,311.3900146484375,310.9800109863281,311.2900085449219,228129
2026-06-04 13:20:00-04:00,311.2950134277344,311.6300048828125,311.2950134277344,311.5502014160156,184573
2026-06-04 13:25:00-04:00,311.54998779296875,311.7049865722656,311.5,311.6650085449219,176534
2026-06-04 13:30:00-04:00,311.6700134277344,311.9750061035156,311.6499938964844,311.80999755859375,263578
2026-06-04 13:35:00-04:00,311.79998779296875,311.8900146484375,311.6300048828125,311.67498779296875,177944
2026-06-04 13:40:00-04:00,311.6799011230469,311.8399963378906,311.6499938964844,311.69000244140625,128796
2026-06-04 13:45:00-04:00,311.6799011230469,311.69000244140625,311.18499755859375,311.2591857910156,165561
2026-06-04 13:50:00-04:00,311.25,311.3999938964844,311.239990234375,311.3500061035156,178690
2026-06-04 13:55:00-04:00,311.3599853515625,311.364990234375,311.2149963378906,311.239990234375,185679
2026-06-04 14:00:00-04:00,311.2300109863281,311.3699951171875,310.989990234375,311.2799987792969,266891
2026-06-04 14:05:00-04:00,311.2900085449219,311.4649963378906,311.2449951171875,311.360107421875,195794
2026-06-04 14:10:00-04:00,311.3599853515625,311.3900146484375,311.2300109863281,311.3164978027344,130635
2026-06-04 14:15:00-04:00,311.32000732421875,311.5752868652344,311.29998779296875,311.489990234375,172791
2026-06-04 14:20:00-04:00,311.4800109863281,311.6499938964844,311.29010009765625,311.29998779296875,169612
2026-06-04 14:25:00-04:00,311.30499267578125,311.4599914550781,311.2349853515625,311.4200134277344,170946
2026-06-04 14:30:00-04:00,311.4100036621094,311.6600036621094,311.35919189453125,311.5799865722656,222636
2026-06-04 14:35:00-04:00,311.5799865722656,311.9700012207031,311.54998779296875,311.9700012207031,232498
2026-06-04 14:40:00-04:00,311.9729919433594,311.9750061035156,311.760009765625,311.9549865722656,200257
2026-06-04 14:45:00-04:00,311.9551086425781,311.989990234375,311.6499938964844,311.6650085449219,169040
2026-06-04 14:50:00-04:00,311.6650085449219,311.67999267578125,311.4400939941406,311.510009765625,175852
2026-06-04 14:55:00-04:00,311.5119934082031,311.82000732421875,311.5,311.7300109863281,288159
2026-06-04 15:00:00-04:00,311.7250061035156,311.875,311.69000244140625,311.864990234375,182648
2026-06-04 15:05:00-04:00,311.8599853515625,311.89990234375,311.7550048828125,311.82000732421875,171426
2026-06-04 15:10:00-04:00,311.82501220703125,311.8500061035156,311.6600036621094,311.82501220703125,231586
2026-06-04 15:15:00-04:00,311.82501220703125,312.04998779296875,311.7300109863281,311.739990234375,288586
2026-06-04 15:20:00-04:00,311.75,312.07000732421875,311.7145080566406,311.989990234375,215886
2026-06-04 15:25:00-04:00,311.9750061035156,312.0,311.8699951171875,311.94000244140625,234365
2026-06-04 15:30:00-04:00,311.94000244140625,311.9599914550781,311.2699890136719,311.31500244140625,274469
2026-06-04 15:35:00-04:00,311.31500244140625,311.48980712890625,311.0400085449219,311.4700012207031,382232
2026-06-04 15:40:00-04:00,311.47900390625,311.5,311.2749938964844,311.4100036621094,255784
2026-06-04 15:45:00-04:00,311.4100036621094,311.6000061035156,310.260009765625,311.3500061035156,325742
2026-06-04 15:50:00-04:00,311.3599853515625,311.95001220703125,311.3599853515625,311.7900085449219,735260
2026-06-04 15:55:00-04:00,311.7799987792969,311.79998779296875,311.0899963378906,311.1600036621094,2176990
2026-06-05 09:30:00-04:00,312.989990234375,314.25,312.3999938964844,313.3299865722656,2194265
2026-06-05 09:35:00-04:00,313.3399963378906,314.2699890136719,313.1099853515625,313.9750061035156,833703
2026-06-05 09:40:00-04:00,313.9750061035156,314.2699890136719,313.3699951171875,313.6899108886719,809272
2026-06-05 09:45:00-04:00,313.69000244140625,314.5,313.4100036621094,314.44000244140625,963330
2026-06-05 09:50:00-04:00,314.44000244140625,314.4700012207031,312.9700012207031,313.0849914550781,837995
2026-06-05 09:55:00-04:00,313.1099853515625,313.7099914550781,313.0400085449219,313.6600036621094,619816
2026-06-05 10:00:00-04:00,313.6700134277344,313.75,313.05999755859375,313.3599853515625,686223
2026-06-05 10:05:00-04:00,313.3822937011719,313.6499938964844,312.5,312.9800109863281,696687
2026-06-05 10:10:00-04:00,312.9757995605469,313.5899963378906,312.69500732421875,313.55999755859375,928407
2026-06-05 10:15:00-04:00,313.57501220703125,315.1700134277344,313.57000732421875,314.4100036621094,1080028
2026-06-05 10:20:00-04:00,314.4100036621094,314.5,313.44000244140625,313.8349914550781,540463
2026-06-05 10:25:00-04:00,313.8500061035156,314.04998779296875,313.1499938964844,313.42498779296875,470510
2026-06-05 10:30:00-04:00,313.4200134277344,314.466796875,313.1000061035156,314.42999267578125,569815
2026-06-05 10:35:00-04:00,314.42999267578125,314.75,313.7601013183594,313.8299865722656,412441
2026-06-05 10:40:00-04:00,313.8550109863281,314.18499755859375,313.4599914550781,314.15509033203125,437251
2026-06-05 10:45:00-04:00,314.1499938964844,314.260009765625,313.6400146484375,313.7650146484375,310183
2026-06-05 10:50:00-04:00,313.75,313.82000732421875,312.239990234375,312.53228759765625,559032
2026-06-05 10:55:00-04:00,312.57000732421875,313.04998779296875,312.32000732421875,312.9800109863281,402741
2026-06-05 11:00:00-04:00,313.0,313.32000732421875,312.9800109863281,313.29998779296875,280946
2026-06-05 11:05:00-04:00,313.32000732421875,313.42999267578125,313.0799865722656,313.2799987792969,301812
2026-06-05 11:10:00-04:00,313.2550048828125,313.489990234375,312.9700012207031,313.0,288366
2026-06-05 11:15:00-04:00,313.01141357421875,313.4100036621094,313.0,313.06500244140625,321844
2026-06-05 11:20:00-04:00,313.0799865722656,313.3587951660156,312.6199951171875,312.8599853515625,378101
2026-06-05 11:25:00-04:00,312.8699951171875,313.57000732421875,312.8113098144531,313.42999267578125,483946
2026-06-05 11:30:00-04:00,313.4200134277344,314.05999755859375,313.3999938964844,313.92999267578125,481830
2026-06-05 11:35:00-04:00,313.9100036621094,314.14990234375,313.4800109863281,313.5199890136719,535389
2026-06-05 11:40:00-04:00,313.5150146484375,313.9898986816406,313.3550109863281,313.5,397714
2026-06-05 11:45:00-04:00,313.5,313.6210021972656,312.8699951171875,313.0299987792969,266246
2026-06-05 11:50:00-04:00,313.0299987792969,313.29998779296875,312.93499755859375,313.03509521484375,253977
2026-06-05 11:55:00-04:00,313.07000732421875,313.5199890136719,312.95001220703125,313.42999267578125,272398
2026-06-05 12:00:00-04:00,313.4200134277344,313.54998779296875,313.1549987792969,313.44500732421875,230774
2026-06-05 12:05:00-04:00,313.43011474609375,313.44000244140625,312.6499938964844,312.9049987792969,430936
2026-06-05 12:10:00-04:00,312.8999938964844,313.29998779296875,312.7699890136719,313.1400146484375,379989
2026-06-05 12:15:00-04:00,313.1379089355469,313.2449951171875,312.4599914550781,312.6400146484375,426817
2026-06-05 12:20:00-04:00,312.6499938964844,312.79998779296875,311.8500061035156,312.1189880371094,518771
2026-06-05 12:25:00-04:00,312.1099853515625,312.3900146484375,311.8999938964844,312.0,339994
2026-06-05 12:30:00-04:00,312.0050048828125,312.1499938964844,311.75,311.9100036621094,488768
2026-06-05 12:35:00-04:00,311.8999938964844,311.9895935058594,310.885009765625,311.0899963378906,692987
2026-06-05 12:40:00-04:00,311.1050109863281,311.2300109863281,310.79998779296875,311.05999755859375,494192
2026-06-05 12:45:00-04:00,311.0400085449219,311.46990966796875,310.8349914550781,311.42999267578125,565107
2026-06-05 12:50:00-04:00,311.4200134277344,311.67999267578125,310.9100036621094,310.989990234375,561023
2026-06-05 12:55:00-04:00,310.9800109863281,311.1199951171875,310.6600036621094,310.8800048828125,1779667
2026-06-05 13:00:00-04:00,310.8999938964844,311.0,309.7699890136719,309.8349914550781,1199911
2026-06-05 13:05:00-04:00,309.82000732421875,310.01251220703125,309.5799865722656,309.9200134277344,359085
2026-06-05 13:10:00-04:00,309.8999938964844,310.5899963378906,309.8900146484375,310.5150146484375,494361
2026-06-05 13:15:00-04:00,310.5150146484375,310.7799987792969,310.3599853515625,310.6549987792969,244807
2026-06-05 13:20:00-04:00,310.6700134277344,311.32000732421875,310.5,311.29998779296875,375002
2026-06-05 13:25:00-04:00,311.2950134277344,311.5199890136719,310.95001220703125,311.510009765625,467197
2026-06-05 13:30:00-04:00,311.4949951171875,311.8500061035156,311.3800048828125,311.840087890625,355777
2026-06-05 13:35:00-04:00,311.8349914550781,312.0,311.5299987792969,311.67010498046875,355995
2026-06-05 13:40:00-04:00,311.6769104003906,311.8699951171875,311.5,311.7099914550781,275111
2026-06-05 13:45:00-04:00,311.7200012207031,311.8999938964844,311.6653137207031,311.7900085449219,275341
2026-06-05 13:50:00-04:00,311.7799987792969,312.1700134277344,311.7200012207031,312.1499938964844,258155
2026-06-05 13:55:00-04:00,312.1400146484375,312.6416931152344,312.1199951171875,312.5199890136719,420990
2026-06-05 14:00:00-04:00,312.5400085449219,312.6499938964844,312.0400085449219,312.1400146484375,355421
2026-06-05 14:05:00-04:00,312.1300048828125,312.30999755859375,311.9200134277344,312.19500732421875,275752
2026-06-05 14:10:00-04:00,312.19500732421875,312.260009765625,311.8900146484375,312.0398864746094,347285
2026-06-05 14:15:00-04:00,312.0,312.7799072265625,311.9200134277344,312.5299987792969,523948
2026-06-05 14:20:00-04:00,312.5299987792969,312.79998779296875,312.04998779296875,312.20001220703125,440675
2026-06-05 14:25:00-04:00,312.20001220703125,312.239990234375,311.4700012207031,311.5260009765625,551077
2026-06-05 14:30:00-04:00,311.5400085449219,312.0199890136719,311.45001220703125,311.9700012207031,590214
2026-06-05 14:35:00-04:00,311.5400085449219,311.625,310.78009033203125,310.79998779296875,807953
2026-06-05 14:40:00-04:00,310.82000732421875,310.8599853515625,310.0199890136719,310.0899963378906,594809
2026-06-05 14:45:00-04:00,310.1000061035156,310.3500061035156,309.7701110839844,310.3500061035156,2348856
2026-06-05 14:50:00-04:00,310.3500061035156,310.4599914550781,309.67999267578125,310.2279052734375,1727435
2026-06-05 14:55:00-04:00,310.2300109863281,310.57000732421875,309.4599914550781,309.4700012207031,622953
2026-06-05 15:00:00-04:00,309.4700012207031,309.67999267578125,309.1199951171875,309.4020080566406,596278
2026-06-05 15:05:00-04:00,309.4043884277344,309.4150085449219,308.7356872558594,308.7900085449219,630789
2026-06-05 15:10:00-04:00,308.7998962402344,309.0,308.239990234375,308.4649963378906,897852
2026-06-05 15:15:00-04:00,308.44000244140625,308.45001220703125,307.1499938964844,307.69000244140625,1039215
2026-06-05 15:20:00-04:00,307.69000244140625,308.0400085449219,307.43011474609375,307.885009765625,762369
2026-06-05 15:25:00-04:00,307.8999938964844,308.9100036621094,307.8999938964844,308.9100036621094,637892
2026-06-05 15:30:00-04:00,308.8800048828125,308.9800109863281,308.385009765625,308.43499755859375,567961
2026-06-05 15:35:00-04:00,308.43499755859375,308.70001220703125,308.3500061035156,308.56500244140625,612663
2026-06-05 15:40:00-04:00,308.54998779296875,308.6400146484375,307.92999267578125,308.1000061035156,755185
2026-06-05 15:45:00-04:00,308.0899963378906,308.44000244140625,307.92999267578125,308.3301086425781,813660
2026-06-05 15:50:00-04:00,308.3500061035156,308.82000732421875,308.0249938964844,308.82000732421875,1173190
2026-06-05 15:55:00-04:00,308.8030090332031,308.80999755859375,307.3599853515625,307.3900146484375,3353935
2026-06-08 09:30:00-04:00,308.739013671875,315.1700134277344,308.5220031738281,313.57000732421875,4505730
2026-06-08 09:35:00-04:00,313.6050109863281,314.09991455078125,311.715087890625,311.8699951171875,981864
2026-06-08 09:40:00-04:00,311.8699951171875,312.0799865722656,311.07000732421875,311.489990234375,778711
2026-06-08 09:45:00-04:00,311.4949951171875,311.6700134277344,310.6050109863281,311.6499938964844,721706
2026-06-08 09:50:00-04:00,311.6300048828125,312.7699890136719,311.5010070800781,312.489990234375,543301
2026-06-08 09:55:00-04:00,312.4800109863281,312.6499938964844,310.82000732421875,310.9200134277344,495230
2026-06-08 10:00:00-04:00,310.9599914550781,312.0,310.7449951171875,311.6400146484375,510187
2026-06-08 10:05:00-04:00,311.6300048828125,312.42999267578125,311.30999755859375,311.5400085449219,515986
2026-06-08 10:10:00-04:00,311.57000732421875,311.6000061035156,310.8500061035156,310.92999267578125,433058
2026-06-08 10:15:00-04:00,310.9100036621094,310.9100036621094,309.9169006347656,310.32000732421875,512738
2026-06-08 10:20:00-04:00,310.29998779296875,311.5237121582031,310.1700134277344,311.4849853515625,457092
2026-06-08 10:25:00-04:00,311.4798889160156,312.2762145996094,311.30999755859375,311.9750061035156,406122
2026-06-08 10:30:00-04:00,311.9599914550781,312.5400085449219,311.7799987792969,312.3699951171875,407171
2026-06-08 10:35:00-04:00,312.3800048828125,312.510009765625,312.0199890136719,312.489990234375,469019
2026-06-08 10:40:00-04:00,312.489990234375,312.9599914550781,312.3399963378906,312.8699951171875,459903
2026-06-08 10:45:00-04:00,312.8900146484375,314.4299011230469,312.8900146484375,314.0799865722656,734310
2026-06-08 10:50:00-04:00,314.07000732421875,314.9700012207031,313.9800109863281,314.54998779296875,515785
2026-06-08 10:55:00-04:00,314.55999755859375,315.3599853515625,314.25,315.2699890136719,761476
2026-06-08 11:00:00-04:00,315.260009765625,315.3500061035156,314.57000732421875,314.6499938964844,473284
2026-06-08 11:05:00-04:00,314.6499938964844,315.04998779296875,314.5899963378906,314.8599853515625,399448
2026-06-08 11:10:00-04:00,314.8800048828125,314.8900146484375,314.2619934082031,314.2850036621094,340548
2026-06-08 11:15:00-04:00,314.2900085449219,314.5950012207031,314.0899963378906,314.30999755859375,318770
2026-06-08 11:20:00-04:00,314.2799987792969,314.57000732421875,314.05999755859375,314.40509033203125,318104
2026-06-08 11:25:00-04:00,314.4200134277344,314.44000244140625,313.875,313.92999267578125,321630
2026-06-08 11:30:00-04:00,313.92999267578125,313.9800109863281,313.32000732421875,313.5799865722656,492539
2026-06-08 11:35:00-04:00,313.5799865722656,314.1700134277344,313.3299865722656,313.9700012207031,580289
2026-06-08 11:40:00-04:00,313.95001220703125,314.2998962402344,313.82501220703125,314.1799011230469,446294
2026-06-08 11:45:00-04:00,314.20001220703125,314.6000061035156,313.94000244140625,314.0425109863281,282242
2026-06-08 11:50:00-04:00,314.0450134277344,314.32989501953125,313.94000244140625,314.0849914550781,270495
2026-06-08 11:55:00-04:00,314.0849914550781,314.0849914550781,313.4599914550781,313.6099853515625,379190
2026-06-08 12:00:00-04:00,313.6199951171875,314.07000732421875,313.3200988769531,313.7430114746094,621788
2026-06-08 12:05:00-04:00,313.7401123046875,314.1000061035156,313.4100036621094,313.94000244140625,462549
2026-06-08 12:10:00-04:00,313.95001220703125,314.3900146484375,313.8800048828125,314.0450134277344,486439
2026-06-08 12:15:00-04:00,314.04998779296875,314.760009765625,314.0150146484375,314.625,354073
2026-06-08 12:20:00-04:00,314.6400146484375,314.989990234375,314.4400939941406,314.5299987792969,303950
2026-06-08 12:25:00-04:00,314.54998779296875,314.70001220703125,313.6300964355469,313.6650085449219,292387
2026-06-08 12:30:00-04:00,313.67999267578125,313.7911071777344,313.1315002441406,313.1700134277344,329536
2026-06-08 12:35:00-04:00,313.17999267578125,313.2699890136719,312.8599853515625,313.1449890136719,390233
2026-06-08 12:40:00-04:00,313.1449890136719,313.30999755859375,312.9200134277344,313.2850036621094,396749
2026-06-08 12:45:00-04:00,313.2799987792969,314.0899963378906,313.2099914550781,313.81500244140625,414390
2026-06-08 12:50:00-04:00,313.80999755859375,313.9800109863281,313.4750061035156,313.6300048828125,324823
2026-06-08 12:55:00-04:00,313.6400146484375,313.7300109863281,313.4599914550781,313.5,265141
2026-06-08 13:00:00-04:00,313.510009765625,313.5199890136719,312.760009765625,313.30999755859375,501254
2026-06-08 13:05:00-04:00,313.2799987792969,314.5,312.7300109863281,313.62200927734375,908016
2026-06-08 13:10:00-04:00,313.69000244140625,313.739990234375,312.5899963378906,313.4599914550781,549050
2026-06-08 13:15:00-04:00,313.4649963378906,313.7300109863281,312.3399963378906,312.7650146484375,423375
2026-06-08 13:20:00-04:00,312.7799987792969,313.0899963378906,312.2099914550781,312.5199890136719,306908
2026-06-08 13:25:00-04:00,312.5150146484375,314.69000244140625,312.260009765625,314.57000732421875,719990
2026-06-08 13:30:00-04:00,314.56500244140625,317.3999938964844,314.4200134277344,316.9949951171875,2322225
2026-06-08 13:35:00-04:00,317.010009765625,317.1299133300781,311.6300048828125,312.7250061035156,2306945
2026-06-08 13:40:00-04:00,312.75,312.9800109863281,308.7200012207031,308.8299865722656,2397098
2026-06-08 13:45:00-04:00,308.8450012207031,309.69000244140625,308.0299987792969,309.0150146484375,1745786
2026-06-08 13:50:00-04:00,309.010009765625,310.2900085449219,307.57000732421875,310.1300048828125,1501290
2026-06-08 13:55:00-04:00,310.1400146484375,310.2200012207031,308.05999755859375,308.4549865722656,1071722
2026-06-08 14:00:00-04:00,308.5,309.0400085449219,305.6099853515625,305.8800048828125,1510748
2026-06-08 14:05:00-04:00,305.9049987792969,306.75,303.7099914550781,304.3800048828125,2124826
2026-06-08 14:10:00-04:00,304.44000244140625,306.44989013671875,304.24249267578125,304.7200012207031,1880180
2026-06-08 14:15:00-04:00,304.7200012207031,306.0,304.3399963378906,305.17498779296875,1185893
2026-06-08 14:20:00-04:00,305.17999267578125,305.57000732421875,304.2650146484375,305.5299987792969,995107
2026-06-08 14:25:00-04:00,305.5799865722656,305.6000061035156,303.72369384765625,304.8599853515625,886008
2026-06-08 14:30:00-04:00,304.8999938964844,305.5299987792969,303.7799987792969,303.875,870013
2026-06-08 14:35:00-04:00,303.8500061035156,304.45001220703125,303.2200012207031,303.5199890136719,941133
2026-06-08 14:40:00-04:00,303.5199890136719,303.6600036621094,302.67999267578125,302.8299865722656,900525
2026-06-08 14:45:00-04:00,302.8299865722656,304.2900085449219,302.7699890136719,303.8550109863281,910637
2026-06-08 14:50:00-04:00,303.8500061035156,304.0799865722656,303.42999267578125,303.7449951171875,530873
2026-06-08 14:55:00-04:00,303.7449951171875,304.1709899902344,303.55999755859375,303.80999755859375,612128
2026-06-08 15:00:00-04:00,303.8500061035156,304.760009765625,303.5,304.614990234375,688831
2026-06-08 15:05:00-04:00,304.6199951171875,304.7699890136719,303.7904052734375,303.92999267578125,1299258
2026-06-08 15:10:00-04:00,303.9700012207031,304.4800109863281,303.6300048828125,304.25,493595
2026-06-08 15:15:00-04:00,304.25,304.8800048828125,303.8299865722656,304.0199890136719,790374
2026-06-08 15:20:00-04:00,304.0199890136719,304.2900085449219,302.05010986328125,302.3611145019531,990920
2026-06-08 15:25:00-04:00,302.3399963378906,302.989990234375,302.2099914550781,302.7049865722656,865840
2026-06-08 15:30:00-04:00,302.7099914550781,302.82000732421875,301.9100036621094,302.0299987792969,912369
2026-06-08 15:35:00-04:00,302.0299987792969,303.05999755859375,301.7900085449219,302.6600036621094,734034
2026-06-08 15:40:00-04:00,302.6600036621094,303.2445068359375,302.260009765625,302.8299865722656,678415
2026-06-08 15:45:00-04:00,302.8500061035156,302.8500061035156,301.739990234375,302.010009765625,1072307
2026-06-08 15:50:00-04:00,302.010009765625,302.2699890136719,301.2300109863281,301.3399963378906,1672477
2026-06-08 15:55:00-04:00,301.3219909667969,301.7799987792969,301.1700134277344,301.57000732421875,2229233
2026-06-09 09:30:00-04:00,300.2749938964844,300.7200012207031,297.590087890625,297.9750061035156,3485687
2026-06-09 09:35:00-04:00,298.0,300.32000732421875,297.67999267578125,298.7200012207031,1113241
2026-06-09 09:40:00-04:00,298.73541259765625,298.9159851074219,297.05999755859375,297.2699890136719,1025605
2026-06-09 09:45:00-04:00,297.239990234375,298.25,296.8999938964844,298.1278991699219,935565
2026-06-09 09:50:00-04:00,298.1000061035156,298.1099853515625,296.82000732421875,296.8900146484375,865430
2026-06-09 09:55:00-04:00,296.8500061035156,296.989990234375,295.94000244140625,296.1499938964844,1100647
2026-06-09 10:00:00-04:00,296.1700134277344,296.2298889160156,294.65008544921875,294.7149963378906,1264254
2026-06-09 10:05:00-04:00,294.7149963378906,295.0899963378906,294.239990234375,294.69500732421875,1190046
2026-06-09 10:10:00-04:00,294.69500732421875,294.7499084472656,293.5,294.0350036621094,969484
2026-06-09 10:15:00-04:00,294.010009765625,294.0299987792969,292.6553039550781,292.7950134277344,1179405
2026-06-09 10:20:00-04:00,292.7900085449219,293.6299133300781,292.2099914550781,293.3700866699219,1492895
2026-06-09 10:25:00-04:00,293.3999938964844,293.5199890136719,292.2799987792969,292.5299987792969,936095
2026-06-09 10:30:00-04:00,292.5191955566406,292.6099853515625,291.79998779296875,292.3399963378906,1128254
2026-06-09 10:35:00-04:00,292.3399963378906,293.760009765625,292.239990234375,293.3599853515625,898305
2026-06-09 10:40:00-04:00,293.3599853515625,293.8800048828125,292.6000061035156,293.2900085449219,834014
2026-06-09 10:45:00-04:00,293.2900085449219,293.32049560546875,292.3699951171875,292.6099853515625,1055825
2026-06-09 10:50:00-04:00,292.5899963378906,292.6400146484375,291.9100036621094,292.610107421875,897585
2026-06-09 10:55:00-04:00,292.6300048828125,293.1600036621094,292.55010986328125,293.1199951171875,660122
2026-06-09 11:00:00-04:00,293.1400146484375,293.5050048828125,292.6199951171875,292.94500732421875,624868
2026-06-09 11:05:00-04:00,292.9599914550781,293.2699890136719,292.5,293.1000061035156,582303
2026-06-09 11:10:00-04:00,293.0899963378906,293.7300109863281,292.7250061035156,293.489990234375,522814
2026-06-09 11:15:00-04:00,293.4849853515625,293.69000244140625,292.9700012207031,293.44000244140625,565315
2026-06-09 11:20:00-04:00,293.44000244140625,293.44000244140625,292.5450134277344,292.57000732421875,502240
2026-06-09 11:25:00-04:00,292.55010986328125,292.6600036621094,291.5,291.5799865722656,887361
2026-06-09 11:30:00-04:00,291.55999755859375,291.7300109863281,291.1499938964844,291.4200134277344,778178
2026-06-09 11:35:00-04:00,291.44000244140625,291.9800109863281,291.2200012207031,291.760009765625,615328
2026-06-09 11:40:00-04:00,291.7200012207031,291.8699951171875,291.1199951171875,291.2099914550781,522845
2026-06-09 11:45:00-04:00,291.2300109863281,291.4898986816406,290.9200134277344,291.3999938964844,640366
2026-06-09 11:50:00-04:00,291.3900146484375,291.8800048828125,290.8999938964844,291.6459045410156,490467
2026-06-09 11:55:00-04:00,291.6600036621094,291.7300109863281,290.92999267578125,291.1700134277344,899058
2026-06-09 12:00:00-04:00,291.1650085449219,291.5,290.92999267578125,291.07000732421875,520383
2026-06-09 12:05:00-04:00,291.04998779296875,291.2950134277344,290.3370056152344,290.6499938964844,931537
2026-06-09 12:10:00-04:00,290.6300048828125,291.3900146484375,290.5899963378906,291.0299987792969,649341
2026-06-09 12:15:00-04:00,291.0,291.1050109863281,290.4800109863281,290.6700134277344,684745
2026-06-09 12:20:00-04:00,290.68499755859375,290.8699951171875,290.0299987792969,290.2099914550781,925527
2026-06-09 12:25:00-04:00,290.2200012207031,290.3699951171875,289.4800109863281,289.5,871700
2026-06-09 12:30:00-04:00,289.5,289.8599853515625,288.7799987792969,288.8699951171875,872852
2026-06-09 12:35:00-04:00,288.860107421875,289.3999938964844,287.79998779296875,288.0400085449219,1125681
2026-06-09 12:40:00-04:00,288.010009765625,288.57501220703125,287.7799987792969,288.44219970703125,1352089
2026-06-09 12:45:00-04:00,288.44000244140625,288.75,287.80999755859375,288.3299865722656,689336
2026-06-09 12:50:00-04:00,288.32000732421875,288.6199951171875,287.94000244140625,287.94500732421875,520596
2026-06-09 12:55:00-04:00,287.94000244140625,289.4100036621094,287.94000244140625,289.1600036621094,759282
2026-06-09 13:00:00-04:00,289.2099914550781,290.1499938964844,289.18011474609375,289.93499755859375,636994
2026-06-09 13:05:00-04:00,289.94500732421875,290.20001220703125,289.7449951171875,290.1000061035156,552995
2026-06-09 13:10:00-04:00,290.1099853515625,290.19000244140625,289.55999755859375,290.010009765625,394095
2026-06-09 13:15:00-04:00,290.010009765625,290.5799865722656,289.6300964355469,290.5,536150
2026-06-09 13:20:00-04:00,290.510009765625,291.1300048828125,290.239990234375,290.2900085449219,623219
2026-06-09 13:25:00-04:00,290.2799987792969,290.6499938964844,290.0799865722656,290.4599914550781,440036
2026-06-09 13:30:00-04:00,290.44000244140625,290.67999267578125,289.9100036621094,290.6700134277344,442342
2026-06-09 13:35:00-04:00,290.68499755859375,290.7699890136719,290.1199951171875,290.2799987792969,421510
2026-06-09 13:40:00-04:00,290.2749938964844,290.5150146484375,290.0101013183594,290.05499267578125,328729
2026-06-09 13:45:00-04:00,290.05499267578125,290.1600036621094,289.5400085449219,289.55999755859375,485267
2026-06-09 13:50:00-04:00,289.54998779296875,290.1199951171875,289.5,289.57000732421875,379170
2026-06-09 13:55:00-04:00,289.57989501953125,290.1400146484375,289.5299987792969,289.67999267578125,324066
2026-06-09 14:00:00-04:00,289.69000244140625,289.8800048828125,289.3399963378906,289.5150146484375,321682
2026-06-09 14:05:00-04:00,289.5,290.1099853515625,289.3699951171875,289.9800109863281,400488
2026-06-09 14:10:00-04:00,289.9800109863281,290.0950012207031,289.55999755859375,289.9750061035156,337541
2026-06-09 14:15:00-04:00,289.9750061035156,290.260009765625,289.45001220703125,290.19500732421875,557350
2026-06-09 14:20:00-04:00,290.17999267578125,290.7200012207031,289.8800048828125,290.7099914550781,368500
2026-06-09 14:25:00-04:00,290.7099914550781,290.95001220703125,290.0799865722656,290.95001220703125,421806
2026-06-09 14:30:00-04:00,290.94000244140625,291.5899963378906,290.8900146484375,291.55999755859375,511366
2026-06-09 14:35:00-04:00,291.57000732421875,291.79998779296875,291.4100036621094,291.54998779296875,389064
2026-06-09 14:40:00-04:00,291.5570983886719,291.5899963378906,290.42999267578125,290.5,419116
2026-06-09 14:45:00-04:00,290.4800109863281,290.79998779296875,290.4100036621094,290.56500244140625,360537
2026-06-09 14:50:00-04:00,290.54998779296875,290.864990234375,290.3699951171875,290.5799865722656,369057
2026-06-09 14:55:00-04:00,290.6000061035156,291.5,290.4800109863281,291.32000732421875,395878
2026-06-09 15:00:00-04:00,291.3299865722656,291.7528076171875,291.0799865722656,291.74578857421875,473273
2026-06-09 15:05:00-04:00,291.739990234375,291.9200134277344,291.4049987792969,291.5599060058594,432827
2026-06-09 15:10:00-04:00,291.5409851074219,291.55999755859375,290.9700012207031,291.05499267578125,403418
2026-06-09 15:15:00-04:00,291.0799865722656,291.1000061035156,290.2900085449219,290.4800109863281,421886
2026-06-09 15:20:00-04:00,290.4800109863281,290.8999938964844,290.3500061035156,290.8999938964844,435275
2026-06-09 15:25:00-04:00,290.8699951171875,291.2699890136719,290.6600036621094,291.1300048828125,448635
2026-06-09 15:30:00-04:00,291.1199951171875,291.25,290.635009765625,290.79998779296875,646504
2026-06-09 15:35:00-04:00,290.79998779296875,290.864990234375,290.197509765625,290.20001220703125,538795
2026-06-09 15:40:00-04:00,290.20001220703125,290.239990234375,289.1400146484375,289.2099914550781,816378
2026-06-09 15:45:00-04:00,289.2099914550781,289.3399963378906,288.79998779296875,289.0199890136719,766480
2026-06-09 15:50:00-04:00,289.05999755859375,291.67999267578125,289.05999755859375,291.57501220703125,1608232
2026-06-09 15:55:00-04:00,291.57501220703125,291.6099853515625,290.3599853515625,290.3599853515625,2659431
2026-06-10 09:30:00-04:00,290.7650146484375,291.0,288.6400146484375,288.7099914550781,2184972
2026-06-10 09:35:00-04:00,288.7099914550781,289.6400146484375,288.57000732421875,289.1650085449219,1262860
2026-06-10 09:40:00-04:00,289.2001037597656,290.04998779296875,287.3800048828125,289.92498779296875,1219868
2026-06-10 09:45:00-04:00,289.8999938964844,289.9200134277344,288.7799987792969,289.1700134277344,767197
2026-06-10 09:50:00-04:00,289.18499755859375,289.3500061035156,288.3900146484375,288.8500061035156,726550
2026-06-10 09:55:00-04:00,288.8599853515625,290.3800048828125,288.510009765625,289.489990234375,852274
2026-06-10 10:00:00-04:00,289.489990234375,290.8800048828125,289.3500061035156,290.2900085449219,697107
2026-06-10 10:05:00-04:00,290.2900085449219,290.57000732421875,289.989990234375,290.32000732421875,507136
2026-06-10 10:10:00-04:00,290.3349914550781,291.19000244140625,289.9100036621094,290.739990234375,755432
2026-06-10 10:15:00-04:00,290.739990234375,290.760009765625,289.7900085449219,290.5199890136719,571921
2026-06-10 10:20:00-04:00,290.510009765625,290.8999938964844,290.25,290.510009765625,381027
2026-06-10 10:25:00-04:00,290.510009765625,290.510009765625,289.2900085449219,289.7349853515625,679446
2026-06-10 10:30:00-04:00,289.7099914550781,290.239990234375,289.17999267578125,290.04998779296875,566077
2026-06-10 10:35:00-04:00,290.0299987792969,290.6199951171875,289.010009765625,289.18499755859375,1289434
2026-06-10 10:40:00-04:00,289.19500732421875,289.6499938964844,288.7099914550781,288.7449951171875,653913
2026-06-10 10:45:00-04:00,288.7300109863281,289.260009765625,288.44500732421875,289.239990234375,446617
2026-06-10 10:50:00-04:00,289.2250061035156,289.489990234375,288.7799987792969,289.20001220703125,441246
2026-06-10 10:55:00-04:00,289.19000244140625,289.8800048828125,289.1199951171875,289.6700134277344,386941
2026-06-10 11:00:00-04:00,289.67999267578125,290.489990234375,289.1000061035156,289.94000244140625,362872
2026-06-10 11:05:00-04:00,289.94000244140625,290.2200012207031,289.42999267578125,290.0050048828125,323233
2026-06-10 11:10:00-04:00,290.0,290.6499938964844,289.42999267578125,290.42999267578125,389599
2026-06-10 11:15:00-04:00,290.42498779296875,290.6000061035156,289.8900146484375,290.2699890136719,401836
2026-06-10 11:20:00-04:00,290.260009765625,290.32000732421875,289.7200012207031,290.1050109863281,437397
2026-06-10 11:25:00-04:00,290.0799865722656,290.3299865722656,289.6400146484375,289.989990234375,408329
2026-06-10 11:30:00-04:00,289.95001220703125,290.5,289.739990234375,290.2900085449219,347845
2026-06-10 11:35:00-04:00,290.2959899902344,290.6300048828125,290.17498779296875,290.5799865722656,364130
2026-06-10 11:40:00-04:00,290.54998779296875,291.5199890136719,290.42999267578125,291.385009765625,421800
2026-06-10 11:45:00-04:00,291.3699951171875,291.5400085449219,290.2799987792969,290.6700134277344,640846
2026-06-10 11:50:00-04:00,290.581298828125,291.04998779296875,290.17999267578125,290.6499938964844,486168
2026-06-10 11:55:00-04:00,290.65350341796875,291.32000732421875,290.1000061035156,291.2950134277344,385338
2026-06-10 12:00:00-04:00,291.29998779296875,291.6400146484375,291.0,291.3599853515625,442714
2026-06-10 12:05:00-04:00,291.3599853515625,291.3900146484375,290.7699890136719,290.8699951171875,277417
2026-06-10 12:10:00-04:00,290.8500061035156,290.989990234375,290.510009765625,290.9150085449219,361242
2026-06-10 12:15:00-04:00,290.9100036621094,291.2699890136719,290.55999755859375,291.25,304650
2026-06-10 12:20:00-04:00,291.2449951171875,291.3800048828125,290.7699890136719,290.8999938964844,247968
2026-06-10 12:25:00-04:00,290.9100036621094,291.739990234375,290.8599853515625,291.7300109863281,260133
2026-06-10 12:30:00-04:00,291.739990234375,292.29998779296875,291.35650634765625,292.29998779296875,344832
2026-06-10 12:35:00-04:00,292.2900085449219,292.6300048828125,291.9501037597656,292.6300048828125,1831356
2026-06-10 12:40:00-04:00,292.6000061035156,292.9800109863281,292.3500061035156,292.8599853515625,414222
2026-06-10 12:45:00-04:00,292.8399963378906,292.8399963378906,292.2799987792969,292.625,382775
2026-06-10 12:50:00-04:00,292.6099853515625,292.8999938964844,292.3900146484375,292.6099853515625,325119
2026-06-10 12:55:00-04:00,292.6000061035156,292.6300048828125,291.79998779296875,292.29998779296875,359131
2026-06-10 13:00:00-04:00,292.3052978515625,292.87091064453125,292.07080078125,292.7784118652344,318085
2026-06-10 13:05:00-04:00,292.7699890136719,292.7699890136719,292.1000061035156,292.260009765625,246385
2026-06-10 13:10:00-04:00,292.2699890136719,292.2900085449219,291.8299865722656,292.1300048828125,251880
2026-06-10 13:15:00-04:00,292.1099853515625,292.2099914550781,291.7200012207031,292.0299987792969,289922
2026-06-10 13:20:00-04:00,292.0199890136719,292.6300048828125,291.95001220703125,292.6099853515625,338367
2026-06-10 13:25:00-04:00,292.5899963378906,293.2294921875,292.5199890136719,293.15008544921875,383683
2026-06-10 13:30:00-04:00,293.1600036621094,293.19500732421875,292.7500915527344,292.9700012207031,290515
2026-06-10 13:35:00-04:00,292.92999267578125,292.93499755859375,292.527587890625,292.6499938964844,305964
2026-06-10 13:40:00-04:00,292.65008544921875,292.989990234375,292.55999755859375,292.70001220703125,410826
2026-06-10 13:45:00-04:00,292.7049865722656,293.6000061035156,292.5104064941406,293.42999267578125,476574
2026-06-10 13:50:00-04:00,293.42498779296875,293.489990234375,292.6000061035156,293.2300109863281,1858990
2026-06-10 13:55:00-04:00,293.2300109863281,294.07000732421875,293.1499938964844,294.0199890136719,527320
2026-06-10 14:00:00-04:00,294.010009765625,294.54998779296875,293.8699951171875,294.5350036621094,553469
2026-06-10 14:05:00-04:00,294.5299987792969,294.6600036621094,294.2099914550781,294.260009765625,493109
2026-06-10 14:10:00-04:00,294.2699890136719,294.6549987792969,294.25,294.489990234375,388682
2026-06-10 14:15:00-04:00,294.4800109863281,294.7449951171875,293.989990234375,294.3299865722656,434284
2026-06-10 14:20:00-04:00,294.3299865722656,294.6600036621094,294.20001220703125,294.260009765625,320179
2026-06-10 14:25:00-04:00,294.2699890136719,294.4100036621094,294.010009765625,294.30999755859375,305668
2026-06-10 14:30:00-04:00,294.29998779296875,294.29998779296875,293.864990234375,293.9200134277344,287357
2026-06-10 14:35:00-04:00,293.9100036621094,293.95001220703125,293.3599853515625,293.6199951171875,402363
2026-06-10 14:40:00-04:00,293.6300048828125,293.7900085449219,293.4200134277344,293.6099853515625,283118
2026-06-10 14:45:00-04:00,293.6199951171875,293.7099914550781,293.3399963378906,293.4100036621094,299447
2026-06-10 14:50:00-04:00,293.4049987792969,293.42999267578125,292.9599914550781,293.06500244140625,345545
2026-06-10 14:55:00-04:00,293.0400085449219,293.07000732421875,292.7300109863281,292.8699951171875,341623
2026-06-10 15:00:00-04:00,292.8800048828125,293.1496887207031,292.5899963378906,292.989990234375,369744
2026-06-10 15:05:00-04:00,293.0,293.3599853515625,292.739990234375,293.0450134277344,367868
2026-06-10 15:10:00-04:00,293.04998779296875,293.1272888183594,292.70001220703125,292.8299865722656,393207
2026-06-10 15:15:00-04:00,292.8399963378906,292.8799133300781,292.3699951171875,292.55999755859375,423523
2026-06-10 15:20:00-04:00,292.54998779296875,292.55999755859375,291.8599853515625,291.95001220703125,602220
2026-06-10 15:25:00-04:00,291.92999267578125,292.04998779296875,291.6199951171875,291.92999267578125,499285
2026-06-10 15:30:00-04:00,291.9200134277344,292.3800048828125,291.739990234375,292.2099914550781,426399
2026-06-10 15:35:00-04:00,292.2300109863281,292.5198059082031,292.1449890136719,292.42999267578125,370868
2026-06-10 15:40:00-04:00,292.45001220703125,292.5852966308594,291.95001220703125,292.1499938964844,438426
2026-06-10 15:45:00-04:00,292.1400146484375,292.29998779296875,291.6000061035156,291.8800048828125,436201
2026-06-10 15:50:00-04:00,291.8599853515625,292.4599914550781,291.3900146484375,292.3699951171875,955822
2026-06-10 15:55:00-04:00,292.3500061035156,292.94000244140625,291.4800109863281,291.5,2303955
2026-06-11 09:30:00-04:00,293.7200012207031,293.7850036621094,291.0400085449219,291.32000732421875,1642520
2026-06-11 09:35:00-04:00,291.3349914550781,292.05999755859375,290.3800048828125,292.05999755859375,564024
2026-06-11 09:40:00-04:00,292.0295104980469,292.29998779296875,291.4700012207031,292.04901123046875,463823
2026-06-11 09:45:00-04:00,292.0450134277344,293.1400146484375,291.6400146484375,292.739990234375,538144
2026-06-11 09:50:00-04:00,292.7300109863281,293.95001220703125,292.6199951171875,293.7799987792969,575307
2026-06-11 09:55:00-04:00,293.75,293.75,291.5,291.5950012207031,546765
2026-06-11 10:00:00-04:00,291.5950012207031,291.7799987792969,290.3299865722656,290.8800048828125,567961
2026-06-11 10:05:00-04:00,290.8550109863281,290.8900146484375,290.25,290.6099853515625,471073
2026-06-11 10:10:00-04:00,290.6199035644531,290.8031005859375,290.04998779296875,290.2200012207031,374763
2026-06-11 10:15:00-04:00,290.2200012207031,290.3500061035156,289.8500061035156,290.1400146484375,501597
2026-06-11 10:20:00-04:00,290.1300048828125,291.3299865722656,289.75,291.0799865722656,575966
2026-06-11 10:25:00-04:00,291.05999755859375,291.25,290.0199890136719,290.5799865722656,292007
2026-06-11 10:30:00-04:00,290.6099853515625,290.92999267578125,289.8800048828125,290.18499755859375,320758
2026-06-11 10:35:00-04:00,290.17010498046875,291.135009765625,290.1199951171875,290.6700134277344,414185
2026-06-11 10:40:00-04:00,290.67999267578125,290.94000244140625,290.5199890136719,290.5400085449219,681307
2026-06-11 10:45:00-04:00,290.5400085449219,290.989990234375,290.5,290.75,342471
2026-06-11 10:50:00-04:00,290.760009765625,290.80999755859375,290.2640075683594,290.6000061035156,331333
2026-06-11 10:55:00-04:00,290.6000061035156,290.6300048828125,289.6000061035156,289.8999938964844,364252
2026-06-11 11:00:00-04:00,289.9100036621094,290.55999755859375,289.7900085449219,290.4049987792969,391067
2026-06-11 11:05:00-04:00,290.3949890136719,290.93011474609375,289.95001220703125,290.82501220703125,288796
2026-06-11 11:10:00-04:00,290.82470703125,290.95989990234375,290.58221435546875,290.79998779296875,271684
2026-06-11 11:15:00-04:00,290.80999755859375,291.0899963378906,290.6003112792969,290.8699951171875,265437
2026-06-11 11:20:00-04:00,290.8500061035156,291.7200012207031,290.79998779296875,291.7200012207031,281378
2026-06-11 11:25:00-04:00,291.7200012207031,291.82000732421875,291.19000244140625,291.19000244140625,332702
2026-06-11 11:30:00-04:00,291.17999267578125,291.95001220703125,291.0614929199219,291.8949890136719,361660
2026-06-11 11:35:00-04:00,291.8699951171875,292.69000244140625,291.7900085449219,292.55999755859375,329852
2026-06-11 11:40:00-04:00,292.5799865722656,293.07000732421875,292.4750061035156,292.6700134277344,405955
2026-06-11 11:45:00-04:00,292.69000244140625,293.2699890136719,292.4100036621094,292.9700012207031,318104
2026-06-11 11:50:00-04:00,292.9700012207031,292.9700012207031,292.56988525390625,292.8699951171875,330134
2026-06-11 11:55:00-04:00,292.8800048828125,293.56500244140625,292.7349853515625,293.3949890136719,325398
2026-06-11 12:00:00-04:00,293.409912109375,293.7799987792969,291.5044860839844,293.3900146484375,338422
2026-06-11 12:05:00-04:00,293.42999267578125,293.8299865722656,293.2300109863281,293.6549987792969,238128
2026-06-11 12:10:00-04:00,293.6600036621094,293.94439697265625,293.4800109863281,293.4901123046875,317920
2026-06-11 12:15:00-04:00,293.5199890136719,293.8599853515625,293.45001220703125,293.57000732421875,255544
2026-06-11 12:20:00-04:00,293.5799865722656,293.6911926269531,292.6300048828125,292.68499755859375,267795
2026-06-11 12:25:00-04:00,292.67999267578125,293.2699890136719,292.5552062988281,292.9849853515625,353868
2026-06-11 12:30:00-04:00,292.9599914550781,293.9700012207031,292.9100036621094,293.8999938964844,296679
2026-06-11 12:35:00-04:00,293.8399963378906,294.5,293.8299865722656,293.8900146484375,465596
2026-06-11 12:40:00-04:00,293.9200134277344,294.04998779296875,293.69000244140625,293.9400939941406,184161
2026-06-11 12:45:00-04:00,293.9200134277344,294.1700134277344,293.8699951171875,293.95001220703125,184192
2026-06-11 12:50:00-04:00,293.9599914550781,294.08990478515625,293.70001220703125,293.7300109863281,203950
2026-06-11 12:55:00-04:00,293.7250061035156,293.8399963378906,293.6300048828125,293.75,169201
2026-06-11 13:00:00-04:00,293.760009765625,293.8999938964844,293.0600891113281,293.1199951171875,269269
2026-06-11 13:05:00-04:00,293.0950012207031,293.8099060058594,293.06500244140625,293.6000061035156,211516
2026-06-11 13:10:00-04:00,293.6000061035156,293.760009765625,293.32000732421875,293.3699951171875,204572
2026-06-11 13:15:00-04:00,293.3800048828125,293.5199890136719,293.1199951171875,293.17498779296875,158659
2026-06-11 13:20:00-04:00,293.1700134277344,293.4200134277344,293.1300048828125,293.3299865722656,221932
2026-06-11 13:25:00-04:00,293.3299865722656,296.0,293.32501220703125,295.9549865722656,1050179
2026-06-11 13:30:00-04:00,295.989990234375,297.0,295.7749938964844,296.7850036621094,956071
2026-06-11 13:35:00-04:00,296.80999755859375,296.9800109863281,296.010009765625,296.1300048828125,427850
2026-06-11 13:40:00-04:00,296.135009765625,296.8599853515625,296.0799865722656,296.57049560546875,458136
2026-06-11 13:45:00-04:00,296.6000061035156,296.82000732421875,295.8399963378906,295.9800109863281,271625
2026-06-11 13:50:00-04:00,295.9800109863281,295.9800109863281,295.45001220703125,295.66009521484375,256602
2026-06-11 13:55:00-04:00,295.6650085449219,295.8299865722656,295.510009765625,295.7799987792969,245385
2026-06-11 14:00:00-04:00,295.7699890136719,295.989990234375,295.2200012207031,295.29998779296875,287471
2026-06-11 14:05:00-04:00,295.29998779296875,295.69000244140625,295.1300048828125,295.5450134277344,241446
2026-06-11 14:10:00-04:00,295.5,295.8599853515625,295.42999267578125,295.7799987792969,213397
2026-06-11 14:15:00-04:00,295.7650146484375,296.3800048828125,295.7300109863281,296.3599853515625,268925
2026-06-11 14:20:00-04:00,296.3500061035156,296.45001220703125,295.6199951171875,295.7449951171875,346550
2026-06-11 14:25:00-04:00,295.7449951171875,295.8399963378906,295.45001220703125,295.5400085449219,187552
2026-06-11 14:30:00-04:00,295.54010009765625,295.7900085449219,295.4649963378906,295.5249938964844,223132
2026-06-11 14:35:00-04:00,295.5199890136719,295.6300048828125,295.239990234375,295.260009765625,181560
2026-06-11 14:40:00-04:00,295.260009765625,295.5799865722656,295.25,295.4599914550781,193682
2026-06-11 14:45:00-04:00,295.4519958496094,295.95001220703125,295.4400939941406,295.82501220703125,211187
2026-06-11 14:50:00-04:00,295.82000732421875,296.07000732421875,295.70660400390625,295.7300109863281,200051
2026-06-11 14:55:00-04:00,295.7300109863281,295.760009765625,295.1499938964844,295.2099914550781,257379
2026-06-11 15:00:00-04:00,295.20001220703125,295.4549865722656,295.1199951171875,295.3900146484375,244099
2026-06-11 15:05:00-04:00,295.3900146484375,295.44000244140625,295.0199890136719,295.3299865722656,300774
2026-06-11 15:10:00-04:00,295.3299865722656,295.5050048828125,295.18499755859375,295.3599853515625,324210
2026-06-11 15:15:00-04:00,295.3800048828125,295.6099853515625,295.3399963378906,295.44500732421875,290155
2026-06-11 15:20:00-04:00,295.44500732421875,295.5299987792969,295.110107421875,295.2575988769531,374325
2026-06-11 15:25:00-04:00,295.2550048828125,295.4599914550781,295.0899963378906,295.3999938964844,329421
2026-06-11 15:30:00-04:00,295.4100036621094,296.0299987792969,295.260009765625,295.8900146484375,555301
2026-06-11 15:35:00-04:00,295.8949890136719,296.17999267578125,295.760009765625,295.92999267578125,461260
2026-06-11 15:40:00-04:00,295.9200134277344,296.1700134277344,295.8450012207031,296.019287109375,457159
2026-06-11 15:45:00-04:00,296.0199890136719,296.0400085449219,295.3900146484375,295.5400085449219,464434
2026-06-11 15:50:00-04:00,295.55999755859375,296.0299987792969,294.70001220703125,295.760009765625,998845
2026-06-11 15:55:00-04:00,295.75,295.9599914550781,294.8450012207031,295.3599853515625,2724837
2026-06-12 09:30:00-04:00,296.0799865722656,297.1400146484375,294.8900146484375,295.3699951171875,2127644
2026-06-12 09:35:00-04:00,295.3500061035156,295.3999938964844,293.57000732421875,293.5899963378906,866800
2026-06-12 09:40:00-04:00,293.6000061035156,293.75,291.8774108886719,292.3949890136719,962832
2026-06-12 09:45:00-04:00,292.3900146484375,292.8799133300781,291.3599853515625,291.69000244140625,569956
2026-06-12 09:50:00-04:00,291.67999267578125,292.3299865722656,291.3599853515625,291.4200134277344,602146
2026-06-12 09:55:00-04:00,291.44000244140625,291.8299865722656,291.0,291.135009765625,622016
2026-06-12 10:00:00-04:00,291.1000061035156,291.69989013671875,290.6099853515625,291.4599914550781,815577
2026-06-12 10:05:00-04:00,291.4200134277344,291.9750061035156,291.1099853515625,291.45001220703125,609531
2026-06-12 10:10:00-04:00,291.4599914550781,292.2099914550781,291.3800048828125,291.95001220703125,563366
2026-06-12 10:15:00-04:00,291.9700012207031,293.2099914550781,291.9601135253906,292.8200988769531,553900
2026-06-12 10:20:00-04:00,292.8399963378906,292.8699951171875,291.9800109863281,292.20001220703125,428446
2026-06-12 10:25:00-04:00,292.19000244140625,292.3800048828125,291.7200012207031,291.9949951171875,375724
2026-06-12 10:30:00-04:00,291.9800109863281,292.3299865722656,291.3800964355469,291.82000732421875,360592
2026-06-12 10:35:00-04:00,291.82501220703125,291.8699951171875,291.4200134277344,291.42498779296875,299913
2026-06-12 10:40:00-04:00,291.42999267578125,291.70001220703125,290.8900146484375,291.1099853515625,406873
2026-06-12 10:45:00-04:00,291.1199951171875,291.3599853515625,290.2099914550781,290.260009765625,461952
2026-06-12 10:50:00-04:00,290.260009765625,291.3500061035156,290.010009765625,291.260009765625,698438
2026-06-12 10:55:00-04:00,291.25,291.8399963378906,291.0299987792969,291.739990234375,387995
2026-06-12 11:00:00-04:00,291.7449951171875,292.20989990234375,291.6000061035156,292.1960144042969,516549
2026-06-12 11:05:00-04:00,292.20001220703125,292.8699951171875,292.0799865722656,292.3949890136719,317439
2026-06-12 11:10:00-04:00,292.3800048828125,292.8800048828125,292.25,292.7650146484375,60730
2026-06-12 11:15:00-04:00,292.7650146484375,292.7850036621094,292.25,292.6499938964844,486008
2026-06-12 11:20:00-04:00,292.6400146484375,292.9800109863281,292.5400085449219,292.7900085449219,268676
2026-06-12 11:25:00-04:00,292.7900085449219,292.989990234375,292.5899963378906,292.875,272519
2026-06-12 11:30:00-04:00,292.8599853515625,292.8599853515625,292.4100036621094,292.4849853515625,260418
2026-06-12 11:35:00-04:00,292.4700012207031,292.6700134277344,291.5801086425781,291.70001220703125,518252
2026-06-12 11:40:00-04:00,291.67999267578125,292.1400146484375,291.5,291.8550109863281,441118
2026-06-12 11:45:00-04:00,291.8599853515625,291.9800109863281,291.1099853515625,291.1600036621094,259271
2026-06-12 11:50:00-04:00,291.1700134277344,292.07000732421875,291.0299987792969,291.9200134277344,261085
2026-06-12 11:55:00-04:00,291.9100036621094,291.9798889160156,291.135009765625,291.335205078125,226907
2026-06-12 12:00:00-04:00,291.3349914550781,291.91009521484375,291.010009765625,291.2200012207031,326783
2026-06-12 12:05:00-04:00,291.19000244140625,291.91009521484375,290.80999755859375,291.139892578125,275733
2026-06-12 12:10:00-04:00,291.1099853515625,292.19989013671875,290.8789978027344,291.94500732421875,434801
2026-06-12 12:15:00-04:00,291.9700012207031,292.1600036621094,291.510009765625,291.6199951171875,224477
2026-06-12 12:20:00-04:00,291.6300048828125,291.8731994628906,291.4700012207031,291.739990234375,234692
2026-06-12 12:25:00-04:00,291.7699890136719,291.8399963378906,291.54998779296875,291.5799865722656,190562
2026-06-12 12:30:00-04:00,291.57000732421875,291.7200012207031,291.25,291.32000732421875,219606
2026-06-12 12:35:00-04:00,291.30999755859375,291.3550109863281,290.8599853515625,291.0849914550781,276750
2026-06-12 12:40:00-04:00,291.1000061035156,291.465087890625,290.8399963378906,290.9800109863281,252912
2026-06-12 12:45:00-04:00,290.989990234375,291.4100036621094,290.95001220703125,291.3399963378906,296070
2026-06-12 12:50:00-04:00,291.3399963378906,291.5,291.16119384765625,291.3599853515625,199632
2026-06-12 12:55:00-04:00,291.364990234375,291.44268798828125,290.75,291.2099914550781,283405
2026-06-12 13:00:00-04:00,291.17999267578125,291.489990234375,291.125,291.3599853515625,292574
2026-06-12 13:05:00-04:00,291.3599853515625,291.7900085449219,291.30999755859375,291.38360595703125,366550
2026-06-12 13:10:00-04:00,291.3999938964844,291.55999755859375,291.1499938964844,291.510009765625,209999
2026-06-12 13:15:00-04:00,291.5199890136719,292.0400085449219,291.4100036621094,291.989990234375,227962
2026-06-12 13:20:00-04:00,292.010009765625,292.2449951171875,291.7699890136719,291.8999938964844,190816
2026-06-12 13:25:00-04:00,291.8999938964844,291.9100036621094,291.4100036621094,291.4601135253906,254326
2026-06-12 13:30:00-04:00,291.4800109863281,291.510009765625,291.2200012207031,291.2749938964844,134239
2026-06-12 13:35:00-04:00,291.2799987792969,291.389892578125,291.0799865722656,291.20001220703125,160591
2026-06-12 13:40:00-04:00,291.2099914550781,291.239990234375,290.3900146484375,290.4100036621094,313630
2026-06-12 13:45:00-04:00,290.4100036621094,290.5849914550781,290.3299865722656,290.54998779296875,304713
2026-06-12 13:50:00-04:00,290.56500244140625,290.63800048828125,290.29998779296875,290.3299865722656,223370
2026-06-12 13:55:00-04:00,290.30999755859375,290.30999755859375,289.80999755859375,289.8800048828125,414118
2026-06-12 14:00:00-04:00,289.8999938964844,290.0899963378906,289.6700134277344,289.739990234375,278719
2026-06-12 14:05:00-04:00,289.739990234375,290.0799865722656,289.6199951171875,290.0799865722656,311568
2026-06-12 14:10:00-04:00,290.0899963378906,290.5899963378906,290.0849914550781,290.2699890136719,308569
2026-06-12 14:15:00-04:00,290.2799072265625,290.3699951171875,289.9200134277344,290.07501220703125,239663
2026-06-12 14:20:00-04:00,290.07000732421875,290.30499267578125,290.04998779296875,290.2900085449219,187209
2026-06-12 14:25:00-04:00,290.2699890136719,290.3269958496094,290.1000061035156,290.2250061035156,207033
2026-06-12 14:30:00-04:00,290.2200012207031,290.5899963378906,290.2200012207031,290.4849853515625,207553
2026-06-12 14:35:00-04:00,290.489990234375,290.68499755859375,290.3999938964844,290.5899963378906,184205
2026-06-12 14:40:00-04:00,290.6000061035156,290.70001220703125,290.41009521484375,290.64019775390625,199147
2026-06-12 14:45:00-04:00,290.6400146484375,290.739990234375,290.5,290.57000732421875,198879
2026-06-12 14:50:00-04:00,290.5799865722656,290.67999267578125,290.4200134277344,290.6549987792969,211411
2026-06-12 14:55:00-04:00,290.6400146484375,290.70001220703125,290.4200134277344,290.4800109863281,296797
2026-06-12 15:00:00-04:00,290.4599914550781,290.9700012207031,290.3599853515625,290.8800048828125,265550
2026-06-12 15:05:00-04:00,290.8699951171875,290.8900146484375,290.57000732421875,290.6600036621094,245869
2026-06-12 15:10:00-04:00,290.6499938964844,290.7099914550781,290.5199890136719,290.6199951171875,280474
2026-06-12 15:15:00-04:00,290.6300048828125,290.80499267578125,290.44000244140625,290.7850036621094,398772
2026-06-12 15:20:00-04:00,290.7850036621094,290.8900146484375,290.6600036621094,290.7850036621094,264685
2026-06-12 15:25:00-04:00,290.7850036621094,290.8699951171875,290.6099853515625,290.6400146484375,289032
2026-06-12 15:30:00-04:00,290.6400146484375,290.739990234375,290.42999267578125,290.5400085449219,319929
2026-06-12 15:35:00-04:00,290.5350036621094,290.7650146484375,290.19000244140625,290.45001220703125,387619
2026-06-12 15:40:00-04:00,290.4435119628906,290.5950012207031,290.3399963378906,290.55059814453125,296442
2026-06-12 15:45:00-04:00,290.54998779296875,290.8599853515625,290.5,290.80999755859375,385145
2026-06-12 15:50:00-04:00,290.82000732421875,291.3699951171875,290.69000244140625,291.3598937988281,957750
2026-06-12 15:55:00-04:00,291.3500061035156,291.6400146484375,290.92999267578125,291.0799865722656,1676832
2026-06-15 09:30:00-04:00,294.1199951171875,294.25,291.70001220703125,293.7900085449219,3135554
2026-06-15 09:35:00-04:00,293.80499267578125,294.989990234375,293.55999755859375,294.6300048828125,1035256
2026-06-15 09:40:00-04:00,294.6700134277344,295.82000732421875,294.5903015136719,295.05999755859375,910453
2026-06-15 09:45:00-04:00,295.05999755859375,295.4100036621094,294.8949890136719,295.3800048828125,527706
2026-06-15 09:50:00-04:00,295.385009765625,295.6000061035156,294.6600036621094,295.1199951171875,604351
2026-06-15 09:55:00-04:00,295.1499938964844,295.92999267578125,294.7699890136719,295.3583068847656,578671
2026-06-15 10:00:00-04:00,295.3500061035156,295.8999938964844,295.05999755859375,295.55999755859375,558965
2026-06-15 10:05:00-04:00,295.55499267578125,295.95989990234375,295.2799987792969,295.55999755859375,398936
2026-06-15 10:10:00-04:00,295.55999755859375,296.32861328125,295.5,295.8599853515625,564588
2026-06-15 10:15:00-04:00,295.885009765625,296.2998962402344,295.6319885253906,296.0899963378906,441781
2026-06-15 10:20:00-04:00,296.05999755859375,296.1600036621094,295.43499755859375,295.510009765625,496888
2026-06-15 10:25:00-04:00,295.489990234375,295.80999755859375,295.3800048828125,295.67999267578125,373521
2026-06-15 10:30:00-04:00,295.7099914550781,296.3399963378906,295.6099853515625,296.0950012207031,484204
2026-06-15 10:35:00-04:00,296.0950012207031,296.19000244140625,295.3999938964844,295.4649963378906,379200
2026-06-15 10:40:00-04:00,295.4649963378906,296.2300109863281,295.4049987792969,296.20001220703125,337551
2026-06-15 10:45:00-04:00,296.2200012207031,296.70001220703125,296.1600036621094,296.5350036621094,381197
2026-06-15 10:50:00-04:00,296.5350036621094,296.70001220703125,296.2200012207031,296.639892578125,312054
2026-06-15 10:55:00-04:00,296.6300048828125,296.6499938964844,296.2900085449219,296.4830017089844,295564
2026-06-15 11:00:00-04:00,296.5,296.8999938964844,296.4100036621094,296.7349853515625,352338
2026-06-15 11:05:00-04:00,296.760009765625,296.7799987792969,296.17010498046875,296.30999755859375,340727
2026-06-15 11:10:00-04:00,296.30999755859375,296.489990234375,296.1700134277344,296.30999755859375,263922
2026-06-15 11:15:00-04:00,296.32000732421875,296.57000732421875,296.2900085449219,296.3699951171875,249570
2026-06-15 11:20:00-04:00,296.3599853515625,296.57000732421875,296.3500061035156,296.5400085449219,240465
2026-06-15 11:25:00-04:00,296.54998779296875,296.8500061035156,296.4700012207031,296.5299987792969,411544
2026-06-15 11:30:00-04:00,296.5400085449219,296.7349853515625,296.2200012207031,296.47088623046875,429350
2026-06-15 11:35:00-04:00,296.4750061035156,296.7799987792969,296.3699951171875,296.71490478515625,272495
2026-06-15 11:40:00-04:00,296.7099914550781,297.2099914550781,296.69000244140625,297.0299987792969,381052
2026-06-15 11:45:00-04:00,297.0299987792969,297.543701171875,297.0299987792969,297.5350036621094,428226
2026-06-15 11:50:00-04:00,297.5299987792969,297.6000061035156,297.2099914550781,297.30999755859375,455765
2026-06-15 11:55:00-04:00,297.3197937011719,297.7799987792969,297.2099914550781,297.4800109863281,267685
2026-06-15 12:00:00-04:00,297.4800109863281,297.7699890136719,297.3399963378906,297.4800109863281,331563
2026-06-15 12:05:00-04:00,297.489990234375,297.57989501953125,297.260009765625,297.2699890136719,217944
2026-06-15 12:10:00-04:00,297.2749938964844,297.3599853515625,296.8901062011719,297.07501220703125,354453
2026-06-15 12:15:00-04:00,297.07501220703125,297.1199951171875,296.8700866699219,297.06500244140625,215086
2026-06-15 12:20:00-04:00,297.0707092285156,297.3500061035156,297.0199890136719,297.239990234375,230001
2026-06-15 12:25:00-04:00,297.25,297.3550109863281,297.114990234375,297.239990234375,184174
2026-06-15 12:30:00-04:00,297.2300109863281,297.364990234375,297.07000732421875,297.2099914550781,190034
2026-06-15 12:35:00-04:00,297.2200012207031,297.2550048828125,296.94000244140625,297.05999755859375,191642
2026-06-15 12:40:00-04:00,297.05999755859375,297.1099853515625,296.8500061035156,296.9599914550781,172751
2026-06-15 12:45:00-04:00,296.9700012207031,296.9800109863281,296.69000244140625,296.7099914550781,233895
2026-06-15 12:50:00-04:00,296.70001220703125,296.8999938964844,296.55999755859375,296.69000244140625,182820
2026-06-15 12:55:00-04:00,296.69000244140625,296.9700012207031,296.56500244140625,296.94500732421875,154680
2026-06-15 13:00:00-04:00,296.9200134277344,296.9200134277344,296.25,296.5799865722656,270666
2026-06-15 13:05:00-04:00,296.5899963378906,296.70001220703125,296.25,296.5950012207031,264458
2026-06-15 13:10:00-04:00,296.5950012207031,296.7799987792969,296.56500244140625,296.70001220703125,213945
2026-06-15 13:15:00-04:00,296.69000244140625,297.1199951171875,296.6007080078125,296.7950134277344,372039
2026-06-15 13:20:00-04:00,296.7950134277344,297.2099914550781,296.7650146484375,296.8555908203125,319994
2026-06-15 13:25:00-04:00,296.8399963378906,296.95001220703125,296.54998779296875,296.6600036621094,254209
2026-06-15 13:30:00-04:00,296.6600036621094,296.79998779296875,296.3900146484375,296.5799865722656,278145
2026-06-15 13:35:00-04:00,296.5950012207031,297.0,296.5950012207031,296.92999267578125,252645
2026-06-15 13:40:00-04:00,296.92999267578125,296.9800109863281,296.5199890136719,296.5899963378906,252042
2026-06-15 13:45:00-04:00,296.5799865722656,296.6199951171875,296.2799987792969,296.3900146484375,241487
2026-06-15 13:50:00-04:00,296.3900146484375,296.3900146484375,295.95001220703125,295.9549865722656,211749
2026-06-15 13:55:00-04:00,295.94000244140625,296.0,295.6300048828125,295.760009765625,287708
2026-06-15 14:00:00-04:00,295.75,295.8263854980469,295.1600036621094,295.2301025390625,448128
2026-06-15 14:05:00-04:00,295.239990234375,295.80999755859375,295.17999267578125,295.75,381524
2026-06-15 14:10:00-04:00,295.7099914550781,295.75,295.54998779296875,295.6400146484375,175171
2026-06-15 14:15:00-04:00,295.6400146484375,295.739990234375,295.1099853515625,295.1700134277344,238798
2026-06-15 14:20:00-04:00,295.1650085449219,295.5899963378906,295.1600036621094,295.20001220703125,358379
2026-06-15 14:25:00-04:00,295.19000244140625,295.2200012207031,294.9599914550781,295.07000732421875,308690
2026-06-15 14:30:00-04:00,295.07501220703125,295.6099853515625,295.010009765625,295.54998779296875,272134
2026-06-15 14:35:00-04:00,295.5404968261719,295.8599853515625,295.3450012207031,295.8500061035156,287116
2026-06-15 14:40:00-04:00,295.8550109863281,296.2900085449219,295.80999755859375,296.2099914550781,450407
2026-06-15 14:45:00-04:00,296.20001220703125,296.34991455078125,296.16009521484375,296.2139892578125,251798
2026-06-15 14:50:00-04:00,296.2300109863281,296.3599853515625,296.1600036621094,296.1700134277344,192994
2026-06-15 14:55:00-04:00,296.1600036621094,296.4049987792969,296.1549987792969,296.3949890136719,236271
2026-06-15 15:00:00-04:00,296.3900146484375,296.4200134277344,296.239990234375,296.375,252423
2026-06-15 15:05:00-04:00,296.360107421875,296.4649963378906,296.1600036621094,296.29058837890625,202104
2026-06-15 15:10:00-04:00,296.30999755859375,296.45001220703125,296.2099914550781,296.3949890136719,211848
2026-06-15 15:15:00-04:00,296.3807067871094,296.489990234375,295.9700012207031,296.0199890136719,236914
2026-06-15 15:20:00-04:00,296.0299987792969,296.2049865722656,295.9800109863281,296.18011474609375,246209
2026-06-15 15:25:00-04:00,296.19000244140625,296.6099853515625,296.1400146484375,296.5,367813
2026-06-15 15:30:00-04:00,296.4949951171875,296.6700134277344,296.3399963378906,296.3800048828125,449598
2026-06-15 15:35:00-04:00,296.3800048828125,296.4100036621094,295.8700866699219,296.1600036621094,377890
2026-06-15 15:40:00-04:00,296.1499938964844,296.3949890136719,296.0,296.3200988769531,334037
2026-06-15 15:45:00-04:00,296.3299865722656,296.43499755859375,296.1549987792969,296.3599853515625,492679
2026-06-15 15:50:00-04:00,296.3500061035156,296.3900146484375,295.6700134277344,295.80999755859375,1008353
2026-06-15 15:55:00-04:00,295.80999755859375,296.5299987792969,295.6099853515625,296.4200134277344,15539827
2026-06-16 09:30:00-04:00,295.2449951171875,296.2799987792969,294.32000732421875,296.260009765625,1602940
2026-06-16 09:35:00-04:00,296.2650146484375,296.4800109863281,294.6199951171875,294.63189697265625,485631
2026-06-16 09:40:00-04:00,294.625,295.3999938964844,293.9700012207031,295.3999938964844,582233
2026-06-16 09:45:00-04:00,295.40008544921875,295.9596862792969,295.25,295.7699890136719,381292
2026-06-16 09:50:00-04:00,295.7900085449219,297.5199890136719,295.7401123046875,297.4750061035156,566454
2026-06-16 09:55:00-04:00,297.4750061035156,297.95001220703125,297.07000732421875,297.0799865722656,530131
2026-06-16 10:00:00-04:00,297.0849914550781,297.7799987792969,296.864990234375,297.4898986816406,476918
2026-06-16 10:05:00-04:00,297.489990234375,297.5398864746094,297.1000061035156,297.25,260208
2026-06-16 10:10:00-04:00,297.25,297.79998779296875,297.19000244140625,297.4200134277344,530169
2026-06-16 10:15:00-04:00,297.43499755859375,298.0,297.36090087890625,297.6549987792969,401151
2026-06-16 10:20:00-04:00,297.6400146484375,297.95001220703125,297.1600036621094,297.5,477366
2026-06-16 10:25:00-04:00,297.56500244140625,297.659912109375,296.7099914550781,297.5350036621094,453527
2026-06-16 10:30:00-04:00,297.5350036621094,297.8900146484375,297.1178894042969,297.1499938964844,527017
2026-06-16 10:35:00-04:00,297.1650085449219,297.5199890136719,296.95001220703125,297.42999267578125,366712
2026-06-16 10:40:00-04:00,297.4100036621094,297.7300109863281,297.2099914550781,297.3299865722656,412720
2026-06-16 10:45:00-04:00,297.2699890136719,297.9599914550781,297.2699890136719,297.7699890136719,411774
2026-06-16 10:50:00-04:00,297.7262878417969,297.9700012207031,297.4700927734375,297.8699951171875,335388
2026-06-16 10:55:00-04:00,297.8800048828125,298.0,297.4599914550781,297.54998779296875,351919
2026-06-16 11:00:00-04:00,297.5400085449219,297.8599853515625,297.489990234375,297.7799987792969,226362
2026-06-16 11:05:00-04:00,297.7749938964844,298.2300109863281,297.67999267578125,298.1199951171875,482993
2026-06-16 11:10:00-04:00,298.114990234375,298.19000244140625,297.82501220703125,298.1300048828125,302532
2026-06-16 11:15:00-04:00,298.1099853515625,298.1099853515625,297.4949951171875,297.5,258936
2026-06-16 11:20:00-04:00,297.5,298.1000061035156,297.2049865722656,298.07501220703125,545222
2026-06-16 11:25:00-04:00,298.0899963378906,298.45001220703125,297.95001220703125,298.20001220703125,376093
2026-06-16 11:30:00-04:00,298.2200012207031,298.2799987792969,297.57000732421875,297.7900085449219,246844
2026-06-16 11:35:00-04:00,297.79998779296875,298.43701171875,297.5,298.42498779296875,243446
2026-06-16 11:40:00-04:00,298.4100036621094,298.42999267578125,298.0,298.0849914550781,323358
2026-06-16 11:45:00-04:00,298.0849914550781,298.3949890136719,298.0,298.3949890136719,374748
2026-06-16 11:50:00-04:00,298.3949890136719,298.57000732421875,298.0299987792969,298.239990234375,325830
2026-06-16 11:55:00-04:00,298.25,298.3949890136719,298.0400085449219,298.1700134277344,269489
2026-06-16 12:00:00-04:00,298.1700134277344,298.739990234375,298.05999755859375,298.2799987792969,535345
2026-06-16 12:05:00-04:00,298.2699890136719,298.53009033203125,298.0400085449219,298.510009765625,208311
2026-06-16 12:10:00-04:00,298.510009765625,299.20001220703125,298.4700012207031,299.0950012207031,679063
2026-06-16 12:15:00-04:00,299.090087890625,299.2749938964844,298.8900146484375,299.0264892578125,311694
2026-06-16 12:20:00-04:00,299.0400085449219,299.1700134277344,298.875,299.04998779296875,239508
2026-06-16 12:25:00-04:00,299.04998779296875,299.18499755859375,298.7300109863281,298.94000244140625,188443
2026-06-16 12:30:00-04:00,298.94000244140625,299.260009765625,298.8041076660156,298.9599914550781,279778
2026-06-16 12:35:00-04:00,298.9700012207031,299.20001220703125,298.92010498046875,299.1199035644531,220607
2026-06-16 12:40:00-04:00,299.1199951171875,299.1499938964844,298.81500244140625,299.0799865722656,314529
2026-06-16 12:45:00-04:00,299.06500244140625,299.6499938964844,299.0299987792969,299.5899963378906,297894
2026-06-16 12:50:00-04:00,299.5899963378906,299.7699890136719,299.239990234375,299.3699951171875,262559
2026-06-16 12:55:00-04:00,299.3599853515625,299.55999755859375,299.239990234375,299.4700012207031,218359
2026-06-16 13:00:00-04:00,299.45001220703125,299.4800109863281,299.0899963378906,299.2099914550781,178554
2026-06-16 13:05:00-04:00,299.18011474609375,299.5199890136719,299.1600036621094,299.4800109863281,226791
2026-06-16 13:10:00-04:00,299.489990234375,299.70001220703125,299.4700012207031,299.6650085449219,205421
2026-06-16 13:15:00-04:00,299.6700134277344,300.4800109863281,299.6700134277344,300.1600036621094,1090696
2026-06-16 13:20:00-04:00,300.1600036621094,300.3500061035156,300.0150146484375,300.1549987792969,313326
2026-06-16 13:25:00-04:00,300.1600036621094,300.3800048828125,300.1449890136719,300.2749938964844,190110
2026-06-16 13:30:00-04:00,300.260009765625,300.4599914550781,300.1300048828125,300.17999267578125,197115
2026-06-16 13:35:00-04:00,300.17999267578125,300.2699890136719,299.82000732421875,299.8999938964844,245800
2026-06-16 13:40:00-04:00,299.9049987792969,300.0799865722656,299.8399963378906,299.8399963378906,256579
2026-06-16 13:45:00-04:00,299.8399963378906,299.9200134277344,299.6300048828125,299.8999938964844,238850
2026-06-16 13:50:00-04:00,299.8999938964844,299.95001220703125,299.3500061035156,299.6549987792969,214535
2026-06-16 13:55:00-04:00,299.6449890136719,299.7799987792969,299.5400085449219,299.6000061035156,202289
2026-06-16 14:00:00-04:00,299.5899963378906,299.6300048828125,299.3999938964844,299.5101013183594,216365
2026-06-16 14:05:00-04:00,299.5249938964844,299.760009765625,299.2250061035156,299.2799987792969,225237
2026-06-16 14:10:00-04:00,299.2749938964844,299.29998779296875,298.9100036621094,298.9901123046875,212017
2026-06-16 14:15:00-04:00,298.9700012207031,299.07989501953125,298.8299865722656,298.8599853515625,223658
2026-06-16 14:20:00-04:00,298.8500061035156,298.89599609375,298.5679931640625,298.67999267578125,164418
2026-06-16 14:25:00-04:00,298.6700134277344,298.9798889160156,298.6300048828125,298.7250061035156,181832
2026-06-16 14:30:00-04:00,298.7200927734375,298.79998779296875,298.6300048828125,298.7149963378906,189418
2026-06-16 14:35:00-04:00,298.7099914550781,299.4999084472656,298.70001220703125,299.45001220703125,266390
2026-06-16 14:40:00-04:00,299.45001220703125,299.63031005859375,299.4100036621094,299.53509521484375,293517
2026-06-16 14:45:00-04:00,299.5400085449219,299.57000732421875,299.364990234375,299.4100036621094,181727
2026-06-16 14:50:00-04:00,299.4200134277344,299.5400085449219,299.2799987792969,299.30499267578125,492783
2026-06-16 14:55:00-04:00,299.29998779296875,299.5199890136719,299.1650085449219,299.17559814453125,216555
2026-06-16 15:00:00-04:00,299.17498779296875,299.25,298.8299865722656,298.8699035644531,269817
2026-06-16 15:05:00-04:00,298.8599853515625,299.0,298.7200012207031,298.9725036621094,249903
2026-06-16 15:10:00-04:00,298.989990234375,299.05999755859375,298.8399963378906,298.9200134277344,256948
2026-06-16 15:15:00-04:00,298.92999267578125,299.1300048828125,298.67498779296875,298.9200134277344,375244
2026-06-16 15:20:00-04:00,298.9200134277344,298.92999267578125,298.4700012207031,298.47369384765625,348196
2026-06-16 15:25:00-04:00,298.4750061035156,298.739990234375,298.2200012207031,298.3399963378906,287039
2026-06-16 15:30:00-04:00,298.3299865722656,298.54998779296875,298.2300109863281,298.3949890136719,275311
2026-06-16 15:35:00-04:00,298.3999938964844,298.59991455078125,298.3500061035156,298.56500244140625,262941
2026-06-16 15:40:00-04:00,298.55999755859375,298.7149963378906,298.489990234375,298.57000732421875,264710
2026-06-16 15:45:00-04:00,298.57000732421875,299.010009765625,298.54998779296875,299.010009765625,717068
2026-06-16 15:50:00-04:00,299.010009765625,299.30999755859375,298.69500732421875,299.2799987792969,769361
2026-06-16 15:55:00-04:00,299.260009765625,299.489990234375,298.8999938964844,299.25,2173131
2026-06-17 09:30:00-04:00,300.8450012207031,302.07000732421875,299.5201110839844,300.3399963378906,1784592
2026-06-17 09:35:00-04:00,300.3399963378906,300.8900146484375,299.8999938964844,300.75,559876
2026-06-17 09:40:00-04:00,300.78021240234375,301.7900085449219,300.4750061035156,301.25,559855
2026-06-17 09:45:00-04:00,301.2300109863281,301.32000732421875,299.80999755859375,299.8500061035156,517263
2026-06-17 09:50:00-04:00,299.79998779296875,300.625,299.22198486328125,300.55499267578125,594356
2026-06-17 09:55:00-04:00,300.55999755859375,300.739990234375,300.29998779296875,300.29998779296875,416864
2026-06-17 10:00:00-04:00,300.3399963378906,300.5150146484375,299.3700866699219,299.614990234375,380132
2026-06-17 10:05:00-04:00,299.5799865722656,300.3599853515625,299.54998779296875,300.25,429479
2026-06-17 10:10:00-04:00,300.2300109863281,300.4599914550781,300.0,300.45001220703125,252705
2026-06-17 10:15:00-04:00,300.45001220703125,300.6000061035156,299.92999267578125,300.3599853515625,321724
2026-06-17 10:20:00-04:00,300.3599853515625,300.6700134277344,299.989990234375,300.6099853515625,352078
2026-06-17 10:25:00-04:00,300.6199951171875,300.9674987792969,300.4049987792969,300.45001220703125,267172
2026-06-17 10:30:00-04:00,300.45001220703125,300.53948974609375,299.6499938964844,299.793212890625,349113
2026-06-17 10:35:00-04:00,299.76190185546875,299.7799987792969,298.8599853515625,298.9200134277344,396092
2026-06-17 10:40:00-04:00,298.9100036621094,299.7398986816406,298.67999267578125,299.6000061035156,534585
2026-06-17 10:45:00-04:00,299.5799865722656,299.8500061035156,298.760009765625,299.3299865722656,418255
2026-06-17 10:50:00-04:00,299.32501220703125,299.32501220703125,298.5849914550781,298.6300048828125,353178
2026-06-17 10:55:00-04:00,298.6099853515625,298.7799987792969,298.3500061035156,298.5400085449219,302524
2026-06-17 11:00:00-04:00,298.54998779296875,298.69000244140625,297.4800109863281,297.5199890136719,413809
2026-06-17 11:05:00-04:00,297.54998779296875,297.6700134277344,297.239990234375,297.2699890136719,332477
2026-06-17 11:10:00-04:00,297.2799987792969,297.6000061035156,297.0899963378906,297.45001220703125,242592
2026-06-17 11:15:00-04:00,297.44500732421875,298.1400146484375,297.44500732421875,297.80999755859375,321187
2026-06-17 11:20:00-04:00,297.82000732421875,298.0199890136719,297.69000244140625,298.0050048828125,180300
2026-06-17 11:25:00-04:00,297.989990234375,298.010009765625,297.20001220703125,297.42999267578125,212682
2026-06-17 11:30:00-04:00,297.42999267578125,297.44000244140625,297.1000061035156,297.3999938964844,278832
2026-06-17 11:35:00-04:00,297.3949890136719,297.4599914550781,297.0,297.0799865722656,260733
2026-06-17 11:40:00-04:00,297.0849914550781,297.2699890136719,296.6700134277344,296.82000732421875,353522
2026-06-17 11:45:00-04:00,296.8330078125,297.4049987792969,296.6400146484375,297.31500244140625,305255
2026-06-17 11:50:00-04:00,297.32000732421875,297.8599853515625,297.30999755859375,297.8599853515625,314759
2026-06-17 11:55:00-04:00,297.864990234375,298.7699890136719,297.80999755859375,298.55499267578125,298511
2026-06-17 12:00:00-04:00,298.55999755859375,299.1600036621094,298.5400085449219,298.9150085449219,313427
2026-06-17 12:05:00-04:00,298.9100036621094,299.0299987792969,298.2300109863281,298.25750732421875,859454
2026-06-17 12:10:00-04:00,298.2550048828125,298.55999755859375,298.1499938964844,298.42999267578125,343032
2026-06-17 12:15:00-04:00,298.44000244140625,298.7489929199219,298.4093017578125,298.7300109863281,145790
2026-06-17 12:20:00-04:00,298.7200927734375,298.7699890136719,298.33099365234375,298.66009521484375,145897
2026-06-17 12:25:00-04:00,298.6700134277344,298.8760070800781,298.6000061035156,298.614990234375,131032
2026-06-17 12:30:00-04:00,298.6297912597656,298.69989013671875,298.41009521484375,298.6300048828125,195264
2026-06-17 12:35:00-04:00,298.625,298.7449951171875,298.2300109863281,298.4200134277344,193981
2026-06-17 12:40:00-04:00,298.4200134277344,298.55999755859375,298.260009765625,298.4599914550781,187683
2026-06-17 12:45:00-04:00,298.4700012207031,298.4700012207031,298.1321105957031,298.3999938964844,149360
2026-06-17 12:50:00-04:00,298.3999938964844,298.489990234375,298.2200012207031,298.4100036621094,155009
2026-06-17 12:55:00-04:00,298.3999938964844,298.5299987792969,298.0950012207031,298.20001220703125,159946
2026-06-17 13:00:00-04:00,298.2099914550781,298.2099914550781,297.2300109863281,297.2699890136719,334978
2026-06-17 13:05:00-04:00,297.25,297.2850036621094,296.5899963378906,296.8699951171875,322300
2026-06-17 13:10:00-04:00,296.8599853515625,297.0994873046875,296.6449890136719,296.7049865722656,288685
2026-06-17 13:15:00-04:00,296.70001220703125,297.0400085449219,296.5719909667969,297.0199890136719,248136
2026-06-17 13:20:00-04:00,297.0199890136719,297.239990234375,296.8100891113281,296.8100891113281,191325
2026-06-17 13:25:00-04:00,296.82501220703125,296.9700012207031,296.57000732421875,296.80999755859375,186534
2026-06-17 13:30:00-04:00,296.79998779296875,296.79998779296875,296.42999267578125,296.4750061035156,216496
2026-06-17 13:35:00-04:00,296.4800109863281,297.1099853515625,296.4599914550781,297.0400085449219,172260
2026-06-17 13:40:00-04:00,297.07000732421875,297.1050109863281,296.8299865722656,296.8500061035156,150954
2026-06-17 13:45:00-04:00,296.8599853515625,297.2300109863281,296.8500061035156,297.2101135253906,132348
2026-06-17 13:50:00-04:00,297.2099914550781,297.6000061035156,297.1600036621094,297.45001220703125,187748
2026-06-17 13:55:00-04:00,297.44000244140625,297.54998779296875,297.2200012207031,297.54998779296875,141405
2026-06-17 14:00:00-04:00,297.5299987792969,297.5299987792969,296.25,296.2850036621094,530052
2026-06-17 14:05:00-04:00,296.260009765625,296.5400085449219,295.69000244140625,296.2550048828125,508804
2026-06-17 14:10:00-04:00,296.260009765625,296.3800048828125,295.6499938964844,295.8299865722656,535079
2026-06-17 14:15:00-04:00,295.8599853515625,296.5299987792969,295.8599853515625,296.3599853515625,264960
2026-06-17 14:20:00-04:00,296.3500061035156,296.3800048828125,295.6000061035156,295.6700134277344,233115
2026-06-17 14:25:00-04:00,295.6400146484375,295.8699951171875,295.3299865722656,295.8349914550781,266660
2026-06-17 14:30:00-04:00,295.82000732421875,296.3299865722656,295.2073059082031,295.2900085449219,483458
2026-06-17 14:35:00-04:00,295.2900085449219,295.989990234375,295.20001220703125,295.55999755859375,313201
2026-06-17 14:40:00-04:00,295.5799865722656,296.4200134277344,295.5,296.29998779296875,371508
2026-06-17 14:45:00-04:00,296.2799987792969,296.32000732421875,295.5,295.510009765625,317015
2026-06-17 14:50:00-04:00,295.5050048828125,295.6499938964844,295.2500915527344,295.2699890136719,279333
2026-06-17 14:55:00-04:00,295.2699890136719,295.2699890136719,294.3800048828125,294.5899963378906,418722
2026-06-17 15:00:00-04:00,294.5899963378906,295.0899963378906,294.3900146484375,294.9649963378906,434234
2026-06-17 15:05:00-04:00,294.9549865722656,295.32000732421875,294.8900146484375,295.00579833984375,346443
2026-06-17 15:10:00-04:00,295.0,295.8399963378906,294.7799987792969,295.5400085449219,371119
2026-06-17 15:15:00-04:00,295.5299987792969,295.6549987792969,295.0899963378906,295.090087890625,285053
2026-06-17 15:20:00-04:00,295.1199951171875,295.3800048828125,294.82501220703125,295.0799865722656,339972
2026-06-17 15:25:00-04:00,295.0799865722656,295.45001220703125,295.0199890136719,295.18499755859375,355738
2026-06-17 15:30:00-04:00,295.1600036621094,295.3500061035156,294.86749267578125,295.1199951171875,560180
2026-06-17 15:35:00-04:00,295.12298583984375,295.44000244140625,294.885009765625,295.05999755859375,385182
2026-06-17 15:40:00-04:00,295.04998779296875,295.25,294.6000061035156,294.94000244140625,592494
2026-06-17 15:45:00-04:00,294.92999267578125,295.2900085449219,294.79998779296875,295.1499938964844,397795
2026-06-17 15:50:00-04:00,295.0899963378906,295.739990234375,294.5899963378906,295.385009765625,820852
2026-06-17 15:55:00-04:00,295.3970031738281,296.2200012207031,295.3399963378906,295.8800048828125,1680932
2026-06-18 09:30:00-04:00,298.44000244140625,300.45989990234375,298.07000732421875,298.0899963378906,12767171
2026-06-18 09:35:00-04:00,298.0899963378906,298.1799011230469,295.6199951171875,296.364990234375,1237649
2026-06-18 09:40:00-04:00,296.4100036621094,297.6979064941406,295.6900939941406,297.69000244140625,944313
2026-06-18 09:45:00-04:00,297.70001220703125,298.04998779296875,297.1499938964844,298.0299072265625,578365
2026-06-18 09:50:00-04:00,297.9800109863281,298.625,297.56500244140625,298.1099853515625,2463222
2026-06-18 09:55:00-04:00,298.1499938964844,298.70001220703125,297.8599853515625,298.2749938964844,558458
2026-06-18 10:00:00-04:00,298.30999755859375,299.159912109375,298.0199890136719,298.8900146484375,993202
2026-06-18 10:05:00-04:00,298.8299865722656,299.42999267578125,298.4800109863281,299.2699890136719,4306661
2026-06-18 10:10:00-04:00,299.2699890136719,299.3900146484375,298.75,298.989990234375,546734
2026-06-18 10:15:00-04:00,298.9649963378906,299.4700012207031,298.54998779296875,299.2650146484375,765304
2026-06-18 10:20:00-04:00,299.2900085449219,299.30999755859375,298.2200012207031,299.1400146484375,466066
2026-06-18 10:25:00-04:00,299.1499938964844,299.6300048828125,298.6700134277344,299.6099853515625,562550
2026-06-18 10:30:00-04:00,299.614990234375,299.75,298.5,298.8699951171875,617625
2026-06-18 10:35:00-04:00,298.8900146484375,299.4549865722656,298.67999267578125,299.4200134277344,352174
2026-06-18 10:40:00-04:00,299.42999267578125,299.760009765625,299.1642150878906,299.7099914550781,328007
2026-06-18 10:45:00-04:00,299.69000244140625,300.57000732421875,299.6099853515625,300.3800048828125,730320
2026-06-18 10:50:00-04:00,300.3900146484375,300.3900146484375,299.3800048828125,299.4599914550781,1056478
2026-06-18 10:55:00-04:00,299.4599914550781,299.8599853515625,299.13018798828125,299.17999267578125,786590
2026-06-18 11:00:00-04:00,299.2300109863281,299.2300109863281,297.92999267578125,298.2701110839844,569476
2026-06-18 11:05:00-04:00,298.29998779296875,298.57000732421875,297.8699951171875,298.3500061035156,400227
2026-06-18 11:10:00-04:00,298.3800048828125,298.7200012207031,298.0400085449219,298.07000732421875,818621
2026-06-18 11:15:00-04:00,298.0899963378906,298.1600036621094,297.2300109863281,297.3699951171875,801245
2026-06-18 11:20:00-04:00,297.3700866699219,297.5299987792969,297.1400146484375,297.2749938964844,269364
2026-06-18 11:25:00-04:00,297.2900085449219,297.489990234375,296.9599914550781,297.1099853515625,1410520
2026-06-18 11:30:00-04:00,297.1000061035156,297.2799987792969,296.8500061035156,297.17498779296875,0
2026-06-18 11:35:00-04:00,297.1650085449219,297.3900146484375,296.75,297.0799865722656,350700
2026-06-18 11:40:00-04:00,297.0400085449219,297.0400085449219,296.1400146484375,296.19000244140625,371785
2026-06-18 11:45:00-04:00,296.19000244140625,296.32000732421875,295.95001220703125,296.2950134277344,643314
2026-06-18 11:50:00-04:00,296.28009033203125,297.32000732421875,296.2699890136719,297.30999755859375,374887
2026-06-18 11:55:00-04:00,297.29998779296875,297.6199951171875,297.260009765625,297.3800048828125,589681
2026-06-18 12:00:00-04:00,297.3999938964844,297.7300109863281,296.94000244140625,297.0,294726
2026-06-18 12:05:00-04:00,297.010009765625,297.2499084472656,296.739990234375,296.79998779296875,265444
2026-06-18 12:10:00-04:00,296.82000732421875,297.1400146484375,296.69000244140625,297.0849914550781,1188851
2026-06-18 12:15:00-04:00,297.0849914550781,297.4200134277344,296.94000244140625,297.3299865722656,692055
2026-06-18 12:20:00-04:00,297.3399963378906,297.5198974609375,297.1400146484375,297.20001220703125,156108
2026-06-18 12:25:00-04:00,297.19500732421875,297.5199890136719,297.0450134277344,297.489990234375,209581
2026-06-18 12:30:00-04:00,297.4849853515625,297.489990234375,297.0306091308594,297.17999267578125,230499
2026-06-18 12:35:00-04:00,297.1700134277344,297.69000244140625,297.1099853515625,297.6099853515625,481667
2026-06-18 12:40:00-04:00,297.6050109863281,297.6199951171875,297.1300048828125,297.489990234375,199108
2026-06-18 12:45:00-04:00,297.4949951171875,297.5,297.1300048828125,297.29998779296875,288166
2026-06-18 12:50:00-04:00,297.2900085449219,297.29998779296875,297.0199890136719,297.05499267578125,185066
2026-06-18 12:55:00-04:00,297.05999755859375,297.1600036621094,296.8399963378906,297.1300048828125,219814
2026-06-18 13:00:00-04:00,297.1300048828125,297.92999267578125,297.0299987792969,297.864990234375,231955
2026-06-18 13:05:00-04:00,297.875,298.10919189453125,297.79998779296875,297.82000732421875,231546
2026-06-18 13:10:00-04:00,297.81500244140625,298.23199462890625,297.79998779296875,298.19500732421875,152726
2026-06-18 13:15:00-04:00,298.20001220703125,298.3598937988281,298.05108642578125,298.2200012207031,403388
2026-06-18 13:20:00-04:00,298.2300109863281,298.25,297.7200012207031,297.7200012207031,532852
2026-06-18 13:25:00-04:00,297.7300109863281,297.8999938964844,297.5799865722656,297.82000732421875,162842
2026-06-18 13:30:00-04:00,297.82501220703125,297.9849853515625,297.79180908203125,297.81988525390625,273892
2026-06-18 13:35:00-04:00,297.80999755859375,297.9295959472656,297.6910095214844,297.79998779296875,164403
2026-06-18 13:40:00-04:00,297.7900085449219,297.8299865722656,297.5,297.55999755859375,175400
2026-06-18 13:45:00-04:00,297.56048583984375,297.7550048828125,297.3500061035156,297.69500732421875,261735
2026-06-18 13:50:00-04:00,297.7149963378906,297.8599853515625,297.5799865722656,297.7349853515625,130944
2026-06-18 13:55:00-04:00,297.739990234375,297.739990234375,297.3699951171875,297.5700988769531,166187
2026-06-18 14:00:00-04:00,297.57501220703125,297.6199951171875,297.25,297.29998779296875,162139
2026-06-18 14:05:00-04:00,297.2900085449219,297.489990234375,297.1499938964844,297.1600036621094,192556
2026-06-18 14:10:00-04:00,297.1700134277344,297.6300048828125,297.0199890136719,297.55999755859375,269497
2026-06-18 14:15:00-04:00,297.55999755859375,297.67999267578125,297.29998779296875,297.6000061035156,153111
2026-06-18 14:20:00-04:00,297.5849914550781,297.6199951171875,297.2959899902344,297.3299865722656,148988
2026-06-18 14:25:00-04:00,297.3200988769531,297.375,297.010009765625,297.1099853515625,285861
2026-06-18 14:30:00-04:00,297.1400146484375,297.5799865722656,297.0600891113281,297.3900146484375,386519
2026-06-18 14:35:00-04:00,297.3450012207031,297.6199951171875,297.31060791015625,297.3999938964844,211191
2026-06-18 14:40:00-04:00,297.3800048828125,297.6499938964844,297.32000732421875,297.6449890136719,153924
2026-06-18 14:45:00-04:00,297.6449890136719,298.05999755859375,297.6449890136719,297.9750061035156,237922
2026-06-18 14:50:00-04:00,297.97100830078125,298.07000732421875,297.8800048828125,297.92999267578125,186565
2026-06-18 14:55:00-04:00,297.9150085449219,297.989990234375,297.5899963378906,297.70001220703125,165235
2026-06-18 15:00:00-04:00,297.7099914550781,297.760009765625,297.510009765625,297.5899963378906,226339
2026-06-18 15:05:00-04:00,297.5849914550781,297.70001220703125,297.3399963378906,297.3399963378906,34117
2026-06-18 15:10:00-04:00,297.3500061035156,297.3500061035156,297.05999755859375,297.1099853515625,224844
2026-06-18 15:15:00-04:00,297.1099853515625,297.30999755859375,297.04010009765625,297.29998779296875,482029
2026-06-18 15:20:00-04:00,297.2799987792969,297.4100036621094,297.1700134277344,297.2049865722656,229810
2026-06-18 15:25:00-04:00,297.2099914550781,297.5,297.2004089355469,297.3800048828125,234836
2026-06-18 15:30:00-04:00,297.3599853515625,297.3599853515625,297.05999755859375,297.2799987792969,331765
2026-06-18 15:35:00-04:00,297.2699890136719,297.5400085449219,297.239990234375,297.4649963378906,249239
2026-06-18 15:40:00-04:00,297.4800109863281,297.68499755859375,297.3500061035156,297.54998779296875,314704
2026-06-18 15:45:00-04:00,297.5400085449219,297.8299865722656,297.5199890136719,297.6499938964844,350930
2026-06-18 15:50:00-04:00,297.6600036621094,299.2394104003906,297.5201110839844,298.05999755859375,1743167
2026-06-18 15:55:00-04:00,298.0,298.5400085449219,297.8800048828125,297.8900146484375,2260716
2026-06-22 09:30:00-04:00,297.5,300.3299865722656,297.42999267578125,298.42999267578125,2285365
2026-06-22 09:35:00-04:00,298.42999267578125,301.2799987792969,298.2699890136719,301.2101135253906,844690
2026-06-22 09:40:00-04:00,301.24029541015625,301.9800109863281,300.84600830078125,301.5899963378906,863434
2026-06-22 09:45:00-04:00,301.625,301.75,300.5899963378906,301.3699951171875,541992
2026-06-22 09:50:00-04:00,301.3399963378906,302.05999755859375,300.57000732421875,301.2250061035156,682478
2026-06-22 09:55:00-04:00,301.25,301.79998779296875,300.5,301.739990234375,314352
2026-06-22 10:00:00-04:00,301.7449951171875,302.0899963378906,301.6400146484375,301.8399963378906,573442
2026-06-22 10:05:00-04:00,301.8399963378906,302.4200134277344,301.5199890136719,302.3699951171875,426371
2026-06-22 10:10:00-04:00,302.3500061035156,302.4100036621094,301.7340087890625,301.8500061035156,926062
2026-06-22 10:15:00-04:00,301.8500061035156,301.92498779296875,300.8800048828125,301.5098876953125,451777
2026-06-22 10:20:00-04:00,301.4949951171875,301.5400085449219,301.0199890136719,301.30499267578125,366888
2026-06-22 10:25:00-04:00,301.2900085449219,301.6499938964844,301.05999755859375,301.20001220703125,391916
2026-06-22 10:30:00-04:00,301.2099914550781,301.2300109863281,300.43499755859375,300.4800109863281,545103
2026-06-22 10:35:00-04:00,300.4599914550781,300.4750061035156,299.55999755859375,300.0400085449219,484821
2026-06-22 10:40:00-04:00,300.05999755859375,300.3080139160156,299.6199951171875,299.70001220703125,306676
2026-06-22 10:45:00-04:00,299.6700134277344,300.1300048828125,299.6400146484375,299.8450012207031,346071
2026-06-22 10:50:00-04:00,299.8299865722656,299.9700012207031,299.3699951171875,299.6400146484375,315633
2026-06-22 10:55:00-04:00,299.635009765625,300.07000732421875,299.4100036621094,299.79998779296875,283247
2026-06-22 11:00:00-04:00,299.80499267578125,300.389892578125,299.760009765625,299.82000732421875,356466
2026-06-22 11:05:00-04:00,299.8299865722656,299.8599853515625,299.0350036621094,299.18499755859375,293300
2026-06-22 11:10:00-04:00,299.18499755859375,300.2300109863281,299.1499938964844,300.1098937988281,291313
2026-06-22 11:15:00-04:00,300.0950012207031,300.235107421875,299.7900085449219,299.94500732421875,385350
2026-06-22 11:20:00-04:00,299.94000244140625,300.1400146484375,299.20001220703125,300.125,462169
2026-06-22 11:25:00-04:00,300.125,300.2300109863281,299.6000061035156,299.94000244140625,241497
2026-06-22 11:30:00-04:00,299.94000244140625,300.3099060058594,299.75,300.1700134277344,265292
2026-06-22 11:35:00-04:00,300.20989990234375,300.7398986816406,300.18499755859375,300.7149963378906,201457
2026-06-22 11:40:00-04:00,300.7200012207031,301.260009765625,300.70001220703125,301.04998779296875,305190
2026-06-22 11:45:00-04:00,301.0899963378906,301.4299011230469,300.260009765625,300.29998779296875,271094
2026-06-22 11:50:00-04:00,300.3599853515625,300.7377014160156,300.3500061035156,300.5799865722656,192750
2026-06-22 11:55:00-04:00,300.6000061035156,300.92999267578125,300.5299987792969,300.8900146484375,247584
2026-06-22 12:00:00-04:00,300.885009765625,300.9590148925781,300.32000732421875,300.4068908691406,250177
2026-06-22 12:05:00-04:00,300.3949890136719,300.92999267578125,300.3800048828125,300.760009765625,305104
2026-06-22 12:10:00-04:00,300.760009765625,300.8500061035156,300.5,300.7903137207031,255846
2026-06-22 12:15:00-04:00,300.7900085449219,300.82000732421875,300.5199890136719,300.69500732421875,178816
2026-06-22 12:20:00-04:00,300.70001220703125,300.95001220703125,300.42999267578125,300.510009765625,273287
2026-06-22 12:25:00-04:00,300.5177001953125,300.6199951171875,300.1499938964844,300.5398864746094,204625
2026-06-22 12:30:00-04:00,300.5199890136719,300.67999267578125,300.2699890136719,300.3299865722656,194652
2026-06-22 12:35:00-04:00,300.3299865722656,300.3999938964844,300.114990234375,300.17999267578125,216044
2026-06-22 12:40:00-04:00,300.19000244140625,300.3900146484375,299.9100036621094,300.17498779296875,405209
2026-06-22 12:45:00-04:00,300.19000244140625,300.4700012207031,300.0199890136719,300.2499084472656,273528
2026-06-22 12:50:00-04:00,300.2200012207031,300.4800109863281,300.090087890625,300.2099914550781,194652
2026-06-22 12:55:00-04:00,300.2099914550781,300.3500061035156,299.9150085449219,299.9200134277344,190077
2026-06-22 13:00:00-04:00,299.92999267578125,300.04998779296875,299.65008544921875,299.93499755859375,219393
2026-06-22 13:05:00-04:00,299.94000244140625,299.9599914550781,299.56500244140625,299.67999267578125,180689
2026-06-22 13:10:00-04:00,299.69000244140625,299.7699890136719,299.45001220703125,299.6050109863281,252227
2026-06-22 13:15:00-04:00,299.6199951171875,299.89990234375,299.6199951171875,299.8599853515625,156955
2026-06-22 13:20:00-04:00,299.875,300.1300048828125,299.80999755859375,299.8999938964844,195575
2026-06-22 13:25:00-04:00,299.8949890136719,299.95001220703125,299.67498779296875,299.80999755859375,211788
2026-06-22 13:30:00-04:00,299.81500244140625,299.82000732421875,299.5199890136719,299.6700134277344,153066
2026-06-22 13:35:00-04:00,299.6600036621094,299.6600036621094,299.30499267578125,299.5199890136719,206940
2026-06-22 13:40:00-04:00,299.5,299.8599853515625,299.25,299.3301086425781,323656
2026-06-22 13:45:00-04:00,299.3299865722656,299.7300109863281,299.25,299.6300048828125,220110
2026-06-22 13:50:00-04:00,299.6199951171875,299.81988525390625,299.32501220703125,299.3550109863281,167635
2026-06-22 13:55:00-04:00,299.3399963378906,299.54998779296875,299.30499267578125,299.30999755859375,164408
2026-06-22 14:00:00-04:00,299.30999755859375,299.3265075683594,298.6600036621094,298.70001220703125,259698
2026-06-22 14:05:00-04:00,298.67999267578125,298.8500061035156,298.6099853515625,298.75,191438
2026-06-22 14:10:00-04:00,298.75,298.760009765625,298.5830078125,298.69500732421875,174668
2026-06-22 14:15:00-04:00,298.697509765625,298.9750061035156,298.6300048828125,298.864990234375,209707
2026-06-22 14:20:00-04:00,298.8599853515625,299.20001220703125,298.8599853515625,298.94720458984375,243399
2026-06-22 14:25:00-04:00,298.95001220703125,299.010009765625,298.8299865722656,298.9200134277344,140666
2026-06-22 14:30:00-04:00,298.9200134277344,299.0199890136719,298.590087890625,298.7449951171875,176685
2026-06-22 14:35:00-04:00,298.760009765625,298.92999267578125,298.7099914550781,298.8399963378906,149654
2026-06-22 14:40:00-04:00,298.8500061035156,299.0400085449219,298.82000732421875,298.8599853515625,176342
2026-06-22 14:45:00-04:00,298.875,299.239990234375,298.8399963378906,299.1050109863281,212928
2026-06-22 14:50:00-04:00,299.1050109863281,299.1401062011719,298.660400390625,298.8999938964844,186192
2026-06-22 14:55:00-04:00,298.8800048828125,299.1000061035156,298.8399963378906,299.07000732421875,179270
2026-06-22 15:00:00-04:00,299.0899963378906,299.3399963378906,298.92999267578125,299.1499938964844,274850
2026-06-22 15:05:00-04:00,299.1600036621094,299.2001037597656,298.885009765625,299.0299987792969,390693
2026-06-22 15:10:00-04:00,299.0299987792969,299.239990234375,298.9700012207031,299.0899963378906,214477
2026-06-22 15:15:00-04:00,299.0899963378906,299.2699890136719,299.0799865722656,299.1000061035156,330840
2026-06-22 15:20:00-04:00,299.114990234375,299.29998779296875,298.9100036621094,299.0450134277344,373072
2026-06-22 15:25:00-04:00,299.05999755859375,299.1300048828125,298.9599914550781,299.05999755859375,261455
2026-06-22 15:30:00-04:00,299.05999755859375,299.0899963378906,297.44000244140625,297.69000244140625,843724
2026-06-22 15:35:00-04:00,297.67498779296875,297.70001220703125,296.9599914550781,297.1600036621094,673681
2026-06-22 15:40:00-04:00,297.1600036621094,297.32000732421875,296.989990234375,297.2699890136719,598907
2026-06-22 15:45:00-04:00,297.2799987792969,297.5400085449219,296.8399963378906,297.0849914550781,619667
2026-06-22 15:50:00-04:00,297.1099853515625,297.6099853515625,296.9100036621094,297.55499267578125,1002574
2026-06-22 15:55:00-04:00,297.57501220703125,297.67999267578125,296.7900085449219,296.7900085449219,2360538
2026-06-23 09:30:00-04:00,297.5379943847656,298.30999755859375,295.17999267578125,297.04998779296875,2685201
2026-06-23 09:35:00-04:00,296.9800109863281,299.19000244140625,296.20001220703125,298.9150085449219,869374
2026-06-23 09:40:00-04:00,298.9324951171875,300.5776062011719,298.7300109863281,300.510009765625,857998
2026-06-23 09:45:00-04:00,300.4700012207031,301.6400146484375,300.1700134277344,300.4049987792969,785038
2026-06-23 09:50:00-04:00,300.3599853515625,300.5299987792969,298.1600036621094,298.3699951171875,737700
2026-06-23 09:55:00-04:00,298.3599853515625,299.3299865722656,298.15850830078125,299.1099853515625,454203
2026-06-23 10:00:00-04:00,299.0849914550781,299.6499938964844,298.7950134277344,299.385009765625,434804
2026-06-23 10:05:00-04:00,299.3500061035156,299.75,298.8599853515625,299.6300048828125,563973
2026-06-23 10:10:00-04:00,299.6300048828125,299.989990234375,299.3800048828125,299.42999267578125,475005
2026-06-23 10:15:00-04:00,299.42999267578125,299.8699951171875,299.30999755859375,299.5400085449219,383251
2026-06-23 10:20:00-04:00,299.5199890136719,299.7099914550781,298.8999938964844,299.5799865722656,477630
2026-06-23 10:25:00-04:00,299.54998779296875,300.55999755859375,299.4200134277344,300.506591796875,536304
2026-06-23 10:30:00-04:00,300.5199890136719,300.8800048828125,300.010009765625,300.4200134277344,512859
2026-06-23 10:35:00-04:00,300.44000244140625,300.5,299.60430908203125,299.6499938964844,400633
2026-06-23 10:40:00-04:00,299.6499938964844,300.4599914550781,299.55999755859375,300.3500061035156,297843
2026-06-23 10:45:00-04:00,300.3699951171875,300.4800109863281,299.8450012207031,300.0398864746094,373941
2026-06-23 10:50:00-04:00,300.010009765625,300.239990234375,299.614990234375,300.1000061035156,334302
2026-06-23 10:55:00-04:00,300.0950012207031,300.2499084472656,299.5400085449219,300.0899963378906,358393
2026-06-23 11:00:00-04:00,300.0899963378906,300.32000732421875,299.45001220703125,299.7300109863281,370644
2026-06-23 11:05:00-04:00,299.7200012207031,299.739990234375,299.2200012207031,299.70001220703125,377127
2026-06-23 11:10:00-04:00,299.69000244140625,299.9800109863281,299.1000061035156,299.1477966308594,402198
2026-06-23 11:15:00-04:00,299.1300048828125,299.2900085449219,298.5199890136719,298.6465148925781,357196
2026-06-23 11:20:00-04:00,298.6700134277344,298.9700012207031,298.5201110839844,298.6600036621094,317002
2026-06-23 11:25:00-04:00,298.625,298.80999755859375,298.3999938964844,298.54998779296875,386468
2026-06-23 11:30:00-04:00,298.5450134277344,298.5899963378906,297.8299865722656,297.8999938964844,405688
2026-06-23 11:35:00-04:00,297.95001220703125,298.2799987792969,297.3500061035156,297.55999755859375,375897
2026-06-23 11:40:00-04:00,297.57000732421875,297.8900146484375,297.5,297.760009765625,301152
2026-06-23 11:45:00-04:00,297.7699890136719,297.9800109863281,297.4599914550781,297.8699951171875,240707
2026-06-23 11:50:00-04:00,297.875,298.0950012207031,297.7300109863281,297.9150085449219,409022
2026-06-23 11:55:00-04:00,297.9150085449219,298.2349853515625,297.70001220703125,298.06500244140625,269370
2026-06-23 12:00:00-04:00,298.07000732421875,298.3999938964844,297.95001220703125,298.3351135253906,354356
2026-06-23 12:05:00-04:00,298.3399963378906,298.6300048828125,298.30999755859375,298.5439147949219,251455
2026-06-23 12:10:00-04:00,298.55999755859375,298.7699890136719,298.1300048828125,298.17999267578125,294714
2026-06-23 12:15:00-04:00,298.19000244140625,298.885009765625,298.19000244140625,298.8599853515625,287754
2026-06-23 12:20:00-04:00,298.8500061035156,298.8500061035156,298.5199890136719,298.67999267578125,328618
2026-06-23 12:25:00-04:00,298.67999267578125,298.875,298.5199890136719,298.6199035644531,313397
2026-06-23 12:30:00-04:00,298.5849914550781,298.6600036621094,298.19500732421875,298.45001220703125,269817
2026-06-23 12:35:00-04:00,298.45001220703125,298.6400146484375,298.2300109863281,298.635009765625,231490
2026-06-23 12:40:00-04:00,298.635009765625,298.8500061035156,298.54998779296875,298.5799865722656,292888
2026-06-23 12:45:00-04:00,298.5799865722656,298.8599853515625,298.4200134277344,298.67999267578125,278635
2026-06-23 12:50:00-04:00,298.68499755859375,298.9800109863281,298.5,298.8900146484375,358271
2026-06-23 12:55:00-04:00,298.8999938964844,299.2799987792969,298.8500061035156,298.989990234375,286158
2026-06-23 13:00:00-04:00,299.010009765625,299.010009765625,297.8800048828125,298.0249938964844,409947
2026-06-23 13:05:00-04:00,298.0299987792969,298.7699890136719,298.02410888671875,298.760009765625,272427
2026-06-23 13:10:00-04:00,298.7699890136719,299.3949890136719,298.7650146484375,299.0400085449219,256080
2026-06-23 13:15:00-04:00,299.04998779296875,299.1199951171875,298.9100036621094,299.0,195497
2026-06-23 13:20:00-04:00,299.010009765625,299.3900146484375,299.0050048828125,299.32501220703125,252659
2026-06-23 13:25:00-04:00,299.32501220703125,299.4700012207031,299.20001220703125,299.3949890136719,260809
2026-06-23 13:30:00-04:00,299.3949890136719,299.7300109863281,299.2799987792969,299.69000244140625,294987
2026-06-23 13:35:00-04:00,299.70001220703125,299.79998779296875,299.2449951171875,299.43499755859375,252258
2026-06-23 13:40:00-04:00,299.42498779296875,299.4599914550781,299.0400085449219,299.3399963378906,215888
2026-06-23 13:45:00-04:00,299.3299865722656,300.0849914550781,299.2900085449219,299.9150085449219,374641
2026-06-23 13:50:00-04:00,299.9150085449219,299.94000244140625,299.3299865722656,299.3500061035156,305353
2026-06-23 13:55:00-04:00,299.3500061035156,299.46990966796875,298.8900146484375,298.9599914550781,237533
2026-06-23 14:00:00-04:00,298.989990234375,299.3800048828125,298.8900146484375,298.9599914550781,281170
2026-06-23 14:05:00-04:00,298.9700012207031,299.0199890136719,298.55999755859375,298.739990234375,275459
2026-06-23 14:10:00-04:00,298.739990234375,298.86981201171875,298.45001220703125,298.760009765625,248897
2026-06-23 14:15:00-04:00,298.7699890136719,298.8599853515625,298.3399963378906,298.510009765625,285090
2026-06-23 14:20:00-04:00,298.5050048828125,298.8599853515625,298.4049987792969,298.5199890136719,291885
2026-06-23 14:25:00-04:00,298.5400085449219,298.6300048828125,298.3699951171875,298.5199890136719,284912
2026-06-23 14:30:00-04:00,298.5249938964844,298.635009765625,298.1449890136719,298.2300109863281,335772
2026-06-23 14:35:00-04:00,298.2250061035156,298.2803955078125,297.7250061035156,298.05010986328125,294721
2026-06-23 14:40:00-04:00,298.07000732421875,298.1000061035156,297.75,297.8999938964844,285186
2026-06-23 14:45:00-04:00,297.8949890136719,298.0299987792969,297.7349853515625,297.8999938964844,374748
2026-06-23 14:50:00-04:00,297.9100036621094,298.2200012207031,297.45001220703125,297.6099853515625,341540
2026-06-23 14:55:00-04:00,297.6199951171875,297.8349914550781,297.4750061035156,297.5199890136719,358820
2026-06-23 15:00:00-04:00,297.5199890136719,298.86761474609375,297.3999938964844,297.5799865722656,387228
2026-06-23 15:05:00-04:00,297.6099853515625,297.8800048828125,296.8900146484375,297.17498779296875,429779
2026-06-23 15:10:00-04:00,297.17999267578125,297.5799865722656,296.7900085449219,296.8689880371094,463500
2026-06-23 15:15:00-04:00,296.8599853515625,296.8800048828125,295.30999755859375,295.6700134277344,791202
2026-06-23 15:20:00-04:00,295.6400146484375,296.239990234375,295.6099853515625,296.2349853515625,541932
2026-06-23 15:25:00-04:00,296.239990234375,296.4800109863281,295.8399963378906,295.840087890625,492539
2026-06-23 15:30:00-04:00,295.8399963378906,296.0400085449219,295.6199951171875,296.010009765625,421545
2026-06-23 15:35:00-04:00,296.0199890136719,296.4200134277344,295.7099914550781,296.11749267578125,502012
2026-06-23 15:40:00-04:00,296.1099853515625,296.2099914550781,295.4849853515625,295.70001220703125,709819
2026-06-23 15:45:00-04:00,295.7300109863281,296.1400146484375,295.45001220703125,295.8330078125,743259
2026-06-23 15:50:00-04:00,295.8500061035156,296.5,295.7900085449219,296.4200134277344,1110473
2026-06-23 15:55:00-04:00,296.42999267578125,296.4599914550781,294.2120056152344,294.2799987792969,4318239
2026-06-24 09:30:00-04:00,295.375,296.4599914550781,293.20001220703125,295.7300109863281,1881418
2026-06-24 09:35:00-04:00,295.7200012207031,296.1499938964844,294.8299865722656,295.44500732421875,427621
2026-06-24 09:40:00-04:00,295.4700012207031,295.989990234375,294.9800109863281,295.67999267578125,572260
2026-06-24 09:45:00-04:00,295.69000244140625,296.2799987792969,295.3500061035156,295.82501220703125,438433
2026-06-24 09:50:00-04:00,295.82000732421875,296.2300109863281,295.55999755859375,296.0801086425781,413123
2026-06-24 09:55:00-04:00,296.07000732421875,296.072509765625,294.4800109863281,294.7699890136719,461018
2026-06-24 10:00:00-04:00,294.7200012207031,295.0,294.2300109863281,294.5899963378906,345954
2026-06-24 10:05:00-04:00,294.5849914550781,294.94000244140625,294.44000244140625,294.79998779296875,272847
2026-06-24 10:10:00-04:00,294.7850036621094,295.5,294.55499267578125,294.875,414204
2026-06-24 10:15:00-04:00,294.8999938964844,295.489990234375,294.7250061035156,295.29998779296875,297171
2026-06-24 10:20:00-04:00,295.2699890136719,296.20941162109375,295.1099853515625,295.56500244140625,341931
2026-06-24 10:25:00-04:00,295.56500244140625,295.82000732421875,295.2200012207031,295.4649963378906,252467
2026-06-24 10:30:00-04:00,295.4599914550781,295.8099060058594,295.3399963378906,295.6000061035156,272661
2026-06-24 10:35:00-04:00,295.6000061035156,295.6899108886719,295.1099853515625,295.54998779296875,308197
2026-06-24 10:40:00-04:00,295.54998779296875,296.6000061035156,295.54998779296875,296.4849853515625,255673
2026-06-24 10:45:00-04:00,296.4700012207031,297.0799865722656,296.45001220703125,296.9049987792969,341116
2026-06-24 10:50:00-04:00,296.9200134277344,297.260009765625,296.8599853515625,296.8999938964844,307796
2026-06-24 10:55:00-04:00,296.9049987792969,297.1400146484375,296.8599853515625,297.0799865722656,279283
2026-06-24 11:00:00-04:00,297.1099853515625,297.510009765625,296.8500061035156,297.2349853515625,327864
2026-06-24 11:05:00-04:00,297.2349853515625,297.42999267578125,296.7300109863281,296.7449951171875,317141
2026-06-24 11:10:00-04:00,296.75,297.5899963378906,296.6499938964844,297.4800109863281,324439
2026-06-24 11:15:00-04:00,297.4700012207031,297.6000061035156,297.1129150390625,297.4849853515625,198761
2026-06-24 11:20:00-04:00,297.4849853515625,298.3500061035156,297.2300109863281,297.93499755859375,532365
2026-06-24 11:25:00-04:00,297.93499755859375,298.8800048828125,297.510009765625,298.7850036621094,636118
2026-06-24 11:30:00-04:00,298.760009765625,299.25,298.7099914550781,299.0799865722656,493137
2026-06-24 11:35:00-04:00,299.0882873535156,299.5,298.92999267578125,299.07000732421875,304970
2026-06-24 11:40:00-04:00,299.05999755859375,299.1199951171875,298.1610107421875,298.1700134277344,519323
2026-06-24 11:45:00-04:00,298.2300109863281,299.08990478515625,298.0799865722656,299.0050048828125,301524
2026-06-24 11:50:00-04:00,299.0199890136719,299.6600036621094,299.0199890136719,299.4549865722656,341932
2026-06-24 11:55:00-04:00,299.44500732421875,299.70001220703125,299.2799987792969,299.4750061035156,212454
2026-06-24 12:00:00-04:00,299.4649963378906,299.5,298.7699890136719,298.8999938964844,258079
2026-06-24 12:05:00-04:00,298.8999938964844,299.0400085449219,298.7200012207031,298.8599853515625,217141
2026-06-24 12:10:00-04:00,298.8450012207031,299.04998779296875,298.5899963378906,298.7300109863281,302119
2026-06-24 12:15:00-04:00,298.75,298.8999938964844,298.3699951171875,298.3703918457031,236272
2026-06-24 12:20:00-04:00,298.3699951171875,298.42999267578125,297.839599609375,298.3550109863281,400770
2026-06-24 12:25:00-04:00,298.3399963378906,298.3399963378906,298.0002136230469,298.07000732421875,203751
2026-06-24 12:30:00-04:00,298.04998779296875,298.04998779296875,297.5199890136719,297.7300109863281,291456
2026-06-24 12:35:00-04:00,297.7301025390625,297.9649963378906,297.3200988769531,297.55999755859375,287013
2026-06-24 12:40:00-04:00,297.5400085449219,297.6700134277344,297.2200012207031,297.31500244140625,298306
2026-06-24 12:45:00-04:00,297.2749938964844,297.53179931640625,297.0108947753906,297.4700012207031,242328
2026-06-24 12:50:00-04:00,297.44000244140625,297.6000061035156,297.0,297.0199890136719,245001
2026-06-24 12:55:00-04:00,297.0199890136719,297.45001220703125,296.8699951171875,297.3450012207031,293613
2026-06-24 13:00:00-04:00,297.3599853515625,297.385009765625,297.1499938964844,297.32501220703125,168902
2026-06-24 13:05:00-04:00,297.31500244140625,297.31500244140625,296.3121032714844,296.45001220703125,264746
2026-06-24 13:10:00-04:00,296.45001220703125,296.8500061035156,296.45001220703125,296.6099853515625,243818
2026-06-24 13:15:00-04:00,296.6099853515625,296.6600036621094,295.94000244140625,296.29998779296875,351825
2026-06-24 13:20:00-04:00,296.29998779296875,296.4798889160156,295.79998779296875,296.3699951171875,338871
2026-06-24 13:25:00-04:00,296.375,296.94000244140625,296.17999267578125,296.4200134277344,378009
2026-06-24 13:30:00-04:00,296.4100036621094,296.6300048828125,295.8399963378906,296.3349914550781,326139
2026-06-24 13:35:00-04:00,296.3450012207031,296.8644104003906,296.32000732421875,296.6099853515625,473940
2026-06-24 13:40:00-04:00,296.626708984375,296.7049865722656,295.760009765625,295.8999938964844,274679
2026-06-24 13:45:00-04:00,295.9161071777344,296.32000732421875,295.7699890136719,296.2099914550781,283147
2026-06-24 13:50:00-04:00,296.19000244140625,296.29998779296875,295.92999267578125,296.0400085449219,261850
2026-06-24 13:55:00-04:00,296.04998779296875,296.24249267578125,295.5899963378906,295.6099853515625,275578
2026-06-24 14:00:00-04:00,295.6099853515625,296.4700012207031,295.590087890625,296.30999755859375,419590
2026-06-24 14:05:00-04:00,296.2950134277344,296.4949951171875,295.8399963378906,295.93499755859375,391655
2026-06-24 14:10:00-04:00,295.92999267578125,295.9399108886719,295.3800048828125,295.57000732421875,306178
2026-06-24 14:15:00-04:00,295.57000732421875,296.2099914550781,295.56500244140625,295.92999267578125,329000
2026-06-24 14:20:00-04:00,295.9200134277344,296.1099853515625,295.7799987792969,296.1099853515625,256033
2026-06-24 14:25:00-04:00,296.1099853515625,296.2099914550781,295.8500061035156,296.0,371324
2026-06-24 14:30:00-04:00,296.0,296.17999267578125,295.8900146484375,296.125,395006
2026-06-24 14:35:00-04:00,296.1000061035156,296.1099853515625,295.2900085449219,295.42999267578125,418865
2026-06-24 14:40:00-04:00,295.43499755859375,295.5299987792969,294.8800048828125,295.20001220703125,494502
2026-06-24 14:45:00-04:00,295.19000244140625,295.25,294.4200134277344,294.5299987792969,486710
2026-06-24 14:50:00-04:00,294.5350036621094,294.57501220703125,294.1600036621094,294.45001220703125,538740
2026-06-24 14:55:00-04:00,294.45001220703125,295.19000244140625,294.26611328125,295.1700134277344,523658
2026-06-24 15:00:00-04:00,295.19000244140625,295.42999267578125,294.8399963378906,295.3900146484375,426481
2026-06-24 15:05:00-04:00,295.4049987792969,295.44000244140625,294.7900085449219,295.2149963378906,390843
2026-06-24 15:10:00-04:00,295.2149963378906,295.2369079589844,294.94000244140625,295.0400085449219,408929
2026-06-24 15:15:00-04:00,295.0299987792969,295.2200012207031,294.80999755859375,295.05999755859375,380163
2026-06-24 15:20:00-04:00,295.05999755859375,295.1600036621094,294.9100036621094,294.9800109863281,381534
2026-06-24 15:25:00-04:00,294.989990234375,295.239990234375,294.8999938964844,294.9400939941406,339984
2026-06-24 15:30:00-04:00,294.92999267578125,295.1300048828125,294.7300109863281,294.9599914550781,526138
2026-06-24 15:35:00-04:00,294.9519958496094,294.9800109863281,294.4700012207031,294.6499938964844,801265
2026-06-24 15:40:00-04:00,294.6400146484375,295.1400146484375,294.5199890136719,295.0350036621094,573362
2026-06-24 15:45:00-04:00,295.04998779296875,295.3699951171875,294.82000732421875,294.9700012207031,567818
2026-06-24 15:50:00-04:00,294.989990234375,295.2900085449219,294.0799865722656,295.25,1283560
2026-06-24 15:55:00-04:00,295.239990234375,295.25,292.94000244140625,293.260009765625,3863726
2026-06-25 09:30:00-04:00,287.510009765625,288.79998779296875,284.7300109863281,285.69000244140625,3957272
2026-06-25 09:35:00-04:00,285.6199951171875,285.8399963378906,281.0799865722656,281.1499938964844,2546987
2026-06-25 09:40:00-04:00,281.1199951171875,281.2799987792969,277.8800048828125,278.1600036621094,3073932
2026-06-25 09:45:00-04:00,278.1199951171875,279.92999267578125,278.07000732421875,279.760009765625,2379377
2026-06-25 09:50:00-04:00,279.7799987792969,279.94000244140625,278.1199951171875,278.1300048828125,1869356
2026-06-25 09:55:00-04:00,278.1400146484375,279.3399963378906,277.6700134277344,278.9700012207031,1319750
2026-06-25 10:00:00-04:00,278.94500732421875,280.1798095703125,278.8299865722656,279.95001220703125,1486808
2026-06-25 10:05:00-04:00,279.95001220703125,280.06988525390625,279.010009765625,279.57000732421875,974399
2026-06-25 10:10:00-04:00,279.5799865722656,279.92498779296875,277.9599914550781,278.4599914550781,1408253
2026-06-25 10:15:00-04:00,278.44500732421875,279.19000244140625,277.4599914550781,279.1449890136719,1345736
2026-06-25 10:20:00-04:00,279.1549987792969,279.7799987792969,277.92999267578125,278.04998779296875,1336111
2026-06-25 10:25:00-04:00,278.0350036621094,279.739990234375,278.0350036621094,279.6300048828125,1045861
2026-06-25 10:30:00-04:00,279.635009765625,280.0899963378906,279.0199890136719,279.54998779296875,856979
2026-06-25 10:35:00-04:00,279.5350036621094,280.0,279.05499267578125,279.75,642344
2026-06-25 10:40:00-04:00,279.7550048828125,280.0899963378906,278.5899963378906,279.7300109863281,971805
2026-06-25 10:45:00-04:00,279.7300109863281,279.989990234375,278.93499755859375,279.0299987792969,892981
2026-06-25 10:50:00-04:00,279.0199890136719,279.5,278.4100036621094,279.02850341796875,740451
2026-06-25 10:55:00-04:00,279.0,279.2099914550781,277.4599914550781,277.6050109863281,843606
2026-06-25 11:00:00-04:00,277.6099853515625,278.1000061035156,277.239990234375,277.55999755859375,816258
2026-06-25 11:05:00-04:00,277.55999755859375,277.8299865722656,276.779296875,277.82501220703125,918053
2026-06-25 11:10:00-04:00,277.79998779296875,277.81988525390625,276.80999755859375,277.0199890136719,745947
2026-06-25 11:15:00-04:00,277.0199890136719,277.1000061035156,276.5199890136719,276.8550109863281,949002
2026-06-25 11:20:00-04:00,276.8599853515625,277.17999267578125,276.44000244140625,276.8699951171875,984169
2026-06-25 11:25:00-04:00,276.8599853515625,278.0,276.44000244140625,277.6400146484375,751906
2026-06-25 11:30:00-04:00,277.6600036621094,278.8699951171875,277.5899963378906,278.42999267578125,753522
2026-06-25 11:35:00-04:00,278.44000244140625,279.25,278.44000244140625,278.5849914550781,670606
2026-06-25 11:40:00-04:00,278.5801086425781,279.4700012207031,278.1300048828125,279.25,666354
2026-06-25 11:45:00-04:00,279.25,279.6449890136719,278.989990234375,279.13958740234375,560601
2026-06-25 11:50:00-04:00,279.1199951171875,279.1499938964844,278.1099853515625,278.3900146484375,504493
2026-06-25 11:55:00-04:00,278.3800048828125,278.7699890136719,277.6300048828125,277.8550109863281,714375
2026-06-25 12:00:00-04:00,277.8900146484375,278.19000244140625,277.6000061035156,277.9800109863281,530324
2026-06-25 12:05:00-04:00,277.989990234375,278.1369934082031,277.4700012207031,277.69000244140625,505230
2026-06-25 12:10:00-04:00,277.7049865722656,277.9200134277344,276.30450439453125,276.4750061035156,1135641
2026-06-25 12:15:00-04:00,276.4800109863281,276.6499938964844,275.5400085449219,275.56500244140625,1037055
2026-06-25 12:20:00-04:00,275.56500244140625,276.20001220703125,274.8599853515625,275.0950012207031,1266710
2026-06-25 12:25:00-04:00,275.1050109863281,275.3900146484375,274.4599914550781,274.56500244140625,813395
2026-06-25 12:30:00-04:00,274.56500244140625,274.79998779296875,274.1300048828125,274.6600036621094,995586
2026-06-25 12:35:00-04:00,274.6650085449219,275.0,273.75,274.2850036621094,1193426
2026-06-25 12:40:00-04:00,274.2850036621094,275.0,273.9700012207031,274.7449951171875,854933
2026-06-25 12:45:00-04:00,274.7749938964844,274.8699951171875,274.1199951171875,274.510009765625,1143185
2026-06-25 12:50:00-04:00,274.5,275.0799865722656,274.1700134277344,274.6449890136719,848692
2026-06-25 12:55:00-04:00,274.6600036621094,275.1600036621094,274.4599914550781,275.1199951171875,1148503
2026-06-25 13:00:00-04:00,275.135009765625,276.7149963378906,275.1099853515625,276.44000244140625,1134982
2026-06-25 13:05:00-04:00,276.4599914550781,277.1991882324219,276.239990234375,277.07000732421875,1980351
2026-06-25 13:10:00-04:00,277.09991455078125,277.5398864746094,277.010009765625,277.1700134277344,845625
2026-06-25 13:15:00-04:00,277.1899108886719,277.989990234375,277.1899108886719,277.44000244140625,902159
2026-06-25 13:20:00-04:00,277.44000244140625,277.7699890136719,277.239990234375,277.2799072265625,745405
2026-06-25 13:25:00-04:00,277.2701110839844,278.3900146484375,277.0199890136719,278.0400085449219,1791318
2026-06-25 13:30:00-04:00,278.04998779296875,278.1099853515625,277.70001220703125,277.7799987792969,527201
2026-06-25 13:35:00-04:00,277.7900085449219,277.906005859375,276.9800109863281,277.23150634765625,509984
2026-06-25 13:40:00-04:00,277.2300109863281,277.6300048828125,277.02099609375,277.06500244140625,591826
2026-06-25 13:45:00-04:00,277.05999755859375,277.07000732421875,276.239990234375,276.75,922689
2026-06-25 13:50:00-04:00,276.739990234375,276.7900085449219,276.19000244140625,276.2449951171875,646395
2026-06-25 13:55:00-04:00,276.239990234375,276.79998779296875,276.2300109863281,276.7882080078125,861509
2026-06-25 14:00:00-04:00,276.7950134277344,276.92999267578125,276.2200012207031,276.760009765625,706216
2026-06-25 14:05:00-04:00,276.760009765625,278.5,276.6199951171875,278.42999267578125,728324
2026-06-25 14:10:00-04:00,278.42999267578125,278.8599853515625,278.1099853515625,278.2900085449219,752863
2026-06-25 14:15:00-04:00,278.2799987792969,280.0400085449219,278.07000732421875,279.94000244140625,746643
2026-06-25 14:20:00-04:00,279.94500732421875,280.17999267578125,279.40008544921875,279.69000244140625,750304
2026-06-25 14:25:00-04:00,279.6600036621094,279.67999267578125,279.0173034667969,279.3450012207031,699538
2026-06-25 14:30:00-04:00,279.3500061035156,279.6499938964844,278.80999755859375,279.5799865722656,768276
2026-06-25 14:35:00-04:00,279.55999755859375,280.2200927734375,279.3599853515625,279.8699951171875,676647
2026-06-25 14:40:00-04:00,279.8800048828125,280.20001220703125,279.7099914550781,279.7699890136719,445580
2026-06-25 14:45:00-04:00,279.739990234375,279.75,279.2799987792969,279.5557861328125,451135
2026-06-25 14:50:00-04:00,279.5400085449219,279.58990478515625,279.0299987792969,279.3699951171875,439693
2026-06-25 14:55:00-04:00,279.3699951171875,279.4949951171875,279.1199951171875,279.42498779296875,505875
2026-06-25 15:00:00-04:00,279.42999267578125,279.42999267578125,278.8399963378906,279.0,764896
2026-06-25 15:05:00-04:00,279.0,279.0199890136719,278.1499938964844,278.5299987792969,847629
2026-06-25 15:10:00-04:00,278.5400085449219,278.5400085449219,276.29998779296875,276.5299987792969,1369196
2026-06-25 15:15:00-04:00,276.5299987792969,277.18798828125,276.30999755859375,276.739990234375,1250966
2026-06-25 15:20:00-04:00,276.7300109863281,278.07000732421875,276.0400085449219,277.5799865722656,1031366
2026-06-25 15:25:00-04:00,277.5299987792969,277.8550109863281,276.7099914550781,276.7250061035156,819936
2026-06-25 15:30:00-04:00,276.70001220703125,277.05999755859375,276.0400085449219,276.5899963378906,1810840
2026-06-25 15:35:00-04:00,276.5899963378906,276.6000061035156,275.61199951171875,275.8599853515625,1415978
2026-06-25 15:40:00-04:00,275.8599853515625,275.9700012207031,275.3299865722656,275.375,1205106
2026-06-25 15:45:00-04:00,275.3599853515625,275.6099853515625,274.57000732421875,275.1700134277344,1715887
2026-06-25 15:50:00-04:00,275.260009765625,277.45001220703125,275.20001220703125,276.8900146484375,2770461
2026-06-25 15:55:00-04:00,276.94000244140625,276.95001220703125,273.8999938964844,275.04998779296875,6706736
2026-06-26 09:30:00-04:00,275.0,278.0,274.2099914550781,276.92999267578125,4456818
2026-06-26 09:35:00-04:00,276.94000244140625,277.5799865722656,276.1499938964844,276.80999755859375,1398066
2026-06-26 09:40:00-04:00,276.82940673828125,278.17999267578125,276.25,276.8999938964844,1528109
2026-06-26 09:45:00-04:00,276.9200134277344,277.0199890136719,276.0199890136719,276.3800048828125,1197907
2026-06-26 09:50:00-04:00,276.375,276.82000732421875,275.6449890136719,276.3900146484375,1340998
2026-06-26 09:55:00-04:00,276.3999938964844,277.25,275.44000244140625,275.70001220703125,1291954
2026-06-26 10:00:00-04:00,275.7369079589844,277.24969482421875,275.4599914550781,277.1000061035156,1218079
2026-06-26 10:05:00-04:00,277.1099853515625,278.3500061035156,277.07000732421875,277.8900146484375,1067058
2026-06-26 10:10:00-04:00,277.8800048828125,278.33990478515625,277.75,278.19000244140625,853233
2026-06-26 10:15:00-04:00,278.2099914550781,278.3399963378906,277.4461975097656,277.4599914550781,824821
2026-06-26 10:20:00-04:00,277.5,277.9049987792969,276.94000244140625,277.635009765625,871730
2026-06-26 10:25:00-04:00,277.6449890136719,278.92999267578125,277.3599853515625,278.260009765625,978031
2026-06-26 10:30:00-04:00,278.2799987792969,279.95001220703125,278.0799865722656,279.6899108886719,1281905
2026-06-26 10:35:00-04:00,279.69000244140625,279.79998779296875,278.5,279.3299865722656,1036036
2026-06-26 10:40:00-04:00,279.30999755859375,280.0,278.6400146484375,279.3550109863281,919266
2026-06-26 10:45:00-04:00,279.3699951171875,279.8999938964844,278.9200134277344,279.739990234375,652614
2026-06-26 10:50:00-04:00,279.760009765625,279.9200134277344,279.20001220703125,279.7349853515625,605372
2026-06-26 10:55:00-04:00,279.739990234375,280.2200012207031,279.635009765625,279.849609375,1163529
2026-06-26 11:00:00-04:00,279.8500061035156,280.4700012207031,279.7900085449219,280.32000732421875,757695
2026-06-26 11:05:00-04:00,280.32000732421875,280.4100036621094,279.67120361328125,279.8699951171875,780251
2026-06-26 11:10:00-04:00,279.8800048828125,280.0299987792969,279.1700134277344,279.5899963378906,773154
2026-06-26 11:15:00-04:00,279.5899963378906,279.9200134277344,279.2300109863281,279.9200134277344,694379
2026-06-26 11:20:00-04:00,279.9200134277344,280.0,278.3599853515625,279.2699890136719,921397
2026-06-26 11:25:00-04:00,279.260009765625,279.277099609375,278.6499938964844,279.0299987792969,798892
2026-06-26 11:30:00-04:00,279.0259094238281,279.45001220703125,277.760009765625,278.1099853515625,2144170
2026-06-26 11:35:00-04:00,278.1050109863281,278.6600036621094,278.0799865722656,278.4800109863281,677089
2026-06-26 11:40:00-04:00,278.5249938964844,278.6300048828125,277.56500244140625,278.125,1201160
2026-06-26 11:45:00-04:00,278.1300048828125,278.2149963378906,277.6400146484375,278.125,746742
2026-06-26 11:50:00-04:00,278.1300048828125,278.3699951171875,277.0,277.260009765625,1335170
2026-06-26 11:55:00-04:00,277.2633056640625,277.6000061035156,277.0199890136719,277.1650085449219,800889
2026-06-26 12:00:00-04:00,277.17999267578125,277.32000732421875,276.32000732421875,276.3999938964844,894476
2026-06-26 12:05:00-04:00,276.4200134277344,276.54998779296875,275.82000732421875,275.8900146484375,825793
2026-06-26 12:10:00-04:00,275.8900146484375,276.2799987792969,275.55999755859375,276.0050048828125,946919
2026-06-26 12:15:00-04:00,276.0050048828125,276.1650085449219,275.42999267578125,275.6000061035156,883655
2026-06-26 12:20:00-04:00,275.57000732421875,276.1099853515625,275.25,275.79998779296875,1448845
2026-06-26 12:25:00-04:00,275.7900085449219,276.6000061035156,275.4200134277344,275.8999938964844,1325345
2026-06-26 12:30:00-04:00,275.8999938964844,277.42999267578125,275.8999938964844,277.42999267578125,559356
2026-06-26 12:35:00-04:00,277.42999267578125,277.54998779296875,276.80999755859375,277.2449951171875,748812
2026-06-26 12:40:00-04:00,277.2449951171875,278.1600036621094,277.2449951171875,278.1199951171875,738813
2026-06-26 12:45:00-04:00,278.1050109863281,278.8371887207031,277.92999267578125,278.635009765625,1189062
2026-06-26 12:50:00-04:00,278.6400146484375,279.3699951171875,278.54998779296875,278.95001220703125,615561
2026-06-26 12:55:00-04:00,278.94000244140625,279.1099853515625,278.69000244140625,278.9100036621094,640455
2026-06-26 13:00:00-04:00,278.9100036621094,279.05999755859375,278.42999267578125,278.53009033203125,588458
2026-06-26 13:05:00-04:00,278.5249938964844,279.1700134277344,278.510009765625,279.1300964355469,549097
2026-06-26 13:10:00-04:00,279.1300048828125,279.3699951171875,278.60009765625,278.8599853515625,536817
2026-06-26 13:15:00-04:00,278.8699951171875,279.1000061035156,278.5,278.68499755859375,626486
2026-06-26 13:20:00-04:00,278.70001220703125,279.07000732421875,278.6000061035156,278.8800048828125,591618
2026-06-26 13:25:00-04:00,278.885009765625,279.29998779296875,278.7900085449219,279.19500732421875,586834
2026-06-26 13:30:00-04:00,279.17999267578125,279.5899963378906,279.0199890136719,279.5,546051
2026-06-26 13:35:00-04:00,279.4700012207031,279.5199890136719,279.1099853515625,279.3349914550781,486851
2026-06-26 13:40:00-04:00,279.3500061035156,279.8599853515625,279.2217102050781,279.4200134277344,452952
2026-06-26 13:45:00-04:00,279.4371032714844,279.7200012207031,278.75,278.7799987792969,524595
2026-06-26 13:50:00-04:00,278.760009765625,279.1050109863281,278.64080810546875,279.0299987792969,532148
2026-06-26 13:55:00-04:00,279.0400085449219,279.29998779296875,278.75,279.19500732421875,512502
2026-06-26 14:00:00-04:00,279.2099914550781,280.3299865722656,278.8900146484375,280.29998779296875,1063735
2026-06-26 14:05:00-04:00,280.2799987792969,280.67999267578125,280.010009765625,280.6000061035156,1097182
2026-06-26 14:10:00-04:00,280.6000061035156,281.29998779296875,280.6000061035156,281.05010986328125,679402
2026-06-26 14:15:00-04:00,281.05999755859375,281.2998962402344,280.6499938964844,280.8599853515625,656073
2026-06-26 14:20:00-04:00,280.8599853515625,280.9657897949219,279.92999267578125,280.17999267578125,930771
2026-06-26 14:25:00-04:00,280.1449890136719,280.29998779296875,279.5,280.19000244140625,774986
2026-06-26 14:30:00-04:00,280.19500732421875,281.80999755859375,280.0899963378906,281.7193908691406,1113070
2026-06-26 14:35:00-04:00,281.7200012207031,281.82000732421875,280.7799987792969,280.8500061035156,1072544
2026-06-26 14:40:00-04:00,280.8299865722656,281.55999755859375,280.82000732421875,281.1700134277344,1033655
2026-06-26 14:45:00-04:00,281.1650085449219,281.3299865722656,280.57000732421875,280.7900085449219,1390553
2026-06-26 14:50:00-04:00,280.7850036621094,280.90008544921875,280.260009765625,280.4700012207031,1072312
2026-06-26 14:55:00-04:00,280.4700012207031,280.8299865722656,280.3599853515625,280.7200012207031,821833
2026-06-26 15:00:00-04:00,280.7149963378906,281.3999938964844,280.6300048828125,280.9599914550781,1289053
2026-06-26 15:05:00-04:00,280.9700012207031,281.32000732421875,280.3699951171875,281.1393127441406,1255384
2026-06-26 15:10:00-04:00,281.1449890136719,281.8299865722656,280.95001220703125,281.45001220703125,1289345
2026-06-26 15:15:00-04:00,281.44500732421875,281.82000732421875,281.0,281.69500732421875,1429564
2026-06-26 15:20:00-04:00,281.69000244140625,281.69000244140625,279.4100036621094,280.45001220703125,2387878
2026-06-26 15:25:00-04:00,280.5,280.8900146484375,280.010009765625,280.1499938964844,1414879
2026-06-26 15:30:00-04:00,280.1499938964844,281.35101318359375,280.1199951171875,281.1650085449219,1826604
2026-06-26 15:35:00-04:00,281.1650085449219,281.2550048828125,280.0799865722656,280.6000061035156,1685233
2026-06-26 15:40:00-04:00,280.6000061035156,281.4200134277344,280.0,281.260009765625,2002831
2026-06-26 15:45:00-04:00,281.25,281.6700134277344,281.010009765625,281.25,2068421
2026-06-26 15:50:00-04:00,281.260009765625,285.82000732421875,281.2300109863281,285.2598876953125,6064315
2026-06-26 15:55:00-04:00,285.2149963378906,285.95001220703125,281.20001220703125,281.20001220703125,9875623
2026-06-29 09:30:00-04:00,286.8599853515625,288.36968994140625,285.79998779296875,286.260009765625,2674869
2026-06-29 09:35:00-04:00,286.260009765625,286.29998779296875,284.4049987792969,285.68499755859375,778379
2026-06-29 09:40:00-04:00,285.739990234375,286.0199890136719,283.7349853515625,284.0150146484375,753369
2026-06-29 09:45:00-04:00,284.0400085449219,285.19000244140625,283.55999755859375,283.9849853515625,1064055
2026-06-29 09:50:00-04:00,284.010009765625,285.239990234375,283.7799987792969,284.2950134277344,893189
2026-06-29 09:55:00-04:00,284.3500061035156,284.5,283.5220031738281,283.9599914550781,695507
2026-06-29 10:00:00-04:00,283.9750061035156,284.0400085449219,283.4800109863281,283.7449951171875,540497
2026-06-29 10:05:00-04:00,283.739990234375,283.94000244140625,282.5,282.69000244140625,614220
2026-06-29 10:10:00-04:00,282.70001220703125,282.8399963378906,281.7250061035156,281.82501220703125,718953
2026-06-29 10:15:00-04:00,281.79998779296875,282.375,281.6600036621094,282.05999755859375,626694
2026-06-29 10:20:00-04:00,282.0899963378906,282.0899963378906,281.30999755859375,281.3349914550781,550364
2026-06-29 10:25:00-04:00,281.3399963378906,281.5299987792969,280.45001220703125,280.8699951171875,719363
2026-06-29 10:30:00-04:00,280.8800048828125,281.80999755859375,280.3299865722656,281.79998779296875,1223753
2026-06-29 10:35:00-04:00,281.7699890136719,282.2900085449219,281.3399963378906,281.4800109863281,985375
2026-06-29 10:40:00-04:00,281.4649963378906,281.7799987792969,280.9750061035156,281.5249938964844,662451
2026-06-29 10:45:00-04:00,281.5400085449219,282.1400146484375,281.2699890136719,281.94000244140625,644771
2026-06-29 10:50:00-04:00,281.92999267578125,282.8299865722656,281.8999938964844,282.5199890136719,561241
2026-06-29 10:55:00-04:00,282.510009765625,282.5150146484375,281.81500244140625,281.81500244140625,602312
2026-06-29 11:00:00-04:00,281.82000732421875,282.1400146484375,281.57000732421875,281.69500732421875,494674
2026-06-29 11:05:00-04:00,281.70001220703125,281.8399963378906,281.3500061035156,281.80499267578125,566481
2026-06-29 11:10:00-04:00,281.80999755859375,282.19970703125,280.7099914550781,281.95001220703125,1005906
2026-06-29 11:15:00-04:00,281.95001220703125,282.42498779296875,281.92498779296875,282.2799987792969,355356
2026-06-29 11:20:00-04:00,282.2699890136719,282.3900146484375,281.5799865722656,281.7799987792969,328907
2026-06-29 11:25:00-04:00,281.7799987792969,282.385009765625,281.7250061035156,282.3301086425781,434747
2026-06-29 11:30:00-04:00,282.3424987792969,282.5498962402344,281.8500061035156,281.9100036621094,558029
2026-06-29 11:35:00-04:00,281.94000244140625,282.45001220703125,281.8999938964844,282.25,385002
2026-06-29 11:40:00-04:00,282.239990234375,282.75,281.8999938964844,282.67999267578125,726498
2026-06-29 11:45:00-04:00,282.67999267578125,282.69500732421875,282.2250061035156,282.42999267578125,907157
2026-06-29 11:50:00-04:00,282.42498779296875,283.03448486328125,282.3800048828125,282.494384765625,607044
2026-06-29 11:55:00-04:00,282.4800109863281,282.489990234375,281.4700927734375,281.5050048828125,532180
2026-06-29 12:00:00-04:00,281.5299987792969,281.54998779296875,280.8800964355469,281.29998779296875,443817
2026-06-29 12:05:00-04:00,281.30999755859375,281.6199951171875,280.7601013183594,280.8800048828125,539455
2026-06-29 12:10:00-04:00,280.875,281.0,280.3500061035156,280.4100036621094,726199
2026-06-29 12:15:00-04:00,280.4200134277344,280.8500061035156,280.2200012207031,280.4800109863281,1172810
2026-06-29 12:20:00-04:00,280.4700012207031,281.5,280.4224853515625,280.7699890136719,427526
2026-06-29 12:25:00-04:00,280.760009765625,280.93499755859375,280.510009765625,280.55999755859375,378412
2026-06-29 12:30:00-04:00,280.55999755859375,280.7598876953125,280.1499938964844,280.2799987792969,353059
2026-06-29 12:35:00-04:00,280.2900085449219,280.5799865722656,279.92999267578125,280.5299987792969,477212
2026-06-29 12:40:00-04:00,280.53009033203125,280.79998779296875,280.1300048828125,280.1600036621094,358277
2026-06-29 12:45:00-04:00,280.17999267578125,280.32501220703125,279.875,279.989990234375,513315
2026-06-29 12:50:00-04:00,279.9800109863281,280.760009765625,279.94000244140625,280.4700012207031,481987
2026-06-29 12:55:00-04:00,280.4599914550781,280.4800109863281,280.1957092285156,280.30999755859375,373728
2026-06-29 13:00:00-04:00,280.32000732421875,280.489990234375,280.1300048828125,280.20001220703125,361157
2026-06-29 13:05:00-04:00,280.2099914550781,280.4700012207031,280.0350036621094,280.1099853515625,405803
2026-06-29 13:10:00-04:00,280.1199951171875,280.2099914550781,279.8500061035156,280.1000061035156,570942
2026-06-29 13:15:00-04:00,280.1099853515625,281.17999267578125,280.1099853515625,281.1499938964844,549310
2026-06-29 13:20:00-04:00,281.1549987792969,281.5400085449219,281.05999755859375,281.489990234375,329516
2026-06-29 13:25:00-04:00,281.489990234375,281.5400085449219,281.1199951171875,281.4800109863281,450210
2026-06-29 13:30:00-04:00,281.4700012207031,281.8800048828125,281.32000732421875,281.78009033203125,425172
2026-06-29 13:35:00-04:00,281.7850036621094,281.8900146484375,281.360107421875,281.5899963378906,298866
2026-06-29 13:40:00-04:00,281.5799865722656,281.6400146484375,281.375,281.5,315934
2026-06-29 13:45:00-04:00,281.5,282.2099914550781,281.45001220703125,282.1300048828125,674571
2026-06-29 13:50:00-04:00,282.1300048828125,282.29998779296875,281.67999267578125,281.69000244140625,377149
2026-06-29 13:55:00-04:00,281.69000244140625,282.17999267578125,281.5899963378906,282.0199890136719,320148
2026-06-29 14:00:00-04:00,282.0299987792969,282.0299987792969,281.4200134277344,281.44500732421875,332100
2026-06-29 14:05:00-04:00,281.44500732421875,281.5150146484375,281.0,281.1650085449219,338439
2026-06-29 14:10:00-04:00,281.1700134277344,281.55999755859375,281.1099853515625,281.42999267578125,216629
2026-06-29 14:15:00-04:00,281.42999267578125,281.67999267578125,281.2699890136719,281.42999267578125,201027
2026-06-29 14:20:00-04:00,281.4200134277344,281.6199951171875,280.8599853515625,281.3078918457031,327548
2026-06-29 14:25:00-04:00,281.30999755859375,281.6199951171875,281.25,281.54998779296875,378940
2026-06-29 14:30:00-04:00,281.54998779296875,282.34991455078125,281.489990234375,282.135009765625,620898
2026-06-29 14:35:00-04:00,282.135009765625,282.2699890136719,281.8699951171875,281.92999267578125,371366
2026-06-29 14:40:00-04:00,281.94500732421875,282.19000244140625,281.67999267578125,282.1499938964844,563503
2026-06-29 14:45:00-04:00,282.1499938964844,282.2622985839844,281.5006103515625,281.6400146484375,378448
2026-06-29 14:50:00-04:00,281.6400146484375,281.7749938964844,281.4549865722656,281.67999267578125,357873
2026-06-29 14:55:00-04:00,281.6700134277344,282.1099853515625,281.6700134277344,282.07000732421875,449997
2026-06-29 15:00:00-04:00,282.07501220703125,283.0775146484375,281.94000244140625,282.80499267578125,591002
2026-06-29 15:05:00-04:00,282.8200988769531,282.9100036621094,282.5,282.7799987792969,443582
2026-06-29 15:10:00-04:00,282.7799987792969,282.8900146484375,282.55999755859375,282.6499938964844,376149
2026-06-29 15:15:00-04:00,282.6499938964844,282.80999755859375,282.29998779296875,282.6050109863281,542606
2026-06-29 15:20:00-04:00,282.5950012207031,282.68499755859375,282.44000244140625,282.56500244140625,501272
2026-06-29 15:25:00-04:00,282.57000732421875,282.8900146484375,282.5,282.67999267578125,457713
2026-06-29 15:30:00-04:00,282.7099914550781,282.739990234375,281.8599853515625,282.010009765625,625017
2026-06-29 15:35:00-04:00,282.010009765625,282.32000732421875,281.7699890136719,282.2950134277344,1488353
2026-06-29 15:40:00-04:00,282.2900085449219,282.3500061035156,281.6499938964844,281.7900085449219,587718
2026-06-29 15:45:00-04:00,281.79998779296875,282.1499938964844,281.6000061035156,282.0400085449219,698936
2026-06-29 15:50:00-04:00,282.04998779296875,282.4200134277344,281.79998779296875,282.1000061035156,868875
2026-06-29 15:55:00-04:00,282.1050109863281,282.19000244140625,281.4700012207031,281.6300048828125,2275852
2026-06-30 09:30:00-04:00,281.1700134277344,283.5,280.69500732421875,283.2099914550781,2197293
2026-06-30 09:35:00-04:00,283.2300109863281,284.84930419921875,282.6099853515625,284.3450012207031,1018938
2026-06-30 09:40:00-04:00,284.3450012207031,284.760009765625,283.1300048828125,283.2698974609375,553198
2026-06-30 09:45:00-04:00,283.2699890136719,284.70001220703125,282.82000732421875,284.2900085449219,791479
2026-06-30 09:50:00-04:00,284.29998779296875,285.239990234375,284.2149963378906,284.98919677734375,741681
2026-06-30 09:55:00-04:00,285.0299987792969,285.34368896484375,284.75,285.30999755859375,486377
2026-06-30 10:00:00-04:00,285.30999755859375,285.92498779296875,285.1099853515625,285.6510009765625,630869
2026-06-30 10:05:00-04:00,285.6400146484375,285.9700012207031,285.0899963378906,285.17999267578125,596533
2026-06-30 10:10:00-04:00,285.20001220703125,285.9800109863281,284.739990234375,285.8550109863281,591817
2026-06-30 10:15:00-04:00,285.8500061035156,286.20001220703125,285.6199951171875,285.9800109863281,514974
2026-06-30 10:20:00-04:00,285.9800109863281,286.239990234375,285.5,286.1400146484375,525045
2026-06-30 10:25:00-04:00,286.1449890136719,286.2898864746094,285.79010009765625,286.0249938964844,458393
2026-06-30 10:30:00-04:00,286.010009765625,286.260009765625,285.95001220703125,286.1499938964844,331211
2026-06-30 10:35:00-04:00,286.1600036621094,286.20001220703125,285.57000732421875,285.80999755859375,394884
2026-06-30 10:40:00-04:00,285.82000732421875,285.8450012207031,285.260009765625,285.5707092285156,342191
2026-06-30 10:45:00-04:00,285.5899963378906,285.82000732421875,285.4100036621094,285.5299987792969,339954
2026-06-30 10:50:00-04:00,285.53009033203125,286.9200134277344,285.4150085449219,286.57000732421875,816642
2026-06-30 10:55:00-04:00,286.5799865722656,287.0799865722656,286.1311950683594,286.9700012207031,858620
2026-06-30 11:00:00-04:00,286.9800109863281,287.3399963378906,286.6400146484375,287.3299865722656,502972
2026-06-30 11:05:00-04:00,287.32501220703125,287.3299865722656,286.7300109863281,287.010009765625,293578
2026-06-30 11:10:00-04:00,287.010009765625,287.34991455078125,286.82000732421875,286.9599914550781,340089
2026-06-30 11:15:00-04:00,286.9599914550781,287.739990234375,286.6199035644531,287.67498779296875,457395
2026-06-30 11:20:00-04:00,287.6700134277344,288.5849914550781,287.614990234375,288.4599914550781,678030
2026-06-30 11:25:00-04:00,288.4750061035156,288.6600036621094,288.07000732421875,288.2699890136719,414036
2026-06-30 11:30:00-04:00,288.2799987792969,288.8500061035156,288.1600036621094,288.75,416604
2026-06-30 11:35:00-04:00,288.739990234375,289.05999755859375,288.510009765625,289.0450134277344,403974
2026-06-30 11:40:00-04:00,289.0299987792969,289.159912109375,288.30999755859375,288.45001220703125,507920
2026-06-30 11:45:00-04:00,288.45001220703125,289.3500061035156,288.45001220703125,289.31500244140625,370887
2026-06-30 11:50:00-04:00,289.31500244140625,289.3800048828125,288.75,288.7699890136719,582875
2026-06-30 11:55:00-04:00,288.7799987792969,288.9800109863281,288.5799865722656,288.73980712890625,329727
2026-06-30 12:00:00-04:00,288.739990234375,289.20001220703125,288.739990234375,288.9599914550781,346928
2026-06-30 12:05:00-04:00,288.9700012207031,288.989990234375,288.1700134277344,288.4599914550781,362645
2026-06-30 12:10:00-04:00,288.4750061035156,288.6400146484375,287.80999755859375,288.260009765625,378321
2026-06-30 12:15:00-04:00,288.260009765625,288.5,288.0799865722656,288.239990234375,285544
2026-06-30 12:20:00-04:00,288.25,288.2799987792969,287.94171142578125,288.1400146484375,203216
2026-06-30 12:25:00-04:00,288.1600036621094,288.45001220703125,287.947509765625,288.1449890136719,235871
2026-06-30 12:30:00-04:00,288.1600036621094,288.5899963378906,288.125,288.44000244140625,250322
2026-06-30 12:35:00-04:00,288.42999267578125,288.6199951171875,288.32000732421875,288.5799865722656,231641
2026-06-30 12:40:00-04:00,288.55010986328125,288.75,288.3743896484375,288.7074890136719,308281
2026-06-30 12:45:00-04:00,288.7099914550781,288.9800109863281,288.6199951171875,288.9200134277344,283418
2026-06-30 12:50:00-04:00,288.9599914550781,289.1400146484375,288.69000244140625,289.07000732421875,351632
2026-06-30 12:55:00-04:00,289.07000732421875,289.2200012207031,288.8399963378906,289.18499755859375,284084
2026-06-30 13:00:00-04:00,289.20001220703125,289.6600036621094,289.1499938964844,289.5950012207031,392067
2026-06-30 13:05:00-04:00,289.5950012207031,289.6000061035156,289.0404052734375,289.1549987792969,227280
2026-06-30 13:10:00-04:00,289.1400146484375,289.45001220703125,288.9150085449219,289.0,316862
2026-06-30 13:15:00-04:00,288.9800109863281,288.9800109863281,288.32000732421875,288.3999938964844,254536
2026-06-30 13:20:00-04:00,288.3900146484375,288.8599853515625,288.3399963378906,288.79998779296875,243109
2026-06-30 13:25:00-04:00,288.82000732421875,288.92498779296875,288.42041015625,288.42999267578125,229837
2026-06-30 13:30:00-04:00,288.44500732421875,288.57501220703125,288.2250061035156,288.40008544921875,260793
2026-06-30 13:35:00-04:00,288.4200134277344,288.54998779296875,288.2349853515625,288.3599853515625,250089
2026-06-30 13:40:00-04:00,288.3599853515625,288.55999755859375,288.2900085449219,288.375,246955
2026-06-30 13:45:00-04:00,288.3900146484375,288.5199890136719,288.2550048828125,288.5199890136719,221980
2026-06-30 13:50:00-04:00,288.510009765625,288.7200012207031,288.2099914550781,288.3599853515625,251869
2026-06-30 13:55:00-04:00,288.3599853515625,288.54998779296875,288.1600036621094,288.4200134277344,219363
2026-06-30 14:00:00-04:00,288.4200134277344,289.19000244140625,288.0899963378906,288.8099060058594,661493
2026-06-30 14:05:00-04:00,288.8125,288.92999267578125,288.4649963378906,288.5426025390625,303949
2026-06-30 14:10:00-04:00,288.5400085449219,288.95001220703125,288.5400085449219,288.94000244140625,233418
2026-06-30 14:15:00-04:00,288.92999267578125,288.9599914550781,288.6199951171875,288.8999938964844,216779
2026-06-30 14:20:00-04:00,288.94000244140625,289.0,288.7449951171875,288.760009765625,276892
2026-06-30 14:25:00-04:00,288.7650146484375,288.82000732421875,287.8550109863281,288.0899963378906,356469
2026-06-30 14:30:00-04:00,288.0849914550781,288.17999267578125,287.2799987792969,287.30499267578125,381744
2026-06-30 14:35:00-04:00,287.31988525390625,287.6400146484375,287.1400146484375,287.3900146484375,406751
2026-06-30 14:40:00-04:00,287.3999938964844,287.56988525390625,287.29998779296875,287.4549865722656,224188
2026-06-30 14:45:00-04:00,287.4501037597656,287.510009765625,287.085205078125,287.17999267578125,234406
2026-06-30 14:50:00-04:00,287.17999267578125,287.17999267578125,286.739990234375,286.7699890136719,297630
2026-06-30 14:55:00-04:00,286.7699890136719,287.0199890136719,286.67999267578125,286.9849853515625,299872
2026-06-30 15:00:00-04:00,286.9700012207031,287.5799865722656,286.9700012207031,287.45001220703125,392937
2026-06-30 15:05:00-04:00,287.44000244140625,287.55999755859375,287.05999755859375,287.5450134277344,354152
2026-06-30 15:10:00-04:00,287.54998779296875,287.7099914550781,287.3999938964844,287.55059814453125,428008
2026-06-30 15:15:00-04:00,287.55999755859375,287.67498779296875,287.32000732421875,287.364990234375,398231
2026-06-30 15:20:00-04:00,287.364990234375,287.989990234375,287.2749938964844,287.69500732421875,469801
2026-06-30 15:25:00-04:00,287.69000244140625,288.1400146484375,287.3800048828125,287.5299987792969,456821
2026-06-30 15:30:00-04:00,287.5299987792969,287.989990234375,287.5,287.7900085449219,440375
2026-06-30 15:35:00-04:00,287.7850036621094,287.9649963378906,287.6000061035156,287.8399963378906,445272
2026-06-30 15:40:00-04:00,287.8399963378906,288.07000732421875,287.79998779296875,287.9100036621094,552565
2026-06-30 15:45:00-04:00,287.9100036621094,287.9700012207031,287.5400085449219,287.57000732421875,550936
2026-06-30 15:50:00-04:00,287.55999755859375,288.45001220703125,287.4200134277344,288.1199951171875,985998
2026-06-30 15:55:00-04:00,288.1400146484375,289.9100036621094,288.1400146484375,289.0899963378906,5399769
2026-07-01 09:30:00-04:00,293.3299865722656,293.3949890136719,290.3299865722656,292.1300048828125,2463629
2026-07-01 09:35:00-04:00,292.2300109863281,292.8299865722656,290.94000244140625,291.9800109863281,780672
2026-07-01 09:40:00-04:00,291.9649963378906,292.260009765625,290.9419860839844,291.1199951171875,695164
2026-07-01 09:45:00-04:00,291.0,291.1099853515625,289.19500732421875,290.375,659774
2026-07-01 09:50:00-04:00,290.3800048828125,291.2799987792969,290.0,291.2749938964844,595263
2026-07-01 09:55:00-04:00,291.2900085449219,292.64990234375,291.114990234375,292.5,688934
2026-07-01 10:00:00-04:00,292.510009765625,292.80999755859375,291.6343994140625,292.0350036621094,503450
2026-07-01 10:05:00-04:00,292.04901123046875,293.1600036621094,292.0199890136719,292.55999755859375,641046
2026-07-01 10:10:00-04:00,292.5450134277344,293.19000244140625,292.1499938964844,292.95001220703125,342683
2026-07-01 10:15:00-04:00,292.9400939941406,293.1600036621094,292.5,292.7980041503906,341917
2026-07-01 10:20:00-04:00,292.82501220703125,292.8800048828125,291.94000244140625,292.5237121582031,438940
2026-07-01 10:25:00-04:00,292.5,293.4798889160156,292.0400085449219,293.05999755859375,603950
2026-07-01 10:30:00-04:00,293.05999755859375,293.5299987792969,292.7300109863281,293.1199951171875,486452
2026-07-01 10:35:00-04:00,293.125,293.6400146484375,293.0400085449219,293.57000732421875,433550
2026-07-01 10:40:00-04:00,293.5799865722656,294.8399963378906,293.45001220703125,294.8299865722656,639176
2026-07-01 10:45:00-04:00,294.82000732421875,294.8900146484375,294.0,294.8900146484375,723923
2026-07-01 10:50:00-04:00,294.8500061035156,295.010009765625,294.3599853515625,294.489990234375,659702
2026-07-01 10:55:00-04:00,294.5,295.0799865722656,294.1400146484375,294.6400146484375,816644
2026-07-01 11:00:00-04:00,294.635009765625,295.1000061035156,294.4200134277344,294.8699951171875,381904
2026-07-01 11:05:00-04:00,294.8616943359375,295.3500061035156,294.5199890136719,294.7049865722656,373548
2026-07-01 11:10:00-04:00,294.70001220703125,295.0390930175781,294.2850036621094,294.6099853515625,344486
2026-07-01 11:15:00-04:00,294.6099853515625,295.67999267578125,294.510009765625,295.6449890136719,547204
2026-07-01 11:20:00-04:00,295.6600036621094,296.5299072265625,295.5801086425781,296.3599853515625,642790
2026-07-01 11:25:00-04:00,296.3599853515625,296.5899963378906,295.5199890136719,295.751708984375,716561
2026-07-01 11:30:00-04:00,295.7799987792969,295.7900085449219,294.80999755859375,294.989990234375,435499
2026-07-01 11:35:00-04:00,294.989990234375,295.07000732421875,294.7250061035156,294.7500915527344,333890
2026-07-01 11:40:00-04:00,294.7699890136719,295.2900085449219,294.739990234375,294.94000244140625,366180
2026-07-01 11:45:00-04:00,294.94000244140625,295.25,294.8399963378906,295.20001220703125,291676
2026-07-01 11:50:00-04:00,295.2200012207031,295.4200134277344,294.9464111328125,295.19000244140625,278874
2026-07-01 11:55:00-04:00,295.17999267578125,295.3999938964844,294.6300048828125,295.239990234375,300443
2026-07-01 12:00:00-04:00,295.25,295.5799865722656,295.0400085449219,295.4150085449219,220931
2026-07-01 12:05:00-04:00,295.4150085449219,295.7099914550781,295.2749938964844,295.4800109863281,292066
2026-07-01 12:10:00-04:00,295.489990234375,295.6700134277344,295.1300048828125,295.2850036621094,228805
2026-07-01 12:15:00-04:00,295.2699890136719,295.32000732421875,294.9200134277344,295.2300109863281,220846
2026-07-01 12:20:00-04:00,295.239990234375,295.3699951171875,295.0899963378906,295.2699890136719,193329
2026-07-01 12:25:00-04:00,295.2699890136719,295.4649963378906,294.92999267578125,294.94500732421875,242391
2026-07-01 12:30:00-04:00,294.94500732421875,295.0599060058594,294.2701110839844,294.45001220703125,300769
2026-07-01 12:35:00-04:00,294.45989990234375,294.7550048828125,294.3599853515625,294.5350036621094,265041
2026-07-01 12:40:00-04:00,294.5350036621094,294.7099914550781,294.3301086425781,294.6000061035156,219409
2026-07-01 12:45:00-04:00,294.6000061035156,294.69000244140625,294.3900146484375,294.4649963378906,196233
2026-07-01 12:50:00-04:00,294.4700012207031,294.8500061035156,294.3699951171875,294.55120849609375,236954
2026-07-01 12:55:00-04:00,294.5799865722656,294.5799865722656,294.1099853515625,294.2300109863281,542805
2026-07-01 13:00:00-04:00,294.2300109863281,294.3599853515625,293.9200134277344,294.0950012207031,383246
2026-07-01 13:05:00-04:00,294.04998779296875,294.6099853515625,293.9200134277344,294.32000732421875,423921
2026-07-01 13:10:00-04:00,294.32501220703125,294.45001220703125,293.9750061035156,294.44500732421875,252299
2026-07-01 13:15:00-04:00,294.44500732421875,294.44500732421875,293.989990234375,293.989990234375,242069
2026-07-01 13:20:00-04:00,294.0,294.4200134277344,293.94000244140625,294.1549987792969,248401
2026-07-01 13:25:00-04:00,294.1549987792969,294.25,293.9700012207031,294.0899963378906,255278
2026-07-01 13:30:00-04:00,294.0799865722656,294.2300109863281,293.9200134277344,294.2149963378906,235411
2026-07-01 13:35:00-04:00,294.2200012207031,294.6000061035156,294.1400146484375,294.32000732421875,230022
2026-07-01 13:40:00-04:00,294.31988525390625,294.42999267578125,294.07000732421875,294.1050109863281,194366
2026-07-01 13:45:00-04:00,294.1099853515625,294.3349914550781,293.9599914550781,294.2200012207031,243077
2026-07-01 13:50:00-04:00,294.2099914550781,294.989990234375,294.0350036621094,294.92999267578125,355547
2026-07-01 13:55:00-04:00,294.9396057128906,294.9396057128906,293.1099853515625,293.7149963378906,1413612
2026-07-01 14:00:00-04:00,293.7300109863281,294.19000244140625,292.70001220703125,293.5849914550781,661993
2026-07-01 14:05:00-04:00,293.5849914550781,294.8399963378906,292.9200134277344,294.6199951171875,689056
2026-07-01 14:10:00-04:00,294.6199951171875,294.7799987792969,294.32000732421875,294.54998779296875,486218
2026-07-01 14:15:00-04:00,294.57501220703125,295.1000061035156,294.31500244140625,295.0150146484375,373514
2026-07-01 14:20:00-04:00,295.010009765625,295.04998779296875,294.5000915527344,294.55999755859375,306581
2026-07-01 14:25:00-04:00,294.56500244140625,294.9800109863281,294.510009765625,294.80499267578125,312933
2026-07-01 14:30:00-04:00,294.80999755859375,295.20001220703125,294.7799987792969,294.9649963378906,391459
2026-07-01 14:35:00-04:00,294.9599914550781,295.2200012207031,294.7200012207031,294.8800048828125,316008
2026-07-01 14:40:00-04:00,294.8800048828125,295.5299987792969,294.8800048828125,295.3699951171875,450916
2026-07-01 14:45:00-04:00,295.3599853515625,295.4599914550781,295.1499938964844,295.3699951171875,402069
2026-07-01 14:50:00-04:00,295.3699951171875,295.4100036621094,294.94000244140625,294.9649963378906,351315
2026-07-01 14:55:00-04:00,294.9649963378906,295.19000244140625,294.67999267578125,294.7200012207031,278828
2026-07-01 15:00:00-04:00,294.7300109863281,294.8900146484375,294.5799865722656,294.70001220703125,263170
2026-07-01 15:05:00-04:00,294.7200012207031,294.94000244140625,294.42010498046875,294.489990234375,407594
2026-07-01 15:10:00-04:00,294.4800109863281,294.70001220703125,294.4200134277344,294.55999755859375,317692
2026-07-01 15:15:00-04:00,294.57000732421875,294.8396911621094,294.489990234375,294.5899963378906,300942
2026-07-01 15:20:00-04:00,294.5899963378906,294.6300048828125,294.16009521484375,294.4100036621094,468327
2026-07-01 15:25:00-04:00,294.42999267578125,294.4700012207031,294.0,294.0151062011719,458424
2026-07-01 15:30:00-04:00,294.0,294.3399963378906,293.95001220703125,294.0299987792969,581497
2026-07-01 15:35:00-04:00,294.0119934082031,294.3500061035156,293.989990234375,294.25,397579
2026-07-01 15:40:00-04:00,294.2497863769531,294.29998779296875,294.0,294.2099914550781,531344
2026-07-01 15:45:00-04:00,294.20001220703125,294.3699951171875,293.760009765625,293.8800048828125,626202
2026-07-01 15:50:00-04:00,293.9200134277344,295.54998779296875,293.7500915527344,294.6700134277344,1181069
2026-07-01 15:55:00-04:00,294.6860046386719,295.30999755859375,294.0299987792969,294.25,2913962
2026-07-02 09:30:00-04:00,294.0849914550781,299.82000732421875,293.67999267578125,298.20001220703125,2271367
2026-07-02 09:35:00-04:00,298.1813049316406,300.1600036621094,298.1252136230469,300.1300048828125,1174858
2026-07-02 09:40:00-04:00,300.1300048828125,301.1400146484375,299.7799987792969,300.3500061035156,1189676
2026-07-02 09:45:00-04:00,300.3800048828125,302.3546142578125,300.3800048828125,302.1700134277344,1165432
2026-07-02 09:50:00-04:00,302.1499938964844,302.67999267578125,301.4700012207031,301.7550048828125,2694861
2026-07-02 09:55:00-04:00,301.75,302.80999755859375,301.4700927734375,302.80999755859375,878216
2026-07-02 10:00:00-04:00,302.8500061035156,303.3900146484375,302.6188049316406,303.01031494140625,1048957
2026-07-02 10:05:00-04:00,303.07000732421875,303.57000732421875,302.7101135253906,303.5350036621094,900555
2026-07-02 10:10:00-04:00,303.54998779296875,304.5199890136719,303.1099853515625,303.7300109863281,1305867
2026-07-02 10:15:00-04:00,303.7449951171875,304.5090026855469,303.5899963378906,304.3699951171875,765521
2026-07-02 10:20:00-04:00,304.3949890136719,305.1099853515625,304.239990234375,304.5617980957031,1274302
2026-07-02 10:25:00-04:00,304.6064147949219,305.32000732421875,304.1289978027344,305.04998779296875,918664
2026-07-02 10:30:00-04:00,305.04400634765625,306.6398010253906,304.8500061035156,305.7099914550781,1300318
2026-07-02 10:35:00-04:00,305.7200012207031,305.8500061035156,304.8800048828125,305.3800048828125,1036529
2026-07-02 10:40:00-04:00,305.3900146484375,306.4200134277344,305.35009765625,306.4200134277344,882024
2026-07-02 10:45:00-04:00,306.4200134277344,306.7749938964844,305.5199890136719,305.5199890136719,1073473
2026-07-02 10:50:00-04:00,305.5199890136719,306.5,305.30010986328125,306.30999755859375,745128
2026-07-02 10:55:00-04:00,306.30999755859375,307.0400085449219,306.30999755859375,306.87799072265625,966849
2026-07-02 11:00:00-04:00,306.8999938964844,307.82000732421875,306.5899963378906,306.635009765625,1020017
2026-07-02 11:05:00-04:00,306.6300964355469,306.8999938964844,305.4100036621094,306.8999938964844,1126022
2026-07-02 11:10:00-04:00,306.9200134277344,307.7900085449219,306.3500061035156,307.41448974609375,971580
2026-07-02 11:15:00-04:00,307.44000244140625,307.44000244140625,306.0700988769531,307.0400085449219,764922
2026-07-02 11:20:00-04:00,307.0849914550781,307.30999755859375,306.67999267578125,307.2550048828125,658790
2026-07-02 11:25:00-04:00,307.2850036621094,307.2900085449219,305.2799987792969,305.4150085449219,775704
2026-07-02 11:30:00-04:00,305.4200134277344,306.7900085449219,305.4200134277344,306.2349853515625,571668
2026-07-02 11:35:00-04:00,306.2699890136719,306.8999938964844,306.1199951171875,306.5299987792969,576470
2026-07-02 11:40:00-04:00,306.54998779296875,306.6000061035156,305.6499938964844,305.67498779296875,471829
2026-07-02 11:45:00-04:00,305.7300109863281,306.1199951171875,305.3299865722656,305.80999755859375,429660
2026-07-02 11:50:00-04:00,305.7200927734375,306.0899963378906,305.2799987792969,305.95001220703125,412428
2026-07-02 11:55:00-04:00,305.9501037597656,306.04998779296875,305.5150146484375,305.625,463021
2026-07-02 12:00:00-04:00,305.6400146484375,306.7101135253906,305.6105041503906,306.69500732421875,580437
2026-07-02 12:05:00-04:00,306.70989990234375,306.94989013671875,306.4599914550781,306.6400146484375,516624
2026-07-02 12:10:00-04:00,306.6199951171875,307.0849914550781,306.54998779296875,307.0544128417969,547807
2026-07-02 12:15:00-04:00,307.0450134277344,307.9200134277344,306.95001220703125,307.7301025390625,1296443
2026-07-02 12:20:00-04:00,307.739990234375,307.9100036621094,307.3550109863281,307.79998779296875,572703
2026-07-02 12:25:00-04:00,307.80999755859375,308.45001220703125,307.69000244140625,308.0899963378906,761556
2026-07-02 12:30:00-04:00,308.0899963378906,308.4800109863281,307.739990234375,308.45001220703125,561092
2026-07-02 12:35:00-04:00,308.4200134277344,308.42999267578125,307.9200134277344,308.1099853515625,661621
2026-07-02 12:40:00-04:00,308.1300048828125,308.1700134277344,307.04998779296875,307.45001220703125,631397
2026-07-02 12:45:00-04:00,307.4501037597656,307.8699951171875,306.6700134277344,307.7799987792969,530506
2026-07-02 12:50:00-04:00,307.80999755859375,308.447998046875,307.5,308.2650146484375,652028
2026-07-02 12:55:00-04:00,308.260009765625,308.5299072265625,307.9599914550781,308.30999755859375,577975
2026-07-02 13:00:00-04:00,308.29998779296875,308.45001220703125,307.2049865722656,307.3699951171875,774202
2026-07-02 13:05:00-04:00,307.3500061035156,308.30999755859375,307.0899963378906,308.2799987792969,419790
2026-07-02 13:10:00-04:00,308.29998779296875,308.32000732421875,307.8699951171875,308.2099914550781,571015
2026-07-02 13:15:00-04:00,308.2099914550781,308.31988525390625,307.6499938964844,307.75,585396
2026-07-02 13:20:00-04:00,307.7799987792969,307.9898986816406,307.6512145996094,307.8599853515625,388306
2026-07-02 13:25:00-04:00,307.8599853515625,307.9100036621094,307.260009765625,307.80499267578125,301371
2026-07-02 13:30:00-04:00,307.80499267578125,308.1000061035156,307.4700012207031,307.5400085449219,436023
2026-07-02 13:35:00-04:00,307.5,308.0299987792969,307.4200134277344,307.8299865722656,436431
2026-07-02 13:40:00-04:00,307.8299865722656,308.17999267578125,307.6400146484375,308.17999267578125,433568
2026-07-02 13:45:00-04:00,308.1700134277344,308.29998779296875,307.4800109863281,307.9800109863281,634561
2026-07-02 13:50:00-04:00,307.9800109863281,308.1000061035156,307.67999267578125,307.79998779296875,567303
2026-07-02 13:55:00-04:00,307.7200012207031,307.82000732421875,307.10009765625,307.32000732421875,374797
2026-07-02 14:00:00-04:00,307.3500061035156,307.7998962402344,307.1449890136719,307.6449890136719,518178
2026-07-02 14:05:00-04:00,307.6449890136719,307.82000732421875,307.2200012207031,307.510009765625,429988
2026-07-02 14:10:00-04:00,307.5050048828125,307.7099914550781,307.4700012207031,307.6400146484375,388889
2026-07-02 14:15:00-04:00,307.65008544921875,307.79998779296875,306.8200988769531,307.1004943847656,555907
2026-07-02 14:20:00-04:00,307.1099853515625,307.5899963378906,307.1000061035156,307.25,375274
2026-07-02 14:25:00-04:00,307.2449951171875,307.5299987792969,307.114990234375,307.3299865722656,399231
2026-07-02 14:30:00-04:00,307.3399963378906,307.8999938964844,307.2699890136719,307.53009033203125,450404
2026-07-02 14:35:00-04:00,307.54998779296875,307.7799987792969,307.32000732421875,307.3599853515625,290162
2026-07-02 14:40:00-04:00,307.32000732421875,307.69000244140625,307.1300048828125,307.54998779296875,831973
2026-07-02 14:45:00-04:00,307.54998779296875,307.6499938964844,307.3500061035156,307.4200134277344,235300
2026-07-02 14:50:00-04:00,307.4200134277344,307.80999755859375,307.3900146484375,307.57000732421875,411267
2026-07-02 14:55:00-04:00,307.57000732421875,308.1000061035156,307.55999755859375,307.6449890136719,471888
2026-07-02 15:00:00-04:00,307.6449890136719,308.17999267578125,307.3800048828125,307.42999267578125,455018
2026-07-02 15:05:00-04:00,307.44000244140625,308.2300109863281,307.44000244140625,308.0899963378906,466342
2026-07-02 15:10:00-04:00,308.0799865722656,308.30999755859375,307.6499938964844,307.7900085449219,410866
2026-07-02 15:15:00-04:00,307.7799987792969,308.04998779296875,307.45001220703125,307.92999267578125,453979
2026-07-02 15:20:00-04:00,307.92999267578125,307.9700012207031,307.4700012207031,307.625,485864
2026-07-02 15:25:00-04:00,307.6300048828125,307.6400146484375,307.2601013183594,307.42498779296875,487512
2026-07-02 15:30:00-04:00,307.44000244140625,308.1499938964844,307.31500244140625,308.0450134277344,603764
2026-07-02 15:35:00-04:00,308.04998779296875,308.510009765625,307.9599914550781,308.260009765625,712773
2026-07-02 15:40:00-04:00,308.260009765625,308.4599914550781,307.7799987792969,307.9800109863281,824470
2026-07-02 15:45:00-04:00,307.9800109863281,308.0299987792969,307.2099914550781,307.5299987792969,740810
2026-07-02 15:50:00-04:00,307.5400085449219,308.54998779296875,307.5400085449219,308.0400085449219,1515795
2026-07-02 15:55:00-04:00,308.0400085449219,309.4200134277344,308.0400085449219,308.2200012207031,4263000
2026-07-06 09:30:00-04:00,307.67999267578125,308.9800109863281,307.010009765625,308.79998779296875,2848644
2026-07-06 09:35:00-04:00,308.7699890136719,309.4800109863281,308.2349853515625,309.4339904785156,830577
2026-07-06 09:40:00-04:00,309.4132080078125,309.9100036621094,308.0899963378906,309.2900085449219,617772
2026-07-06 09:45:00-04:00,309.3399963378906,309.95001220703125,308.9949951171875,309.3999938964844,611169
2026-07-06 09:50:00-04:00,309.42999267578125,309.9200134277344,308.3999938964844,309.19000244140625,561861
2026-07-06 09:55:00-04:00,309.18499755859375,309.7699890136719,308.8399963378906,309.6300048828125,600273
2026-07-06 10:00:00-04:00,309.6300048828125,309.6400146484375,309.0,309.3900146484375,462989
2026-07-06 10:05:00-04:00,309.3699951171875,309.760009765625,309.0400085449219,309.57000732421875,609922
2026-07-06 10:10:00-04:00,309.55999755859375,309.9898986816406,308.8699951171875,309.8599853515625,569883
2026-07-06 10:15:00-04:00,309.8699951171875,310.9100036621094,309.4800109863281,310.8905029296875,1117480
2026-07-06 10:20:00-04:00,310.8999938964844,311.3900146484375,310.5299987792969,311.0899963378906,683625
2026-07-06 10:25:00-04:00,311.07501220703125,311.75,311.04998779296875,311.7300109863281,698680
2026-07-06 10:30:00-04:00,311.70001220703125,311.82000732421875,311.2101135253906,311.2701110839844,662319
2026-07-06 10:35:00-04:00,311.239990234375,311.8399963378906,311.239990234375,311.67999267578125,531010
2026-07-06 10:40:00-04:00,311.69000244140625,311.7699890136719,311.25,311.3999938964844,528230
2026-07-06 10:45:00-04:00,311.3999938964844,312.32000732421875,311.260009765625,312.0150146484375,560258
2026-07-06 10:50:00-04:00,312.0150146484375,312.4100036621094,312.0,312.25,435824
2026-07-06 10:55:00-04:00,312.2200012207031,312.5799865722656,312.0603942871094,312.5201110839844,412586
2026-07-06 11:00:00-04:00,312.54998779296875,312.94000244140625,312.5,312.7900085449219,467498
2026-07-06 11:05:00-04:00,312.7900085449219,312.9100036621094,312.4599914550781,312.6400146484375,395779
2026-07-06 11:10:00-04:00,312.6400146484375,313.2099914550781,312.5566101074219,312.875,585875
2026-07-06 11:15:00-04:00,312.8699951171875,313.3900146484375,312.6610107421875,313.2799987792969,468645
2026-07-06 11:20:00-04:00,313.2699890136719,313.5,312.94000244140625,312.9794921875,606217
2026-07-06 11:25:00-04:00,312.9750061035156,313.6000061035156,312.95001220703125,313.5799865722656,596087
2026-07-06 11:30:00-04:00,313.5849914550781,313.7099914550781,313.3599853515625,313.6199951171875,413091
2026-07-06 11:35:00-04:00,313.6199951171875,314.05999755859375,313.56500244140625,313.8299865722656,503402
2026-07-06 11:40:00-04:00,313.8900146484375,314.1199951171875,313.7200012207031,314.0899963378906,411233
2026-07-06 11:45:00-04:00,314.1050109863281,314.20001220703125,313.42010498046875,313.5799865722656,428602
2026-07-06 11:50:00-04:00,313.5799865722656,313.9200134277344,313.44000244140625,313.4599914550781,367306
2026-07-06 11:55:00-04:00,313.4599914550781,313.70001220703125,313.3800048828125,313.70001220703125,328032
2026-07-06 12:00:00-04:00,313.6400146484375,313.7900085449219,313.31201171875,313.4700012207031,496113
2026-07-06 12:05:00-04:00,313.4800109863281,313.4800109863281,312.82000732421875,312.8500061035156,421369
2026-07-06 12:10:00-04:00,312.8599853515625,313.1400146484375,312.82000732421875,313.010009765625,603653
2026-07-06 12:15:00-04:00,313.0150146484375,313.0199890136719,312.375,312.7919921875,362367
2026-07-06 12:20:00-04:00,312.7998962402344,312.8500061035156,312.3800048828125,312.610107421875,265730
2026-07-06 12:25:00-04:00,312.625,312.6300048828125,312.2300109863281,312.25,216517
2026-07-06 12:30:00-04:00,312.2449951171875,312.5400085449219,311.8500061035156,312.3599853515625,374800
2026-07-06 12:35:00-04:00,312.3599853515625,312.3599853515625,311.9100036621094,312.07000732421875,3186745
2026-07-06 12:40:00-04:00,312.0696105957031,312.75,312.0199890136719,312.57000732421875,595131
2026-07-06 12:45:00-04:00,312.55999755859375,312.9800109863281,312.4830017089844,312.9599914550781,293417
2026-07-06 12:50:00-04:00,312.9599914550781,312.9599914550781,312.44000244140625,312.6400146484375,200221
2026-07-06 12:55:00-04:00,312.6400146484375,312.7900085449219,312.5199890136719,312.5400085449219,218325
2026-07-06 13:00:00-04:00,312.5350036621094,312.82000732421875,312.4801025390625,312.81988525390625,240496
2026-07-06 13:05:00-04:00,312.7900085449219,312.8999938964844,312.3299865722656,312.4649963378906,228504
2026-07-06 13:10:00-04:00,312.5,312.7749938964844,312.45001220703125,312.7305908203125,189895
2026-07-06 13:15:00-04:00,312.7301025390625,312.9100036621094,312.5299987792969,312.7101135253906,222629
2026-07-06 13:20:00-04:00,312.7349853515625,312.8800048828125,312.5,312.6499938964844,351377
2026-07-06 13:25:00-04:00,312.6199951171875,312.7149963378906,312.360107421875,312.3800048828125,171233
2026-07-06 13:30:00-04:00,312.3876037597656,312.5799865722656,312.1099853515625,312.3399963378906,211361
2026-07-06 13:35:00-04:00,312.33990478515625,312.5849914550781,312.260009765625,312.4549865722656,322683
2026-07-06 13:40:00-04:00,312.44000244140625,312.5299987792969,312.29998779296875,312.3999938964844,165220
2026-07-06 13:45:00-04:00,312.3900146484375,312.70001220703125,312.29998779296875,312.5400085449219,198045
2026-07-06 13:50:00-04:00,312.552490234375,312.7349853515625,312.3599853515625,312.3800048828125,176482
2026-07-06 13:55:00-04:00,312.3900146484375,312.7300109863281,312.3900146484375,312.7200927734375,161992
2026-07-06 14:00:00-04:00,312.7300109863281,312.8299865722656,312.4100036621094,312.5799865722656,222629
2026-07-06 14:05:00-04:00,312.6000061035156,312.8599853515625,312.5600891113281,312.7250061035156,201208
2026-07-06 14:10:00-04:00,312.7200012207031,312.9599914550781,312.5299987792969,312.9200134277344,175106
2026-07-06 14:15:00-04:00,312.92498779296875,313.139892578125,312.8399963378906,312.9849853515625,293082
2026-07-06 14:20:00-04:00,312.9901123046875,313.0450134277344,312.7749938964844,313.0,173832
2026-07-06 14:25:00-04:00,313.010009765625,313.14990234375,312.8299865722656,313.07000732421875,199604
2026-07-06 14:30:00-04:00,313.0799865722656,313.4750061035156,313.07501220703125,313.2699890136719,305406
2026-07-06 14:35:00-04:00,313.2699890136719,313.2900085449219,312.9100036621094,312.9649963378906,249404
2026-07-06 14:40:00-04:00,312.9750061035156,313.3900146484375,312.9750061035156,313.2799987792969,278884
2026-07-06 14:45:00-04:00,313.2850036621094,313.32000732421875,313.0450134277344,313.20001220703125,271766
2026-07-06 14:50:00-04:00,313.20001220703125,313.46881103515625,313.17999267578125,313.3800964355469,227024
2026-07-06 14:55:00-04:00,313.3800048828125,313.3900146484375,313.19000244140625,313.2900085449219,204061
2026-07-06 15:00:00-04:00,313.29998779296875,313.3500061035156,312.989990234375,313.114990234375,282319
2026-07-06 15:05:00-04:00,313.114990234375,313.389892578125,313.114990234375,313.2099914550781,300596
2026-07-06 15:10:00-04:00,313.2149963378906,313.3900146484375,313.1549987792969,313.20001220703125,359449
2026-07-06 15:15:00-04:00,313.2049865722656,313.3299865722656,313.0199890136719,313.2300109863281,320787
2026-07-06 15:20:00-04:00,313.2099914550781,313.4700012207031,313.20001220703125,313.3793029785156,312821
2026-07-06 15:25:00-04:00,313.3800048828125,313.55999755859375,313.30999755859375,313.3999938964844,339366
2026-07-06 15:30:00-04:00,313.4150085449219,313.659912109375,313.3500061035156,313.510009765625,368319
2026-07-06 15:35:00-04:00,313.5271911621094,313.69989013671875,313.44500732421875,313.6000061035156,272196
2026-07-06 15:40:00-04:00,313.5950012207031,313.739990234375,313.5400085449219,313.614990234375,383488
2026-07-06 15:45:00-04:00,313.61090087890625,313.69000244140625,312.8999938964844,312.93499755859375,554322
2026-07-06 15:50:00-04:00,312.95001220703125,313.0799865722656,312.04998779296875,312.625,838462
2026-07-06 15:55:00-04:00,312.6400146484375,313.0,312.3399963378906,312.80999755859375,2571604
2026-07-07 09:30:00-04:00,315.2900085449219,315.4800109863281,312.79998779296875,312.9800109863281,2352152
2026-07-07 09:35:00-04:00,312.92010498046875,313.45001220703125,310.1499938964844,311.2699890136719,1071661
2026-07-07 09:40:00-04:00,311.2489929199219,312.739990234375,311.2099914550781,312.0899963378906,614511
2026-07-07 09:45:00-04:00,312.07000732421875,312.2900085449219,311.5199890136719,311.8699951171875,435468
2026-07-07 09:50:00-04:00,311.8399963378906,312.8299865722656,311.5,311.510009765625,434799
2026-07-07 09:55:00-04:00,311.55999755859375,311.6600036621094,311.1000061035156,311.5799865722656,475055
2026-07-07 10:00:00-04:00,311.6000061035156,311.7300109863281,311.1099853515625,311.5,473491
2026-07-07 10:05:00-04:00,311.5249938964844,312.3299865722656,311.45001220703125,312.1099853515625,497084
2026-07-07 10:10:00-04:00,312.1199951171875,312.5498962402344,311.3500061035156,311.8699951171875,844915
2026-07-07 10:15:00-04:00,311.860107421875,312.2650146484375,311.510009765625,311.6600036621094,506917
2026-07-07 10:20:00-04:00,311.659912109375,312.1059875488281,311.25,311.25,579816
2026-07-07 10:25:00-04:00,311.30999755859375,311.8500061035156,311.20001220703125,311.45001220703125,659361
2026-07-07 10:30:00-04:00,311.45001220703125,312.3599853515625,310.989990234375,312.3450012207031,628770
2026-07-07 10:35:00-04:00,312.3299865722656,313.3800048828125,312.2099914550781,313.010009765625,783350
2026-07-07 10:40:00-04:00,313.010009765625,313.42999267578125,312.239990234375,312.57000732421875,763937
2026-07-07 10:45:00-04:00,312.5799865722656,313.0199890136719,312.1700134277344,312.61151123046875,336475
2026-07-07 10:50:00-04:00,312.6000061035156,312.95001220703125,312.010009765625,312.364990234375,305063
2026-07-07 10:55:00-04:00,312.3599853515625,313.0,312.26190185546875,312.7799987792969,261445
2026-07-07 11:00:00-04:00,312.80499267578125,313.2200012207031,312.67498779296875,313.06109619140625,275281
2026-07-07 11:05:00-04:00,313.05499267578125,313.8800048828125,313.010009765625,313.239990234375,397500
2026-07-07 11:10:00-04:00,313.2300109863281,313.5350036621094,313.0480041503906,313.32000732421875,230324
2026-07-07 11:15:00-04:00,313.32501220703125,313.6499938964844,313.1401062011719,313.6099853515625,276329
2026-07-07 11:20:00-04:00,313.6199951171875,314.1300048828125,313.5799865722656,313.739990234375,626336
2026-07-07 11:25:00-04:00,313.7255859375,314.1000061035156,313.44000244140625,314.0799865722656,319961
2026-07-07 11:30:00-04:00,314.1025085449219,314.1499938964844,313.739990234375,313.96600341796875,329713
2026-07-07 11:35:00-04:00,313.9700012207031,314.239990234375,313.8999938964844,314.07220458984375,879241
2026-07-07 11:40:00-04:00,314.0799865722656,314.4200134277344,314.0199890136719,314.3900146484375,371084
2026-07-07 11:45:00-04:00,314.3700866699219,314.7300109863281,314.3299865722656,314.3450012207031,360673
2026-07-07 11:50:00-04:00,314.3399963378906,314.6400146484375,314.25,314.2699890136719,268909
2026-07-07 11:55:00-04:00,314.2650146484375,314.5050048828125,314.1400146484375,314.2900085449219,1194702
2026-07-07 12:00:00-04:00,314.2699890136719,314.364990234375,313.875,314.25,339947
2026-07-07 12:05:00-04:00,314.260009765625,314.260009765625,313.4700012207031,313.8399963378906,493108
2026-07-07 12:10:00-04:00,313.8399963378906,313.8500061035156,313.1199951171875,313.1199951171875,321732
2026-07-07 12:15:00-04:00,313.12109375,314.05999755859375,312.67999267578125,313.75,664195
2026-07-07 12:20:00-04:00,313.739990234375,313.80999755859375,313.0,313.3299865722656,471824
2026-07-07 12:25:00-04:00,313.29998779296875,313.4549865722656,313.0199890136719,313.1700134277344,241312
2026-07-07 12:30:00-04:00,313.1400146484375,313.2550048828125,312.7799987792969,312.9895935058594,272992
2026-07-07 12:35:00-04:00,312.97930908203125,313.8399963378906,312.9100036621094,313.8100891113281,223753
2026-07-07 12:40:00-04:00,313.8399963378906,313.8999938964844,313.5400085449219,313.614990234375,230415
2026-07-07 12:45:00-04:00,313.6300048828125,313.8999938964844,313.5400085449219,313.8599853515625,183185
2026-07-07 12:50:00-04:00,313.8599853515625,313.9200134277344,313.7099914550781,313.739990234375,231581
2026-07-07 12:55:00-04:00,313.760009765625,314.010009765625,313.6099853515625,313.6099853515625,201522
2026-07-07 13:00:00-04:00,313.6099853515625,313.6199951171875,313.1000061035156,313.1600036621094,236571
2026-07-07 13:05:00-04:00,313.17999267578125,313.239990234375,312.3999938964844,312.4200134277344,324378
2026-07-07 13:10:00-04:00,312.3999938964844,312.8999938964844,312.2701110839844,312.80499267578125,282592
2026-07-07 13:15:00-04:00,312.80499267578125,313.0050048828125,312.70001220703125,313.0050048828125,164945
2026-07-07 13:20:00-04:00,313.0050048828125,313.239990234375,312.7699890136719,312.7799987792969,259550
2026-07-07 13:25:00-04:00,312.78009033203125,313.0199890136719,312.75,312.8399963378906,183035
2026-07-07 13:30:00-04:00,312.82000732421875,313.0,312.67498779296875,312.79998779296875,199255
2026-07-07 13:35:00-04:00,312.79998779296875,312.8800048828125,312.625,312.75,177420
2026-07-07 13:40:00-04:00,312.75,312.8399963378906,312.55999755859375,312.7200012207031,189885
2026-07-07 13:45:00-04:00,312.7200012207031,312.93499755859375,312.54010009765625,312.56988525390625,191499
2026-07-07 13:50:00-04:00,312.5444030761719,312.7449951171875,312.1600036621094,312.260009765625,249268
2026-07-07 13:55:00-04:00,312.239990234375,312.2898864746094,311.8699035644531,311.8800048828125,154505
2026-07-07 14:00:00-04:00,311.8599853515625,312.30499267578125,311.8500061035156,312.1700134277344,258951
2026-07-07 14:05:00-04:00,312.1700134277344,312.3299865722656,312.0,312.05499267578125,326321
2026-07-07 14:10:00-04:00,312.0799865722656,312.4200134277344,312.010009765625,312.1650085449219,268625
2026-07-07 14:15:00-04:00,312.1650085449219,312.2900085449219,312.0400085449219,312.1099853515625,182538
2026-07-07 14:20:00-04:00,312.1199951171875,312.2099914550781,311.92999267578125,312.1199951171875,207398
2026-07-07 14:25:00-04:00,312.1549987792969,312.7200012207031,312.10009765625,312.61920166015625,235693
2026-07-07 14:30:00-04:00,312.6199951171875,312.7900085449219,312.30999755859375,312.5950012207031,248383
2026-07-07 14:35:00-04:00,312.5899963378906,312.8500061035156,312.5899963378906,312.7799987792969,214020
2026-07-07 14:40:00-04:00,312.7799987792969,313.17999267578125,312.5,313.0350036621094,296219
2026-07-07 14:45:00-04:00,313.0400085449219,313.0799865722656,312.6199951171875,312.860107421875,282209
2026-07-07 14:50:00-04:00,312.8794860839844,313.0,312.20001220703125,312.2099914550781,355719
2026-07-07 14:55:00-04:00,312.20001220703125,312.5899963378906,311.8599853515625,312.0050048828125,356872
2026-07-07 15:00:00-04:00,312.0299987792969,312.5098876953125,311.67498779296875,312.260009765625,374529
2026-07-07 15:05:00-04:00,312.2699890136719,312.2699890136719,311.6400146484375,311.70001220703125,409518
2026-07-07 15:10:00-04:00,311.70001220703125,311.8800048828125,311.55999755859375,311.8799133300781,379191
2026-07-07 15:15:00-04:00,311.8800048828125,311.8800048828125,311.55999755859375,311.7900085449219,358207
2026-07-07 15:20:00-04:00,311.7900085449219,312.212890625,311.7799987792969,312.2099914550781,664923
2026-07-07 15:25:00-04:00,312.2149963378906,312.2699890136719,311.82000732421875,311.8949890136719,320885
2026-07-07 15:30:00-04:00,311.8999938964844,312.32000732421875,311.8999938964844,312.1199951171875,321296
2026-07-07 15:35:00-04:00,312.1050109863281,312.2900085449219,311.6900939941406,311.8994140625,369003
2026-07-07 15:40:00-04:00,311.8999938964844,312.010009765625,311.55499267578125,311.7250061035156,316691
2026-07-07 15:45:00-04:00,311.7250061035156,312.0784912109375,311.5299987792969,311.7799072265625,356296
2026-07-07 15:50:00-04:00,311.7799987792969,311.94000244140625,311.3299865722656,311.510009765625,529868
2026-07-07 15:55:00-04:00,311.510009765625,311.5199890136719,310.3299865722656,310.6600036621094,10069419
2026-07-08 09:30:00-04:00,311.6600036621094,312.0,308.8699951171875,309.010009765625,2324180
2026-07-08 09:35:00-04:00,309.0400085449219,309.79998779296875,308.0799865722656,309.5450134277344,682955
2026-07-08 09:40:00-04:00,309.5267028808594,309.5480041503906,307.82000732421875,307.9158020019531,580471
2026-07-08 09:45:00-04:00,307.9150085449219,308.7099914550781,307.051513671875,308.5150146484375,625744
2026-07-08 09:50:00-04:00,308.510009765625,309.6401062011719,308.510009765625,309.1000061035156,417024
2026-07-08 09:55:00-04:00,309.0950012207031,309.3114013671875,308.5199890136719,309.1300048828125,367130
2026-07-08 10:00:00-04:00,309.1499938964844,309.22509765625,308.4200134277344,308.9725036621094,358822
2026-07-08 10:05:00-04:00,308.9949951171875,309.9100036621094,308.989990234375,309.67999267578125,424140
2026-07-08 10:10:00-04:00,309.6700134277344,310.239990234375,309.57000732421875,309.92498779296875,471998
2026-07-08 10:15:00-04:00,309.9110107421875,310.3999938964844,309.8299865722656,310.239990234375,350459
2026-07-08 10:20:00-04:00,310.2200012207031,310.6487121582031,310.0799865722656,310.5899963378906,446867
2026-07-08 10:25:00-04:00,310.5799865722656,310.6600036621094,308.8059997558594,308.8500061035156,552986
2026-07-08 10:30:00-04:00,308.82000732421875,309.64990234375,308.7749938964844,309.6015930175781,391738
2026-07-08 10:35:00-04:00,309.6300048828125,310.3500061035156,309.260009765625,310.239990234375,415511
2026-07-08 10:40:00-04:00,310.260009765625,310.4609069824219,309.9700927734375,310.2699890136719,293405
2026-07-08 10:45:00-04:00,310.2550048828125,310.55999755859375,309.989990234375,310.04998779296875,344689
2026-07-08 10:50:00-04:00,310.04541015625,310.1000061035156,309.0299987792969,309.3500061035156,409412
2026-07-08 10:55:00-04:00,309.3599853515625,309.46990966796875,308.70001220703125,308.8800048828125,325598
2026-07-08 11:00:00-04:00,308.8800048828125,309.42999267578125,308.760009765625,309.32501220703125,426401
2026-07-08 11:05:00-04:00,309.3369140625,310.260009765625,309.1875,309.5050048828125,346878
2026-07-08 11:10:00-04:00,309.5199890136719,310.05999755859375,309.5150146484375,309.9700012207031,213312
2026-07-08 11:15:00-04:00,309.95001220703125,310.4049987792969,309.8900146484375,310.2950134277344,253604
2026-07-08 11:20:00-04:00,310.2950134277344,310.8500061035156,310.2502136230469,310.4800109863281,369413
2026-07-08 11:25:00-04:00,310.4849853515625,310.6400146484375,309.8999938964844,310.06500244140625,359414
2026-07-08 11:30:00-04:00,310.0799865722656,310.1199951171875,309.31500244140625,309.7699890136719,315796
2026-07-08 11:35:00-04:00,309.7699890136719,310.0899963378906,309.4800109863281,309.92999267578125,275575
2026-07-08 11:40:00-04:00,309.9100036621094,310.05999755859375,309.54998779296875,309.55999755859375,189886
2026-07-08 11:45:00-04:00,309.55499267578125,310.010009765625,309.4599914550781,309.7799987792969,205023
2026-07-08 11:50:00-04:00,309.7699890136719,309.989990234375,309.6000061035156,309.8999938964844,186776
2026-07-08 11:55:00-04:00,309.9100036621094,310.45001220703125,309.8999938964844,310.2250061035156,350686
2026-07-08 12:00:00-04:00,310.25,310.9200134277344,310.0849914550781,310.75,308772
2026-07-08 12:05:00-04:00,310.7449951171875,311.2149963378906,310.4800109863281,310.8900146484375,285148
2026-07-08 12:10:00-04:00,310.8900146484375,311.0899963378906,310.41009521484375,310.4849853515625,287087
2026-07-08 12:15:00-04:00,310.489990234375,310.885009765625,310.489990234375,310.875,191435
2026-07-08 12:20:00-04:00,310.8800048828125,311.4200134277344,310.85009765625,311.29998779296875,462447
2026-07-08 12:25:00-04:00,311.31500244140625,311.7900085449219,311.1000061035156,311.6000061035156,429843
2026-07-08 12:30:00-04:00,311.6000061035156,311.7300109863281,311.3900146484375,311.5050048828125,207988
2026-07-08 12:35:00-04:00,311.5097961425781,312.1600036621094,311.3399963378906,312.095703125,498844
2026-07-08 12:40:00-04:00,312.0899963378906,312.2900085449219,311.9200134277344,312.2099914550781,392943
2026-07-08 12:45:00-04:00,312.2099914550781,312.8699951171875,312.1099853515625,312.7799987792969,388409
2026-07-08 12:50:00-04:00,312.7799987792969,313.2300109863281,312.7200012207031,313.1300048828125,466794
2026-07-08 12:55:00-04:00,313.13641357421875,313.3399963378906,313.05999755859375,313.1000061035156,317075
2026-07-08 13:00:00-04:00,313.1299133300781,313.3299865722656,313.010009765625,313.3299865722656,414833
2026-07-08 13:05:00-04:00,313.32000732421875,313.7799987792969,313.260009765625,313.739990234375,443278
2026-07-08 13:10:00-04:00,313.739990234375,314.0799865722656,313.6499938964844,313.8900146484375,429415
2026-07-08 13:15:00-04:00,313.885009765625,313.95001220703125,313.2449951171875,313.5400085449219,383125
2026-07-08 13:20:00-04:00,313.5249938964844,313.9100036621094,313.32000732421875,313.7900085449219,335002
2026-07-08 13:25:00-04:00,313.80999755859375,314.19000244140625,313.5419006347656,314.1199035644531,351343
2026-07-08 13:30:00-04:00,314.1300048828125,314.4700012207031,314.05999755859375,314.07000732421875,459531
2026-07-08 13:35:00-04:00,314.04998779296875,314.489990234375,313.9100036621094,314.2701110839844,465231
2026-07-08 13:40:00-04:00,314.2749938964844,314.57000732421875,313.9599914550781,314.4849853515625,421596
2026-07-08 13:45:00-04:00,314.4800109863281,314.5299987792969,311.150390625,314.29998779296875,399509
2026-07-08 13:50:00-04:00,314.2950134277344,314.635009765625,314.25,314.3800048828125,423460
2026-07-08 13:55:00-04:00,314.385009765625,314.5199890136719,314.2149963378906,314.3900146484375,425436
2026-07-08 14:00:00-04:00,314.3999938964844,314.79998779296875,314.20001220703125,314.69500732421875,395658
2026-07-08 14:05:00-04:00,314.70001220703125,314.80999755859375,314.29998779296875,314.69500732421875,323364
2026-07-08 14:10:00-04:00,314.69000244140625,314.7200012207031,314.43499755859375,314.55999755859375,246190
2026-07-08 14:15:00-04:00,314.57000732421875,314.6050109863281,314.3299865722656,314.5199890136719,265838
2026-07-08 14:20:00-04:00,314.5199890136719,314.625,314.3999938964844,314.4200134277344,207546
2026-07-08 14:25:00-04:00,314.3999938964844,314.5249938964844,314.1000061035156,314.125,261438
2026-07-08 14:30:00-04:00,314.125,314.2200012207031,313.8500061035156,314.0799865722656,315625
2026-07-08 14:35:00-04:00,314.0704040527344,314.20001220703125,313.94000244140625,314.1400146484375,269436
2026-07-08 14:40:00-04:00,314.1199951171875,314.1499938964844,313.739990234375,313.95001220703125,251956
2026-07-08 14:45:00-04:00,313.94000244140625,314.3299865722656,313.8800048828125,314.20001220703125,278018
2026-07-08 14:50:00-04:00,314.2300109863281,314.3999938964844,314.16009521484375,314.2250061035156,246647
2026-07-08 14:55:00-04:00,314.2300109863281,314.2550048828125,313.8399963378906,313.8949890136719,284092
2026-07-08 15:00:00-04:00,313.8949890136719,314.1300048828125,313.79901123046875,314.010009765625,260868
2026-07-08 15:05:00-04:00,314.0,314.19720458984375,313.7200012207031,314.0299987792969,317490
2026-07-08 15:10:00-04:00,314.0299987792969,314.0799865722656,313.7799987792969,313.93499755859375,356316
2026-07-08 15:15:00-04:00,313.92999267578125,314.0799865722656,313.6499938964844,313.67498779296875,322384
2026-07-08 15:20:00-04:00,313.68499755859375,314.0,313.67999267578125,313.9549865722656,273115
2026-07-08 15:25:00-04:00,313.9599914550781,314.07000732421875,313.7900085449219,313.81500244140625,302000
2026-07-08 15:30:00-04:00,313.81500244140625,314.20001220703125,313.81500244140625,313.95001220703125,341646
2026-07-08 15:35:00-04:00,313.9519958496094,314.0199890136719,313.80999755859375,313.8399963378906,360570
2026-07-08 15:40:00-04:00,313.8290100097656,313.9200134277344,313.1000061035156,313.1000061035156,460294
2026-07-08 15:45:00-04:00,313.1000061035156,313.1698913574219,312.75,313.0299987792969,547480
2026-07-08 15:50:00-04:00,313.0199890136719,313.57000732421875,313.0199890136719,313.3699951171875,644678
2026-07-08 15:55:00-04:00,313.3630065917969,313.9599914550781,313.260009765625,313.260009765625,2431840
2026-07-09 09:30:00-04:00,310.44500732421875,311.0,308.1600036621094,310.7300109863281,2212422
2026-07-09 09:35:00-04:00,310.7190856933594,312.07000732421875,310.67010498046875,311.7900085449219,828441
2026-07-09 09:40:00-04:00,311.81280517578125,311.8399963378906,310.1900939941406,310.885009765625,583583
2026-07-09 09:45:00-04:00,310.8500061035156,311.6099853515625,310.7699890136719,311.5050048828125,386131
2026-07-09 09:50:00-04:00,311.4700012207031,311.8599853515625,310.70001220703125,311.7200012207031,642962
2026-07-09 09:55:00-04:00,311.7200012207031,311.760009765625,310.65008544921875,310.9750061035156,494931
2026-07-09 10:00:00-04:00,310.9945068359375,311.3349914550781,310.1600036621094,310.3800048828125,389407
2026-07-09 10:05:00-04:00,310.3800048828125,311.6000061035156,310.2349853515625,311.3299865722656,384281
2026-07-09 10:10:00-04:00,311.3299865722656,311.94500732421875,310.7650146484375,310.8550109863281,564185
2026-07-09 10:15:00-04:00,310.8500061035156,311.0198974609375,310.3900146484375,310.92498779296875,325168
2026-07-09 10:20:00-04:00,310.92999267578125,311.8500061035156,310.9049987792969,311.55999755859375,403658
2026-07-09 10:25:00-04:00,311.5400085449219,312.29998779296875,311.5299987792969,312.0899963378906,386147
2026-07-09 10:30:00-04:00,312.07000732421875,312.3500061035156,311.739990234375,312.1499938964844,427054
2026-07-09 10:35:00-04:00,312.1759948730469,312.364013671875,311.94000244140625,312.3500061035156,317002
2026-07-09 10:40:00-04:00,312.364013671875,312.3999938964844,311.5199890136719,311.6199951171875,351000
2026-07-09 10:45:00-04:00,311.6099853515625,311.7200012207031,310.7012023925781,310.92999267578125,317377
2026-07-09 10:50:00-04:00,310.9200134277344,311.4200134277344,310.8132019042969,311.3800048828125,227803
2026-07-09 10:55:00-04:00,311.3800048828125,311.55999755859375,311.268310546875,311.55999755859375,197089
2026-07-09 11:00:00-04:00,311.54998779296875,311.8699951171875,311.510009765625,311.760009765625,280195
2026-07-09 11:05:00-04:00,311.79998779296875,312.1000061035156,311.69000244140625,311.7900085449219,232693
2026-07-09 11:10:00-04:00,311.8299865722656,312.4599914550781,311.7900085449219,312.43499755859375,318355
2026-07-09 11:15:00-04:00,312.43499755859375,313.3599853515625,312.4200134277344,313.29998779296875,368924
2026-07-09 11:20:00-04:00,313.32000732421875,314.4200134277344,313.29998779296875,314.29998779296875,639994
2026-07-09 11:25:00-04:00,314.260009765625,314.8500061035156,314.1600036621094,314.4599914550781,401478
2026-07-09 11:30:00-04:00,314.46990966796875,314.8999938964844,314.29998779296875,314.489990234375,313322
2026-07-09 11:35:00-04:00,314.510009765625,315.0199890136719,314.4800109863281,314.9150085449219,492687
2026-07-09 11:40:00-04:00,314.9150085449219,314.95001220703125,314.55999755859375,314.6050109863281,233348
2026-07-09 11:45:00-04:00,314.6199951171875,314.92999267578125,314.4700012207031,314.8550109863281,306736
2026-07-09 11:50:00-04:00,314.8550109863281,314.8900146484375,314.5799865722656,314.5899963378906,209782
2026-07-09 11:55:00-04:00,314.5799865722656,314.9093017578125,314.5799865722656,314.7699890136719,4877657
2026-07-09 12:00:00-04:00,314.7900085449219,315.07000732421875,314.6000061035156,315.0249938964844,388918
2026-07-09 12:05:00-04:00,315.0400085449219,315.2200012207031,314.6499938964844,314.7749938964844,359823
2026-07-09 12:10:00-04:00,314.7699890136719,314.8218078613281,314.239990234375,314.5000915527344,307000
2026-07-09 12:15:00-04:00,314.5199890136719,314.5899963378906,314.281494140625,314.3599853515625,227975
2026-07-09 12:20:00-04:00,314.3671875,314.85980224609375,314.1000061035156,314.6809997558594,393979
2026-07-09 12:25:00-04:00,314.6860046386719,315.2200012207031,314.6400146484375,314.8999938964844,373812
2026-07-09 12:30:00-04:00,314.90008544921875,315.42999267578125,314.8599853515625,315.1050109863281,361102
2026-07-09 12:35:00-04:00,315.1050109863281,315.5,315.0799865722656,315.1000061035156,333856
2026-07-09 12:40:00-04:00,315.1199951171875,315.2117919921875,314.8699951171875,315.0,238787
2026-07-09 12:45:00-04:00,314.989990234375,315.1199951171875,314.5299987792969,314.6099853515625,307064
2026-07-09 12:50:00-04:00,314.6199951171875,314.6400146484375,314.4200134277344,314.5,261873
2026-07-09 12:55:00-04:00,314.489990234375,314.7699890136719,314.45001220703125,314.7099914550781,727468
2026-07-09 13:00:00-04:00,314.71051025390625,315.0299987792969,314.6075134277344,314.9599914550781,1053607
2026-07-09 13:05:00-04:00,314.9703063964844,315.010009765625,314.82000732421875,314.8999938964844,179233
2026-07-09 13:10:00-04:00,314.9049987792969,315.17999267578125,314.8900146484375,315.04998779296875,261071
2026-07-09 13:15:00-04:00,315.04998779296875,315.0799865722656,314.5799865722656,314.69000244140625,316157
2026-07-09 13:20:00-04:00,314.69000244140625,314.7099914550781,314.30999755859375,314.6600036621094,307038
2026-07-09 13:25:00-04:00,314.6650085449219,314.79998779296875,314.6400146484375,314.7214050292969,205538
2026-07-09 13:30:00-04:00,314.7235107421875,314.7900085449219,314.43011474609375,314.70001220703125,1513771
2026-07-09 13:35:00-04:00,314.7099914550781,314.7900085449219,314.5400085449219,314.78070068359375,193238
2026-07-09 13:40:00-04:00,314.7900085449219,314.8599853515625,314.7099914550781,314.8599853515625,162498
2026-07-09 13:45:00-04:00,314.8599853515625,314.8900146484375,314.6099853515625,314.8299865722656,171455
2026-07-09 13:50:00-04:00,314.8299865722656,314.9200134277344,314.75079345703125,314.80999755859375,142583
2026-07-09 13:55:00-04:00,314.80499267578125,315.0799865722656,314.7300109863281,314.9800109863281,270672
2026-07-09 14:00:00-04:00,314.989990234375,315.30999755859375,314.8599853515625,315.27880859375,314853
2026-07-09 14:05:00-04:00,315.2699890136719,315.31988525390625,314.6199951171875,314.635009765625,362540
2026-07-09 14:10:00-04:00,314.635009765625,314.9100036621094,314.4800109863281,314.7950134277344,251573
2026-07-09 14:15:00-04:00,314.7799987792969,314.9049987792969,314.6700134277344,314.7650146484375,209427
2026-07-09 14:20:00-04:00,314.760009765625,314.7699890136719,314.5199890136719,314.55999755859375,216016
2026-07-09 14:25:00-04:00,314.57501220703125,314.6499938964844,314.2349853515625,314.55999755859375,279493
2026-07-09 14:30:00-04:00,314.55999755859375,314.70001220703125,314.3800048828125,314.6099853515625,328810
2026-07-09 14:35:00-04:00,314.6099853515625,314.75,314.44000244140625,314.5400085449219,208504
2026-07-09 14:40:00-04:00,314.5400085449219,314.7799987792969,314.5400085449219,314.69000244140625,233733
2026-07-09 14:45:00-04:00,314.6700134277344,314.7799987792969,314.4901123046875,314.6300048828125,205418
2026-07-09 14:50:00-04:00,314.60009765625,314.6199951171875,314.3100891113281,314.3299865722656,193442
2026-07-09 14:55:00-04:00,314.34991455078125,314.5299987792969,314.25,314.44000244140625,220623
2026-07-09 15:00:00-04:00,314.44000244140625,314.8299865722656,314.4049987792969,314.80499267578125,192047
2026-07-09 15:05:00-04:00,314.79998779296875,314.8699951171875,314.6340026855469,314.80999755859375,186995
2026-07-09 15:10:00-04:00,314.80999755859375,315.1600036621094,314.80999755859375,315.1499938964844,264500
2026-07-09 15:15:00-04:00,315.1499938964844,315.4700012207031,315.1400146484375,315.3699951171875,327425
2026-07-09 15:20:00-04:00,315.3550109863281,315.510009765625,315.30999755859375,315.3999938964844,330355
2026-07-09 15:25:00-04:00,315.4200134277344,315.69000244140625,315.3900146484375,315.4100036621094,366429
2026-07-09 15:30:00-04:00,315.4200134277344,315.8500061035156,315.3900146484375,315.7200012207031,348837
2026-07-09 15:35:00-04:00,315.7300109863281,315.8500061035156,315.4599914550781,315.82501220703125,395379
2026-07-09 15:40:00-04:00,315.82501220703125,316.19000244140625,315.75,316.1394958496094,481029
2026-07-09 15:45:00-04:00,316.1297912597656,316.1300048828125,315.75,315.7550048828125,470714
2026-07-09 15:50:00-04:00,315.75,316.3500061035156,315.67999267578125,316.2300109863281,684175
2026-07-09 15:55:00-04:00,316.2099914550781,316.5299987792969,315.8999938964844,316.17999267578125,1775690
2026-07-10 09:30:00-04:00,314.7200012207031,315.5400085449219,313.2099914550781,315.4800109863281,1807268
2026-07-10 09:35:00-04:00,315.42999267578125,316.3900146484375,315.20001220703125,315.3299865722656,767813
2026-07-10 09:40:00-04:00,315.3299865722656,315.3599853515625,314.3299865722656,314.7349853515625,502773
2026-07-10 09:45:00-04:00,314.7550048828125,314.80999755859375,314.20001220703125,314.4100036621094,361842
2026-07-10 09:50:00-04:00,314.4150085449219,314.6300048828125,314.0199890136719,314.5,418944
2026-07-10 09:55:00-04:00,314.489990234375,315.17999267578125,314.2799987792969,314.3005065917969,435569
2026-07-10 10:00:00-04:00,314.29998779296875,314.760009765625,313.82000732421875,313.9200134277344,367272
2026-07-10 10:05:00-04:00,313.9100036621094,314.2300109863281,313.4150085449219,313.489990234375,334164
2026-07-10 10:10:00-04:00,313.8949890136719,313.9649963378906,313.5350036621094,313.7699890136719,326769
2026-07-10 10:15:00-04:00,313.75,313.95001220703125,313.2099914550781,313.6300048828125,365698
2026-07-10 10:20:00-04:00,313.6199951171875,313.8399963378906,313.19000244140625,313.3999938964844,283848
2026-07-10 10:25:00-04:00,313.3999938964844,313.4700012207031,312.93011474609375,313.1300048828125,374493
2026-07-10 10:30:00-04:00,313.1199951171875,313.3900146484375,312.2300109863281,312.760009765625,706040
2026-07-10 10:35:00-04:00,312.739990234375,312.9100036621094,312.1700134277344,312.75,542749
2026-07-10 10:40:00-04:00,312.7301025390625,313.010009765625,312.30999755859375,312.9649963378906,425924
2026-07-10 10:45:00-04:00,312.94000244140625,313.17999267578125,312.6499938964844,312.8200988769531,345739
2026-07-10 10:50:00-04:00,312.8500061035156,313.8500061035156,312.8299865722656,313.760009765625,376863
2026-07-10 10:55:00-04:00,313.739990234375,313.92999267578125,313.55999755859375,313.760009765625,210156
2026-07-10 11:00:00-04:00,313.7799987792969,313.95001220703125,313.2200012207031,313.2308044433594,279703
2026-07-10 11:05:00-04:00,313.2200012207031,313.6098937988281,313.0,313.5299987792969,271801
2026-07-10 11:10:00-04:00,313.55499267578125,314.1099853515625,313.3999938964844,313.8699951171875,327513
2026-07-10 11:15:00-04:00,313.885009765625,314.1000061035156,313.739990234375,313.8299865722656,224965
2026-07-10 11:20:00-04:00,313.80999755859375,313.81878662109375,313.44000244140625,313.6260070800781,262698
2026-07-10 11:25:00-04:00,313.6300048828125,313.81500244140625,313.32000732421875,313.3399963378906,196522
2026-07-10 11:30:00-04:00,313.3500061035156,313.69500732421875,313.260009765625,313.43499755859375,320933
2026-07-10 11:35:00-04:00,313.4200134277344,313.80999755859375,313.29998779296875,313.3399963378906,204153
2026-07-10 11:40:00-04:00,313.30999755859375,313.3599853515625,312.91009521484375,313.17999267578125,258790
2026-07-10 11:45:00-04:00,313.1700134277344,313.1700134277344,312.32000732421875,312.7401123046875,244742
2026-07-10 11:50:00-04:00,312.7550048828125,313.19000244140625,312.6199951171875,313.05999755859375,288285
2026-07-10 11:55:00-04:00,313.07000732421875,313.4700012207031,313.010009765625,313.2300109863281,177068
2026-07-10 12:00:00-04:00,313.25,313.5400085449219,313.2300109863281,313.364990234375,180892
2026-07-10 12:05:00-04:00,313.3800048828125,313.5400085449219,313.05999755859375,313.489990234375,150984
2026-07-10 12:10:00-04:00,313.489990234375,314.239990234375,313.4200134277344,314.19158935546875,278762
2026-07-10 12:15:00-04:00,314.2300109863281,314.5098876953125,314.1099853515625,314.2349853515625,201880
2026-07-10 12:20:00-04:00,314.2300109863281,314.4949951171875,314.05010986328125,314.4049987792969,128513
2026-07-10 12:25:00-04:00,314.4100036621094,314.5140075683594,314.2099914550781,314.3550109863281,153247
2026-07-10 12:30:00-04:00,314.3699951171875,314.44000244140625,314.1000061035156,314.1300048828125,182933
2026-07-10 12:35:00-04:00,314.1300048828125,314.2950134277344,313.94000244140625,314.2699890136719,138996
2026-07-10 12:40:00-04:00,314.25,314.6400146484375,314.17498779296875,314.4601135253906,179037
2026-07-10 12:45:00-04:00,314.4400939941406,314.6499938964844,314.3599853515625,314.44000244140625,120452
2026-07-10 12:50:00-04:00,314.44500732421875,314.7650146484375,314.44500732421875,314.7099914550781,150050
2026-07-10 12:55:00-04:00,314.7200012207031,314.7799987792969,314.6199951171875,314.70001220703125,133789
2026-07-10 13:00:00-04:00,314.7099914550781,314.739990234375,314.44000244140625,314.57000732421875,130667
2026-07-10 13:05:00-04:00,314.5849914550781,314.6499938964844,314.44000244140625,314.4700012207031,126290
2026-07-10 13:10:00-04:00,314.4750061035156,314.510009765625,314.14990234375,314.2799987792969,145684
2026-07-10 13:15:00-04:00,314.2749938964844,314.510009765625,314.2200012207031,314.4200134277344,129366
2026-07-10 13:20:00-04:00,314.44000244140625,314.510009765625,314.2349853515625,314.30999755859375,151678
2026-07-10 13:25:00-04:00,314.30999755859375,314.54400634765625,314.2300109863281,314.4599914550781,112626
2026-07-10 13:30:00-04:00,314.4700012207031,314.55999755859375,314.20001220703125,314.25,124995
2026-07-10 13:35:00-04:00,314.2900085449219,314.3299865722656,314.1099853515625,314.2898864746094,125134
2026-07-10 13:40:00-04:00,314.3500061035156,314.3599853515625,313.8999938964844,313.9100036621094,115932
2026-07-10 13:45:00-04:00,313.8902893066406,314.19000244140625,313.8902893066406,314.0799865722656,110765
2026-07-10 13:50:00-04:00,314.1099853515625,314.4100036621094,314.0201110839844,314.28680419921875,133124
2026-07-10 13:55:00-04:00,314.29998779296875,314.4800109863281,314.1300048828125,314.1300048828125,87767
2026-07-10 14:00:00-04:00,314.1700134277344,314.25,314.010009765625,314.19000244140625,121232
2026-07-10 14:05:00-04:00,314.19000244140625,314.3599853515625,314.0199890136719,314.1199951171875,167368
2026-07-10 14:10:00-04:00,314.0899963378906,314.3699951171875,314.07000732421875,314.1700134277344,126939
2026-07-10 14:15:00-04:00,314.1600036621094,314.4999084472656,314.1600036621094,314.4649963378906,132299
2026-07-10 14:20:00-04:00,314.4751892089844,314.5899963378906,314.3299865722656,314.5201110839844,129081
2026-07-10 14:25:00-04:00,314.55999755859375,314.8900146484375,314.5303039550781,314.840087890625,156113
2026-07-10 14:30:00-04:00,314.8599853515625,314.9800109863281,314.739990234375,314.80999755859375,173762
2026-07-10 14:35:00-04:00,314.79998779296875,314.95001220703125,314.78021240234375,314.9049987792969,114357
2026-07-10 14:40:00-04:00,314.9049987792969,314.9700012207031,314.82501220703125,314.9549865722656,119973
2026-07-10 14:45:00-04:00,314.9556884765625,315.33990478515625,314.9314880371094,315.1700134277344,1009964
2026-07-10 14:50:00-04:00,315.1700134277344,315.3500061035156,315.0199890136719,315.3387145996094,149955
2026-07-10 14:55:00-04:00,315.3450012207031,315.3999938964844,315.239990234375,315.2699890136719,196910
2026-07-10 15:00:00-04:00,315.2699890136719,315.6099853515625,315.2300109863281,315.5450134277344,219465
2026-07-10 15:05:00-04:00,315.5450134277344,315.69000244140625,315.3500061035156,315.67498779296875,214626
2026-07-10 15:10:00-04:00,315.67999267578125,316.1400146484375,315.6600036621094,316.0199890136719,413212
2026-07-10 15:15:00-04:00,316.0150146484375,316.3699951171875,315.92181396484375,316.2300109863281,329030
2026-07-10 15:20:00-04:00,316.2300109863281,316.4798889160156,316.1449890136719,316.3349914550781,325099
2026-07-10 15:25:00-04:00,316.32000732421875,316.4599914550781,316.1499938964844,316.1600036621094,310031
2026-07-10 15:30:00-04:00,316.1499938964844,316.6499938964844,316.04998779296875,316.6099853515625,513908
2026-07-10 15:35:00-04:00,316.6300048828125,316.8599853515625,316.5450134277344,316.57000732421875,477199
2026-07-10 15:40:00-04:00,316.57501220703125,316.9100036621094,316.5624084472656,316.6600036621094,536290
2026-07-10 15:45:00-04:00,316.6600036621094,316.7699890136719,316.32000732421875,316.4501037597656,366829
2026-07-10 15:50:00-04:00,316.5,316.6700134277344,315.9637145996094,316.1300048828125,539738
2026-07-10 15:55:00-04:00,316.1199951171875,316.17999267578125,314.7799987792969,315.32989501953125,1555658
2026-07-13 09:30:00-04:00,317.0150146484375,320.6499938964844,316.45001220703125,320.5199890136719,3372848
2026-07-13 09:35:00-04:00,320.8973083496094,322.44000244140625,320.6650085449219,321.6499938964844,1928976
2026-07-13 09:40:00-04:00,321.625,322.4999084472656,321.0299987792969,322.42999267578125,999539
2026-07-13 09:45:00-04:00,322.42999267578125,322.9700012207031,321.7699890136719,322.9054870605469,984337
2026-07-13 09:50:00-04:00,322.92498779296875,323.45001220703125,321.2799987792969,321.5150146484375,1133927
2026-07-13 09:55:00-04:00,321.5,321.5790100097656,320.510009765625,321.2149963378906,647298
2026-07-13 10:00:00-04:00,321.2200012207031,321.79998779296875,320.739990234375,321.489990234375,704544
2026-07-13 10:05:00-04:00,321.4649963378906,321.54998779296875,320.75,321.1919860839844,376894
2026-07-13 10:10:00-04:00,321.20001220703125,321.5,320.6300048828125,321.19000244140625,445875
2026-07-13 10:15:00-04:00,321.1700134277344,321.45989990234375,319.3299865722656,320.0,857068
2026-07-13 10:20:00-04:00,319.9800109863281,320.55999755859375,319.5574951171875,320.4800109863281,403263
2026-07-13 10:25:00-04:00,320.4800109863281,320.5899963378906,319.8399963378906,320.19000244140625,301905
2026-07-13 10:30:00-04:00,320.2099914550781,320.2950134277344,319.5201110839844,319.6300048828125,333859
2026-07-13 10:35:00-04:00,319.6300048828125,319.75,318.630615234375,318.9200134277344,428763
2026-07-13 10:40:00-04:00,318.9200134277344,319.1000061035156,318.6300048828125,318.7699890136719,267755
2026-07-13 10:45:00-04:00,318.777587890625,319.55999755859375,318.70001220703125,319.3490905761719,354065
2026-07-13 10:50:00-04:00,319.3500061035156,319.44000244140625,318.5799865722656,318.7099914550781,321202
2026-07-13 10:55:00-04:00,318.7101135253906,319.1000061035156,318.3699951171875,319.07000732421875,449738
2026-07-13 11:00:00-04:00,319.1400146484375,319.2200012207031,318.7200012207031,318.7699890136719,308732
2026-07-13 11:05:00-04:00,318.7500915527344,318.94879150390625,318.1499938964844,318.239990234375,301880
2026-07-13 11:10:00-04:00,318.2200012207031,318.4849853515625,317.8900146484375,317.9200134277344,266774
2026-07-13 11:15:00-04:00,317.9200134277344,318.1600036621094,317.5899963378906,317.8262023925781,242274
2026-07-13 11:20:00-04:00,317.8299865722656,318.0,317.6600036621094,317.69000244140625,249922
2026-07-13 11:25:00-04:00,317.6700134277344,317.7200012207031,316.8500061035156,317.2200012207031,469233
2026-07-13 11:30:00-04:00,317.2200012207031,317.2300109863281,316.489990234375,316.55999755859375,347095
2026-07-13 11:35:00-04:00,316.56439208984375,316.8599853515625,316.0899963378906,316.57769775390625,428433
2026-07-13 11:40:00-04:00,316.54998779296875,316.79998779296875,316.29998779296875,316.44000244140625,256646
2026-07-13 11:45:00-04:00,316.4410095214844,317.1099853515625,316.4200134277344,316.8699951171875,342821
2026-07-13 11:50:00-04:00,316.8500061035156,317.12249755859375,316.6145935058594,317.0799865722656,281457
2026-07-13 11:55:00-04:00,317.0899963378906,317.25,316.75,317.1199951171875,295550
2026-07-13 12:00:00-04:00,317.1000061035156,317.4999084472656,316.79998779296875,317.260009765625,354457
2026-07-13 12:05:00-04:00,317.2300109863281,317.8999938964844,317.2099914550781,317.7998962402344,402485
2026-07-13 12:10:00-04:00,317.7850036621094,317.8299865722656,317.3900146484375,317.6650085449219,260403
2026-07-13 12:15:00-04:00,317.6600036621094,317.7099914550781,317.0199890136719,317.3349914550781,265834
2026-07-13 12:20:00-04:00,317.30999755859375,317.46990966796875,317.1499938964844,317.2300109863281,204700
2026-07-13 12:25:00-04:00,317.2200012207031,317.552490234375,316.8599853515625,317.3699951171875,288870
2026-07-13 12:30:00-04:00,317.3399963378906,317.44000244140625,316.9320068359375,317.16009521484375,200767
2026-07-13 12:35:00-04:00,317.1650085449219,317.20001220703125,316.3599853515625,316.5,413461
2026-07-13 12:40:00-04:00,316.4800109863281,316.8999938964844,315.92999267578125,316.4800109863281,414931
2026-07-13 12:45:00-04:00,316.5150146484375,316.82000732421875,316.4230041503906,316.739990234375,171842
2026-07-13 12:50:00-04:00,316.7699890136719,316.79998779296875,316.17999267578125,316.2898864746094,166175
2026-07-13 12:55:00-04:00,316.2900085449219,316.6700134277344,316.20001220703125,316.6000061035156,182319
2026-07-13 13:00:00-04:00,316.6650085449219,316.6650085449219,316.1099853515625,316.1300048828125,164053
2026-07-13 13:05:00-04:00,316.1300048828125,316.7300109863281,316.1199951171875,316.41668701171875,164797
2026-07-13 13:10:00-04:00,316.4049987792969,316.6700134277344,316.0199890136719,316.1000061035156,203576
2026-07-13 13:15:00-04:00,316.0950012207031,316.26251220703125,315.7799987792969,316.1199951171875,217197
2026-07-13 13:20:00-04:00,316.125,316.489990234375,316.0101013183594,316.18499755859375,472715
2026-07-13 13:25:00-04:00,316.20001220703125,316.5799865722656,316.07501220703125,316.4700012207031,843431
2026-07-13 13:30:00-04:00,316.489990234375,316.6700134277344,316.3599853515625,316.44000244140625,237381
2026-07-13 13:35:00-04:00,316.44000244140625,316.44000244140625,316.1199951171875,316.30499267578125,233621
2026-07-13 13:40:00-04:00,316.2799987792969,316.5799865722656,316.19500732421875,316.3999938964844,176004
2026-07-13 13:45:00-04:00,316.3949890136719,316.4800109863281,316.2099914550781,316.4700012207031,165124
2026-07-13 13:50:00-04:00,316.4599914550781,316.75,316.2843017578125,316.4049987792969,228549
2026-07-13 13:55:00-04:00,316.4200134277344,316.5,316.0299987792969,316.1549987792969,158850
2026-07-13 14:00:00-04:00,316.1700134277344,316.5299987792969,316.05999755859375,316.42498779296875,189313
2026-07-13 14:05:00-04:00,316.4100036621094,316.5400085449219,316.1700134277344,316.25,167916
2026-07-13 14:10:00-04:00,316.260009765625,316.44000244140625,315.8999938964844,316.3299865722656,229024
2026-07-13 14:15:00-04:00,316.31500244140625,316.4599914550781,316.1499938964844,316.239990234375,115519
2026-07-13 14:20:00-04:00,316.2550048828125,316.385009765625,316.1600036621094,316.343994140625,147492
2026-07-13 14:25:00-04:00,316.3399963378906,316.8450012207031,316.32000732421875,316.84051513671875,308247
2026-07-13 14:30:00-04:00,316.8599853515625,317.0299987792969,316.6400146484375,316.8800048828125,215926
2026-07-13 14:35:00-04:00,316.8804931640625,317.04998779296875,316.79998779296875,316.9150085449219,222082
2026-07-13 14:40:00-04:00,316.92999267578125,317.1000061035156,316.75,316.94000244140625,176700
2026-07-13 14:45:00-04:00,316.9599914550781,317.1976013183594,316.92999267578125,317.0400085449219,202489
2026-07-13 14:50:00-04:00,317.04998779296875,317.3299865722656,316.9501037597656,317.2200012207031,215624
2026-07-13 14:55:00-04:00,317.2099914550781,317.4800109863281,316.9700012207031,317.1600036621094,1272175
2026-07-13 15:00:00-04:00,317.17999267578125,317.5199890136719,316.989990234375,317.1499938964844,233804
2026-07-13 15:05:00-04:00,317.135009765625,317.3800048828125,316.8399963378906,317.1050109863281,324693
2026-07-13 15:10:00-04:00,317.1050109863281,317.1300048828125,316.1700134277344,316.2900085449219,393729
2026-07-13 15:15:00-04:00,316.2699890136719,317.1300048828125,316.239990234375,316.7749938964844,278256
2026-07-13 15:20:00-04:00,316.75,317.125,316.7200012207031,316.9800109863281,296123
2026-07-13 15:25:00-04:00,316.95001220703125,317.0199890136719,316.2300109863281,316.3299865722656,296902
2026-07-13 15:30:00-04:00,316.32501220703125,316.4599914550781,316.04998779296875,316.4100036621094,307887
2026-07-13 15:35:00-04:00,316.4200134277344,316.79998779296875,316.32000732421875,316.5849914550781,325519
2026-07-13 15:40:00-04:00,316.57000732421875,316.9100036621094,316.5,316.8500061035156,321895
2026-07-13 15:45:00-04:00,316.8399963378906,317.4049987792969,316.8399963378906,317.2699890136719,523580
2026-07-13 15:50:00-04:00,317.2799987792969,317.5899963378906,316.7099914550781,316.989990234375,853720
2026-07-13 15:55:00-04:00,316.9700012207031,317.739990234375,316.9700012207031,317.4200134277344,1693081
2026-07-14 09:30:00-04:00,313.6400146484375,314.1300048828125,311.9100036621094,313.30999755859375,2285873
2026-07-14 09:35:00-04:00,313.389892578125,315.68499755859375,312.70001220703125,314.8500061035156,711919
2026-07-14 09:40:00-04:00,314.814208984375,314.8699951171875,313.8900146484375,314.79998779296875,463347
2026-07-14 09:45:00-04:00,314.7799987792969,315.6000061035156,313.3550109863281,313.6000061035156,509831
2026-07-14 09:50:00-04:00,313.5899963378906,314.45001220703125,313.0299987792969,314.2799987792969,444111
2026-07-14 09:55:00-04:00,314.2554016113281,314.8900146484375,314.2200012207031,314.489990234375,276187
2026-07-14 10:00:00-04:00,314.4700012207031,314.5199890136719,313.0700988769531,313.9200134277344,392913
2026-07-14 10:05:00-04:00,313.94000244140625,314.29998779296875,313.510009765625,314.1400146484375,778432
2026-07-14 10:10:00-04:00,314.1099853515625,314.29998779296875,313.8200988769531,314.260009765625,222524
2026-07-14 10:15:00-04:00,314.260009765625,314.2900085449219,313.364990234375,313.989990234375,304573
2026-07-14 10:20:00-04:00,313.9700012207031,314.6000061035156,313.9100036621094,314.17999267578125,296463
2026-07-14 10:25:00-04:00,314.2099914550781,315.1499938964844,314.1650085449219,314.9419860839844,267841
2026-07-14 10:30:00-04:00,314.95001220703125,316.19000244140625,314.7099914550781,315.2799987792969,367932
2026-07-14 10:35:00-04:00,315.2650146484375,316.04998779296875,315.2200012207031,315.864990234375,1666925
2026-07-14 10:40:00-04:00,315.864990234375,316.1499938964844,315.3500061035156,315.4849853515625,301440
2026-07-14 10:45:00-04:00,315.4700012207031,315.5199890136719,314.3472900390625,314.489990234375,286742
2026-07-14 10:50:00-04:00,314.45001220703125,314.55999755859375,314.0400085449219,314.54998779296875,234623
2026-07-14 10:55:00-04:00,314.510009765625,315.20001220703125,314.0205078125,314.9501037597656,320925
2026-07-14 11:00:00-04:00,315.0,315.8500061035156,314.7900085449219,315.5400085449219,314683
2026-07-14 11:05:00-04:00,315.5299987792969,316.04998779296875,315.4100036621094,315.8599853515625,215874
2026-07-14 11:10:00-04:00,315.8699951171875,315.9849853515625,315.4859924316406,315.6600036621094,199091
2026-07-14 11:15:00-04:00,315.6600036621094,315.7178955078125,315.2699890136719,315.67999267578125,204423
2026-07-14 11:20:00-04:00,315.6449890136719,315.84991455078125,315.0899963378906,315.27099609375,249422
2026-07-14 11:25:00-04:00,315.2900085449219,315.39910888671875,314.260009765625,314.29998779296875,248916
2026-07-14 11:30:00-04:00,314.32000732421875,314.5799865722656,314.1300048828125,314.239990234375,284054
2026-07-14 11:35:00-04:00,314.2300109863281,314.7699890136719,314.0799865722656,314.7699890136719,313181
2026-07-14 11:40:00-04:00,314.760009765625,314.8699951171875,313.79998779296875,314.45001220703125,284433
2026-07-14 11:45:00-04:00,314.44000244140625,314.510009765625,313.80029296875,313.8699951171875,224718
2026-07-14 11:50:00-04:00,313.92999267578125,314.06500244140625,313.6199951171875,313.6579895019531,309715
2026-07-14 11:55:00-04:00,313.6400146484375,313.6698913574219,313.20001220703125,313.260009765625,309661
2026-07-14 12:00:00-04:00,313.2850036621094,313.3399963378906,312.8699951171875,313.2300109863281,374468
2026-07-14 12:05:00-04:00,313.2099914550781,314.239990234375,313.1499938964844,314.1199951171875,224470
2026-07-14 12:10:00-04:00,314.1700134277344,314.19500732421875,313.8705139160156,314.06500244140625,193919
2026-07-14 12:15:00-04:00,314.06500244140625,314.0799865722656,313.3500061035156,313.3800048828125,186510
2026-07-14 12:20:00-04:00,313.3599853515625,313.3999938964844,313.0,313.1199951171875,258523
2026-07-14 12:25:00-04:00,313.1600036621094,313.4800109863281,312.8699951171875,313.2699890136719,205015
2026-07-14 12:30:00-04:00,313.260009765625,313.55999755859375,313.1099853515625,313.2699890136719,234361
2026-07-14 12:35:00-04:00,313.2699890136719,313.6099853515625,313.2550048828125,313.45001220703125,184008
2026-07-14 12:40:00-04:00,313.4800109863281,313.8699951171875,313.36029052734375,313.4700012207031,220508
2026-07-14 12:45:00-04:00,313.4800109863281,313.6899108886719,313.3999938964844,313.6400146484375,205073
2026-07-14 12:50:00-04:00,313.6199951171875,313.8880920410156,313.6199951171875,313.86199951171875,272804
2026-07-14 12:55:00-04:00,313.8599853515625,314.2200012207031,313.5249938964844,314.1199951171875,212275
2026-07-14 13:00:00-04:00,314.1199951171875,314.2300109863281,313.8999938964844,313.9849853515625,245190
2026-07-14 13:05:00-04:00,313.9700012207031,314.70001220703125,313.95001220703125,314.69439697265625,309288
2026-07-14 13:10:00-04:00,314.7099914550781,314.9700012207031,314.4200134277344,314.42999267578125,235103
2026-07-14 13:15:00-04:00,314.44000244140625,314.94000244140625,314.25,314.9100036621094,210605
2026-07-14 13:20:00-04:00,314.9100036621094,314.95001220703125,314.4599914550781,314.69000244140625,156147
2026-07-14 13:25:00-04:00,314.7300109863281,314.92999267578125,314.7099914550781,314.8699951171875,161173
2026-07-14 13:30:00-04:00,314.8900146484375,314.9800109863281,314.5899963378906,314.7799987792969,164792
2026-07-14 13:35:00-04:00,314.7699890136719,314.95001220703125,314.7200012207031,314.92999267578125,147775
2026-07-14 13:40:00-04:00,314.93499755859375,315.0199890136719,314.6600036621094,314.7749938964844,176613
2026-07-14 13:45:00-04:00,314.7749938964844,314.8900146484375,314.6199951171875,314.8900146484375,155251
2026-07-14 13:50:00-04:00,314.889892578125,315.0,314.75299072265625,314.94000244140625,160907
2026-07-14 13:55:00-04:00,314.95001220703125,315.2349853515625,314.91009521484375,315.17999267578125,170683
2026-07-14 14:00:00-04:00,315.20001220703125,315.2799072265625,315.0400085449219,315.260009765625,164847
2026-07-14 14:05:00-04:00,315.2699890136719,315.3900146484375,315.04998779296875,315.27099609375,150358
2026-07-14 14:10:00-04:00,315.2749938964844,315.30999755859375,315.1300048828125,315.2550048828125,129310
2026-07-14 14:15:00-04:00,315.260009765625,315.2699890136719,314.9200134277344,314.9700012207031,159753
2026-07-14 14:20:00-04:00,314.9700012207031,315.19000244140625,314.8599853515625,315.0299987792969,159528
2026-07-14 14:25:00-04:00,315.05999755859375,315.239990234375,314.8800048828125,315.2200012207031,189301
2026-07-14 14:30:00-04:00,315.2200012207031,315.44000244140625,315.0899963378906,315.3349914550781,160350
2026-07-14 14:35:00-04:00,315.32000732421875,315.42498779296875,315.0799865722656,315.4100036621094,178452
2026-07-14 14:40:00-04:00,315.4198913574219,315.44000244140625,314.82000732421875,315.18499755859375,203916
2026-07-14 14:45:00-04:00,315.18499755859375,315.2300109863281,315.0400085449219,315.2149963378906,168302
2026-07-14 14:50:00-04:00,315.19000244140625,315.375,315.0400085449219,315.2850036621094,162237
2026-07-14 14:55:00-04:00,315.29998779296875,315.6000061035156,315.2099914550781,315.4800109863281,189147
2026-07-14 15:00:00-04:00,315.4849853515625,315.55999755859375,315.1300048828125,315.5,197591
2026-07-14 15:05:00-04:00,315.4984130859375,315.8699951171875,315.44500732421875,315.75,223230
2026-07-14 15:10:00-04:00,315.760009765625,315.7650146484375,315.29998779296875,315.4100036621094,226469
2026-07-14 15:15:00-04:00,315.4198913574219,315.5400085449219,315.32000732421875,315.4201965332031,145727
2026-07-14 15:20:00-04:00,315.42999267578125,315.7099914550781,315.3500061035156,315.7099914550781,164344
2026-07-14 15:25:00-04:00,315.7099914550781,315.8500061035156,315.6499938964844,315.7049865722656,205074
2026-07-14 15:30:00-04:00,315.7049865722656,315.760009765625,315.2250061035156,315.3500061035156,330665
2026-07-14 15:35:00-04:00,315.3599853515625,315.5950012207031,315.32000732421875,315.43499755859375,265111
2026-07-14 15:40:00-04:00,315.4200134277344,315.489990234375,315.1499938964844,315.34979248046875,254001
2026-07-14 15:45:00-04:00,315.3399963378906,315.4549865722656,315.1700134277344,315.3399963378906,296245
2026-07-14 15:50:00-04:00,315.3399963378906,315.70001220703125,314.6499938964844,314.67999267578125,592908
2026-07-14 15:55:00-04:00,314.6700134277344,315.19000244140625,314.5899963378906,314.9200134277344,1277965
2026-07-15 09:30:00-04:00,317.625,319.1296081542969,317.32000732421875,318.8699951171875,1808779
2026-07-15 09:35:00-04:00,318.8900146484375,319.7900085449219,318.5400085449219,318.8900146484375,662462
2026-07-15 09:40:00-04:00,318.9195861816406,321.19500732421875,318.8800048828125,321.1700134277344,983275
2026-07-15 09:45:00-04:00,321.1700134277344,321.8179931640625,319.9200134277344,320.7950134277344,1463585
2026-07-15 09:50:00-04:00,320.7799987792969,321.2668151855469,320.0799865722656,321.2449951171875,1113971
2026-07-15 09:55:00-04:00,321.2325134277344,321.7690124511719,320.32000732421875,320.7650146484375,668041
2026-07-15 10:00:00-04:00,320.7900085449219,323.4100036621094,320.75,323.260009765625,1222108
2026-07-15 10:05:00-04:00,323.25,323.7099914550781,322.760009765625,323.6499938964844,1192494
2026-07-15 10:10:00-04:00,323.6700134277344,324.9800109863281,323.6499938964844,324.7862854003906,1217263
2026-07-15 10:15:00-04:00,324.7799987792969,325.67999267578125,324.6199951171875,325.4100036621094,1614162
2026-07-15 10:20:00-04:00,325.40509033203125,325.6099853515625,324.25,324.6300048828125,978220
2026-07-15 10:25:00-04:00,324.69000244140625,325.4100036621094,324.45001220703125,324.7099914550781,626974
2026-07-15 10:30:00-04:00,324.7099914550781,325.0849914550781,324.3299865722656,324.4800109863281,726294
2026-07-15 10:35:00-04:00,324.4750061035156,324.7900085449219,323.5400085449219,324.010009765625,529146
2026-07-15 10:40:00-04:00,324.0199890136719,324.54998779296875,323.8900146484375,324.1600036621094,989908
2026-07-15 10:45:00-04:00,324.20001220703125,325.0893859863281,323.9599914550781,325.05999755859375,687429
2026-07-15 10:50:00-04:00,325.05999755859375,325.3999938964844,323.7900085449219,324.0603942871094,532398
2026-07-15 10:55:00-04:00,324.04998779296875,324.57000732421875,323.681396484375,323.9100036621094,361194
2026-07-15 11:00:00-04:00,323.9150085449219,324.20001220703125,323.5400085449219,323.79998779296875,349400
2026-07-15 11:05:00-04:00,323.82000732421875,324.32000732421875,323.54998779296875,324.07000732421875,311200
2026-07-15 11:10:00-04:00,324.07000732421875,324.3699951171875,323.7300109863281,324.2300109863281,420405
2026-07-15 11:15:00-04:00,324.2449951171875,324.54998779296875,324.0199890136719,324.4949951171875,298223
2026-07-15 11:20:00-04:00,324.4700012207031,325.1000061035156,324.1499938964844,325.05999755859375,405644
2026-07-15 11:25:00-04:00,325.0199890136719,325.67999267578125,324.8788146972656,325.6199951171875,666773
2026-07-15 11:30:00-04:00,325.6099853515625,326.3699951171875,325.1600036621094,326.0400085449219,640282
2026-07-15 11:35:00-04:00,326.04998779296875,327.1000061035156,325.8399963378906,326.8399963378906,798464
2026-07-15 11:40:00-04:00,326.8299865722656,327.0799865722656,326.45001220703125,326.57000732421875,568183
2026-07-15 11:45:00-04:00,326.5751037597656,327.0199890136719,326.510009765625,326.6400146484375,481880
2026-07-15 11:50:00-04:00,326.6600036621094,326.6600036621094,325.2149963378906,325.360107421875,546714
2026-07-15 11:55:00-04:00,325.3663024902344,326.4599914550781,325.3663024902344,326.2799987792969,354926
2026-07-15 12:00:00-04:00,326.2900085449219,326.8800048828125,326.2549133300781,326.7699890136719,440397
2026-07-15 12:05:00-04:00,326.7799987792969,326.9798889160156,326.5050048828125,326.9700012207031,416496
2026-07-15 12:10:00-04:00,326.9800109863281,327.3599853515625,326.70001220703125,327.1700134277344,621876
2026-07-15 12:15:00-04:00,327.17498779296875,327.70001220703125,327.0869140625,327.2200012207031,811983
2026-07-15 12:20:00-04:00,327.2099914550781,327.989990234375,327.1099853515625,327.9800109863281,667295
2026-07-15 12:25:00-04:00,327.9800109863281,328.5299987792969,327.95001220703125,328.1700134277344,967228
2026-07-15 12:30:00-04:00,328.1600036621094,328.5,328.1400146484375,328.2200012207031,744937
2026-07-15 12:35:00-04:00,328.2200012207031,328.2699890136719,327.6499938964844,327.885009765625,689066
2026-07-15 12:40:00-04:00,327.8999938964844,328.32000732421875,327.30999755859375,328.20001220703125,672484
2026-07-15 12:45:00-04:00,328.17999267578125,328.3399963378906,327.6000061035156,327.92999267578125,502546
2026-07-15 12:50:00-04:00,327.9219970703125,328.0400085449219,327.3599853515625,327.97698974609375,465022
2026-07-15 12:55:00-04:00,327.9800109863281,328.2699890136719,327.79998779296875,327.9599914550781,413471
2026-07-15 13:00:00-04:00,327.9700012207031,328.05999755859375,327.30499267578125,327.989990234375,490986
2026-07-15 13:05:00-04:00,328.0,328.0498962402344,326.760009765625,326.760009765625,423254
2026-07-15 13:10:00-04:00,326.7799987792969,327.04998779296875,326.4599914550781,326.6400146484375,370805
2026-07-15 13:15:00-04:00,326.6000061035156,326.9800109863281,325.9700012207031,326.3500061035156,471369
2026-07-15 13:20:00-04:00,326.3699951171875,326.8951110839844,326.3299865722656,326.75250244140625,327615
2026-07-15 13:25:00-04:00,326.7550048828125,327.2099914550781,326.6300048828125,326.989990234375,395747
2026-07-15 13:30:00-04:00,327.0,327.25,326.6499938964844,327.1050109863281,390585
2026-07-15 13:35:00-04:00,327.1000061035156,327.8900146484375,327.07000732421875,327.8399963378906,400505
2026-07-15 13:40:00-04:00,327.8299865722656,328.0,327.20001220703125,327.2275085449219,345392
2026-07-15 13:45:00-04:00,327.2250061035156,327.6000061035156,327.2099914550781,327.55999755859375,298567
2026-07-15 13:50:00-04:00,327.56500244140625,327.6698913574219,327.19000244140625,327.6099853515625,291991
2026-07-15 13:55:00-04:00,327.6050109863281,327.7099914550781,327.3800048828125,327.5851135253906,435855
2026-07-15 14:00:00-04:00,327.5899963378906,327.6400146484375,327.30499267578125,327.4750061035156,271075
2026-07-15 14:05:00-04:00,327.4599914550781,327.6700134277344,327.1600036621094,327.32000732421875,278615
2026-07-15 14:10:00-04:00,327.30999755859375,327.6684875488281,327.2900085449219,327.6099853515625,301755
2026-07-15 14:15:00-04:00,327.6000061035156,327.7349853515625,327.2099914550781,327.3699951171875,330134
2026-07-15 14:20:00-04:00,327.3599853515625,327.55999755859375,327.2799987792969,327.43011474609375,239149
2026-07-15 14:25:00-04:00,327.44000244140625,327.8599853515625,327.3299865722656,327.7900085449219,312724
2026-07-15 14:30:00-04:00,327.7799987792969,327.8299865722656,327.489990234375,327.6499938964844,279560
2026-07-15 14:35:00-04:00,327.6400146484375,327.7898864746094,327.6000061035156,327.6700134277344,219977
2026-07-15 14:40:00-04:00,327.67498779296875,327.8500061035156,327.4700012207031,327.6549987792969,218326
2026-07-15 14:45:00-04:00,327.6400146484375,327.70001220703125,327.0799865722656,327.1449890136719,340478
2026-07-15 14:50:00-04:00,327.1449890136719,327.3800048828125,327.0899963378906,327.2049865722656,253313
2026-07-15 14:55:00-04:00,327.20001220703125,327.614990234375,327.1499938964844,327.5249938964844,396821
2026-07-15 15:00:00-04:00,327.5400085449219,328.7200012207031,327.4599914550781,328.5899963378906,689332
2026-07-15 15:05:00-04:00,328.57000732421875,328.69989013671875,328.17999267578125,328.17999267578125,524344
2026-07-15 15:10:00-04:00,328.17999267578125,328.29998779296875,327.69500732421875,327.8399963378906,356845
2026-07-15 15:15:00-04:00,327.80999755859375,327.9100036621094,327.4200134277344,327.7650146484375,292858
2026-07-15 15:20:00-04:00,327.7699890136719,327.9898986816406,327.44000244140625,327.5050048828125,356522
2026-07-15 15:25:00-04:00,327.510009765625,327.5400085449219,326.8599853515625,327.05999755859375,617941
2026-07-15 15:30:00-04:00,327.0400085449219,327.07000732421875,326.4200134277344,326.42999267578125,1968854
2026-07-15 15:35:00-04:00,326.4200134277344,326.54998779296875,326.1000061035156,326.3699951171875,445310
2026-07-15 15:40:00-04:00,326.3659973144531,326.5350036621094,325.8599853515625,325.8699951171875,488720
2026-07-15 15:45:00-04:00,325.8900146484375,326.42999267578125,325.7200012207031,326.2200012207031,802708
2026-07-15 15:50:00-04:00,326.239990234375,327.6000061035156,326.2349853515625,327.44500732421875,1163088
2026-07-15 15:55:00-04:00,327.44500732421875,328.3500061035156,327.25,327.57000732421875,3149442
2026-07-16 09:30:00-04:00,328.0050048828125,328.9800109863281,326.7900085449219,327.125,2884079
2026-07-16 09:35:00-04:00,327.1400146484375,328.1000061035156,327.010009765625,327.6899108886719,876927
2026-07-16 09:40:00-04:00,327.6449890136719,328.3500061035156,327.2300109863281,327.8550109863281,925527
2026-07-16 09:45:00-04:00,327.885009765625,329.67999267578125,327.7900085449219,328.9750061035156,1136081
2026-07-16 09:50:00-04:00,328.9750061035156,330.30999755859375,328.75,329.85540771484375,1701413
2026-07-16 09:55:00-04:00,329.8599853515625,331.1499938964844,329.7699890136719,331.1499938964844,1098532
2026-07-16 10:00:00-04:00,331.07501220703125,331.4100036621094,329.6716003417969,330.0409851074219,1031589
2026-07-16 10:05:00-04:00,330.04998779296875,330.3999938964844,327.8900146484375,328.2424011230469,1023377
2026-07-16 10:10:00-04:00,328.2699890136719,328.7699890136719,327.8999938964844,328.752197265625,606684
2026-07-16 10:15:00-04:00,328.67010498046875,329.4100036621094,328.3399963378906,329.1400146484375,459039
2026-07-16 10:20:00-04:00,329.1700134277344,330.2799987792969,329.0899963378906,330.239990234375,561728
2026-07-16 10:25:00-04:00,330.2300109863281,330.6099853515625,329.9800109863281,330.3699951171875,497992
2026-07-16 10:30:00-04:00,330.3399963378906,331.0299987792969,330.2799987792969,330.6400146484375,591698
2026-07-16 10:35:00-04:00,330.625,331.0,330.4801025390625,330.75,401010
2026-07-16 10:40:00-04:00,330.739990234375,331.1499938964844,330.19000244140625,330.7049865722656,578906
2026-07-16 10:45:00-04:00,330.69000244140625,330.8900146484375,330.2200012207031,330.3800048828125,341791
2026-07-16 10:50:00-04:00,330.3500061035156,330.5199890136719,329.7749938964844,330.239990234375,488343
2026-07-16 10:55:00-04:00,330.2099914550781,330.4700012207031,330.0,330.20001220703125,290125
2026-07-16 11:00:00-04:00,330.17999267578125,330.5799865722656,330.0199890136719,330.1300048828125,248510
2026-07-16 11:05:00-04:00,330.125,330.30999755859375,329.3500061035156,329.94500732421875,485776
2026-07-16 11:10:00-04:00,329.94500732421875,330.614990234375,329.9100036621094,330.4700012207031,346482
2026-07-16 11:15:00-04:00,330.4649963378906,330.57989501953125,330.1380920410156,330.42999267578125,390193
2026-07-16 11:20:00-04:00,330.44500732421875,330.6400146484375,329.82049560546875,330.4800109863281,761510
2026-07-16 11:25:00-04:00,330.4849853515625,330.92498779296875,330.45001220703125,330.6300048828125,363212
2026-07-16 11:30:00-04:00,330.65008544921875,330.82501220703125,330.4800109863281,330.79998779296875,291235
2026-07-16 11:35:00-04:00,330.80499267578125,331.3800048828125,330.55999755859375,331.3699951171875,387673
2026-07-16 11:40:00-04:00,331.3699951171875,331.6499938964844,331.04998779296875,331.2892150878906,397736
2026-07-16 11:45:00-04:00,331.30499267578125,331.8299865722656,331.2300109863281,331.5,390440
2026-07-16 11:50:00-04:00,331.489990234375,332.2799987792969,331.4800109863281,332.2398986816406,532707
2026-07-16 11:55:00-04:00,332.2200012207031,332.2398986816406,331.60009765625,331.8500061035156,329135
2026-07-16 12:00:00-04:00,331.8550109863281,331.95001220703125,331.2300109863281,331.6300048828125,479891
2026-07-16 12:05:00-04:00,331.6400146484375,331.94500732421875,331.2478942871094,331.3399963378906,482375
2026-07-16 12:10:00-04:00,331.3500061035156,331.42999267578125,330.6000061035156,330.69000244140625,398450
2026-07-16 12:15:00-04:00,330.6499938964844,331.4599914550781,330.4700012207031,331.1000061035156,385482
2026-07-16 12:20:00-04:00,331.0899963378906,331.3800048828125,330.8528137207031,331.1600036621094,275077
2026-07-16 12:25:00-04:00,331.17498779296875,331.3800048828125,327.5,331.1400146484375,256670
2026-07-16 12:30:00-04:00,331.1899108886719,331.3999938964844,331.07000732421875,331.17999267578125,269177
2026-07-16 12:35:00-04:00,331.1600036621094,331.17999267578125,330.1300048828125,330.260009765625,359290
2026-07-16 12:40:00-04:00,330.2799987792969,330.44000244140625,329.8599853515625,330.43798828125,362211
2026-07-16 12:45:00-04:00,330.4200134277344,331.3450012207031,330.3299865722656,331.3450012207031,1465878
2026-07-16 12:50:00-04:00,331.3500061035156,331.989990234375,331.3299865722656,331.8800048828125,428014
2026-07-16 12:55:00-04:00,331.8800048828125,332.0799865722656,331.6507873535156,332.0799865722656,446743
2026-07-16 13:00:00-04:00,332.05499267578125,332.3699951171875,331.8299865722656,332.32000732421875,587203
2026-07-16 13:05:00-04:00,332.32989501953125,332.3699035644531,332.0000915527344,332.0799865722656,247159
2026-07-16 13:10:00-04:00,332.05859375,332.0899963378906,331.7200012207031,331.7749938964844,235747
2026-07-16 13:15:00-04:00,331.7799987792969,332.4100036621094,331.7200012207031,332.3999938964844,289869
2026-07-16 13:20:00-04:00,332.3667907714844,332.70001220703125,332.1700134277344,332.44000244140625,530135
2026-07-16 13:25:00-04:00,332.42999267578125,332.9700012207031,332.3500061035156,332.8999938964844,468070
2026-07-16 13:30:00-04:00,332.898193359375,333.29998779296875,332.56500244140625,333.2250061035156,532412
2026-07-16 13:35:00-04:00,333.2300109863281,333.54998779296875,332.9549865722656,332.9800109863281,582692
2026-07-16 13:40:00-04:00,332.9750061035156,333.0400085449219,332.2900085449219,332.3500061035156,473642
2026-07-16 13:45:00-04:00,332.3599853515625,332.510009765625,331.9100036621094,332.0799865722656,411567
2026-07-16 13:50:00-04:00,332.0799865722656,332.260009765625,331.7699890136719,331.82000732421875,820726
2026-07-16 13:55:00-04:00,331.82000732421875,331.8500061035156,330.7850036621094,331.635009765625,624863
2026-07-16 14:00:00-04:00,331.6600036621094,331.739990234375,331.1099853515625,331.3599853515625,364894
2026-07-16 14:05:00-04:00,331.3599853515625,331.82000732421875,331.1700134277344,331.3800048828125,407680
2026-07-16 14:10:00-04:00,331.3999938964844,331.69000244140625,329.55999755859375,329.639892578125,687332
2026-07-16 14:15:00-04:00,329.6400146484375,331.1400146484375,329.3399963378906,330.3351135253906,872690
2026-07-16 14:20:00-04:00,330.3500061035156,331.20001220703125,330.32501220703125,330.8406066894531,463649
2026-07-16 14:25:00-04:00,330.88519287109375,332.0,330.7200012207031,331.260009765625,556665
2026-07-16 14:30:00-04:00,331.239990234375,331.3399963378906,330.9100036621094,331.2900085449219,376541
2026-07-16 14:35:00-04:00,331.2914123535156,331.8999938964844,331.1700134277344,331.80999755859375,360064
2026-07-16 14:40:00-04:00,331.8349914550781,332.0899963378906,331.54998779296875,331.9599914550781,337787
2026-07-16 14:45:00-04:00,331.9549865722656,332.4800109863281,331.8399963378906,332.4200134277344,380075
2026-07-16 14:50:00-04:00,332.42279052734375,333.3599853515625,332.42279052734375,332.80999755859375,958424
2026-07-16 14:55:00-04:00,332.82000732421875,333.510009765625,332.8158874511719,333.17999267578125,683076
2026-07-16 15:00:00-04:00,333.17999267578125,333.510009765625,333.010009765625,333.4949951171875,564974
2026-07-16 15:05:00-04:00,333.489990234375,334.67999267578125,333.4700012207031,334.0299987792969,1126997
2026-07-16 15:10:00-04:00,334.0299987792969,334.3500061035156,333.8599853515625,334.19500732421875,702745
2026-07-16 15:15:00-04:00,334.19000244140625,334.3450012207031,333.8599853515625,334.2900085449219,754950
2026-07-16 15:20:00-04:00,334.2886962890625,334.3599853515625,333.760009765625,334.1400146484375,820074
2026-07-16 15:25:00-04:00,334.135009765625,334.20001220703125,332.9700012207031,332.989990234375,909603
2026-07-16 15:30:00-04:00,333.0,333.1199951171875,332.5799865722656,332.59820556640625,1009864
2026-07-16 15:35:00-04:00,332.6000061035156,332.9599914550781,332.4800109863281,332.6700134277344,676326
2026-07-16 15:40:00-04:00,332.6700134277344,332.7900085449219,332.1000061035156,332.2799987792969,669006
2026-07-16 15:45:00-04:00,332.2799987792969,332.2900085449219,331.0,331.19189453125,1129030
2026-07-16 15:50:00-04:00,331.2099914550781,332.9534912109375,330.7699890136719,332.6400146484375,1585300
2026-07-16 15:55:00-04:00,332.6099853515625,333.70001220703125,332.5799865722656,333.2699890136719,3134479
2026-07-17 09:30:00-04:00,331.9800109863281,333.510009765625,331.2950134277344,333.44000244140625,6984524
2026-07-17 09:35:00-04:00,333.4700012207031,334.9800109863281,332.9700012207031,334.9599914550781,1517171
2026-07-17 09:40:00-04:00,334.8800048828125,334.9486999511719,333.4200134277344,333.8399963378906,1003069
2026-07-17 09:45:00-04:00,333.8901062011719,334.3999938964844,332.7699890136719,333.07000732421875,1016950
2026-07-17 09:50:00-04:00,333.07000732421875,333.135009765625,331.1499938964844,332.21490478515625,934920
2026-07-17 09:55:00-04:00,332.2449951171875,332.5299987792969,330.8900146484375,330.9800109863281,857055
2026-07-17 10:00:00-04:00,330.94000244140625,330.989990234375,329.3399963378906,330.260009765625,957018
2026-07-17 10:05:00-04:00,330.3830871582031,330.5849914550781,329.5249938964844,329.68499755859375,714743
2026-07-17 10:10:00-04:00,329.7099914550781,330.5899963378906,329.0006103515625,330.5086975097656,852612
2026-07-17 10:15:00-04:00,330.42999267578125,330.76800537109375,329.8399963378906,330.5400085449219,623199
2026-07-17 10:20:00-04:00,330.568115234375,331.0,330.0450134277344,330.8139953613281,625062
2026-07-17 10:25:00-04:00,330.79998779296875,331.8500061035156,330.4800109863281,331.8399963378906,458231
2026-07-17 10:30:00-04:00,331.8800048828125,333.9700012207031,331.8500061035156,333.93499755859375,1037739
2026-07-17 10:35:00-04:00,333.93499755859375,333.9599914550781,332.125,332.3999938964844,762660
2026-07-17 10:40:00-04:00,332.3999938964844,333.2300109863281,332.3500061035156,333.07000732421875,546423
2026-07-17 10:45:00-04:00,333.07000732421875,333.5899963378906,332.3800964355469,332.5899963378906,566093
2026-07-17 10:50:00-04:00,332.6099853515625,332.8599853515625,331.9100036621094,332.80999755859375,480601
2026-07-17 10:55:00-04:00,332.760009765625,333.32000732421875,332.6499938964844,333.1700134277344,379871
2026-07-17 11:00:00-04:00,333.17999267578125,333.239990234375,332.510009765625,332.9200134277344,298326
2026-07-17 11:05:00-04:00,332.9200134277344,333.4399108886719,332.79998779296875,333.30999755859375,442379
2026-07-17 11:10:00-04:00,333.31500244140625,333.989990234375,333.1499938964844,333.80499267578125,591546
2026-07-17 11:15:00-04:00,333.7699890136719,333.95001220703125,333.5220031738281,333.7300109863281,344556
2026-07-17 11:20:00-04:00,333.739990234375,334.17999267578125,333.3699951171875,333.5450134277344,555393
2026-07-17 11:25:00-04:00,333.54998779296875,334.7666931152344,333.5299987792969,334.6549987792969,528202
2026-07-17 11:30:00-04:00,334.6698913574219,334.8699035644531,333.90008544921875,334.010009765625,540111
2026-07-17 11:35:00-04:00,334.0000915527344,334.0754089355469,333.3869934082031,333.69000244140625,495314
2026-07-17 11:40:00-04:00,333.739990234375,334.0,333.2099914550781,333.7099914550781,360940
2026-07-17 11:45:00-04:00,333.739990234375,333.739990234375,332.8500061035156,333.57000732421875,510209
2026-07-17 11:50:00-04:00,333.5799865722656,333.5799865722656,332.80010986328125,333.1099853515625,399597
2026-07-17 11:55:00-04:00,333.1099853515625,333.125,332.0199890136719,332.3500061035156,606126
2026-07-17 12:00:00-04:00,332.3699951171875,332.375,330.6600036621094,330.8299865722656,1002006
2026-07-17 12:05:00-04:00,330.81829833984375,330.9700012207031,330.0,330.57000732421875,713894
2026-07-17 12:10:00-04:00,330.54998779296875,330.7300109863281,330.0400085449219,330.30499267578125,442381
2026-07-17 12:15:00-04:00,330.3399963378906,331.07000732421875,330.30999755859375,330.7799987792969,438746
2026-07-17 12:20:00-04:00,330.7749938964844,331.05999755859375,330.3900146484375,330.55999755859375,353713
2026-07-17 12:25:00-04:00,330.5450134277344,331.92498779296875,330.4400939941406,331.7449951171875,389865
2026-07-17 12:30:00-04:00,331.7200012207031,332.260009765625,331.4800109863281,331.9700012207031,362383
2026-07-17 12:35:00-04:00,331.9800109863281,332.1300048828125,331.6000061035156,332.1300048828125,385935
2026-07-17 12:40:00-04:00,332.1199951171875,332.3699951171875,331.8699951171875,332.2550048828125,180109
2026-07-17 12:45:00-04:00,332.2650146484375,332.2749938964844,331.7900085449219,331.7925109863281,336675
2026-07-17 12:50:00-04:00,331.80999755859375,333.5,331.6200866699219,332.0899963378906,1216990
2026-07-17 12:55:00-04:00,332.04998779296875,332.2300109863281,330.45001220703125,330.5101013183594,374117
2026-07-17 13:00:00-04:00,330.510009765625,330.79998779296875,329.8900146484375,330.0199890136719,601496
2026-07-17 13:05:00-04:00,330.0199890136719,330.3900146484375,329.70001220703125,330.2900085449219,432021
2026-07-17 13:10:00-04:00,330.2699890136719,330.32000732421875,329.4200134277344,329.4849853515625,730660
2026-07-17 13:15:00-04:00,329.4849853515625,330.2099914550781,329.2799987792969,329.6300048828125,624597
2026-07-17 13:20:00-04:00,329.5989074707031,329.6549987792969,329.1600036621094,329.3599853515625,382183
2026-07-17 13:25:00-04:00,329.3599853515625,330.8500061035156,329.3599853515625,330.5400085449219,647183
2026-07-17 13:30:00-04:00,330.51080322265625,330.739990234375,330.1400146484375,330.32501220703125,239313
2026-07-17 13:35:00-04:00,330.3299865722656,330.7251892089844,330.0799865722656,330.4599914550781,286094
2026-07-17 13:40:00-04:00,330.45001220703125,330.92999267578125,330.2900085449219,330.8800964355469,317952
2026-07-17 13:45:00-04:00,330.8900146484375,330.9849853515625,330.6099853515625,330.7950134277344,260848
2026-07-17 13:50:00-04:00,330.7950134277344,330.8500061035156,330.4599914550781,330.80999755859375,247238
2026-07-17 13:55:00-04:00,330.82000732421875,331.9200134277344,330.79998779296875,331.7799987792969,655136
2026-07-17 14:00:00-04:00,331.7950134277344,332.17999267578125,331.54998779296875,332.0350036621094,447911
2026-07-17 14:05:00-04:00,332.0400085449219,332.2300109863281,331.8500061035156,331.9150085449219,397507
2026-07-17 14:10:00-04:00,331.9100036621094,333.2300109863281,331.8500061035156,332.6050109863281,904997
2026-07-17 14:15:00-04:00,332.6050109863281,332.6050109863281,332.05999755859375,332.3500061035156,393522
2026-07-17 14:20:00-04:00,332.3500061035156,332.6199951171875,332.32000732421875,332.5199890136719,219952
2026-07-17 14:25:00-04:00,332.5400085449219,332.718994140625,332.2279968261719,332.375,207268
2026-07-17 14:30:00-04:00,332.375,332.3800048828125,332.1099853515625,332.2300109863281,200689
2026-07-17 14:35:00-04:00,332.2300109863281,332.5899963378906,332.1600036621094,332.4700927734375,471094
2026-07-17 14:40:00-04:00,332.4750061035156,333.7099914550781,332.3800048828125,333.5899963378906,787243
2026-07-17 14:45:00-04:00,333.6000061035156,334.6700134277344,333.5,334.5,795068
2026-07-17 14:50:00-04:00,334.4910888671875,334.510009765625,333.9200134277344,334.260009765625,449889
2026-07-17 14:55:00-04:00,334.2699890136719,334.29998779296875,333.8699951171875,333.92498779296875,50363
2026-07-17 15:00:00-04:00,333.9200134277344,334.2300109863281,333.7799987792969,333.9750061035156,344030
2026-07-17 15:05:00-04:00,333.9750061035156,334.625,333.8251037597656,334.0450134277344,557679
2026-07-17 15:10:00-04:00,334.07000732421875,334.3800048828125,333.6199951171875,333.6400146484375,577778
2026-07-17 15:15:00-04:00,333.6300048828125,333.9549865722656,333.2601013183594,333.3500061035156,528633
2026-07-17 15:20:00-04:00,333.3599853515625,333.54998779296875,332.760009765625,332.7699890136719,474387
2026-07-17 15:25:00-04:00,332.7699890136719,332.9100036621094,332.3599853515625,332.8299865722656,555598
2026-07-17 15:30:00-04:00,332.7799987792969,332.8800048828125,332.260009765625,332.7099914550781,699449
2026-07-17 15:35:00-04:00,332.7300109863281,333.44000244140625,332.3200988769531,333.42999267578125,478616
2026-07-17 15:40:00-04:00,333.42999267578125,334.0899963378906,332.92999267578125,333.9200134277344,902217
2026-07-17 15:45:00-04:00,333.8999938964844,334.17999267578125,333.68011474609375,333.9200134277344,736582
2026-07-17 15:50:00-04:00,333.9049987792969,334.3800048828125,333.6700134277344,334.17498779296875,932977
2026-07-17 15:55:00-04:00,334.1499938964844,334.239990234375,333.46051025390625,333.739990234375,2619830
2026-07-20 09:30:00-04:00,333.0249938964844,333.7099914550781,331.1300048828125,331.9100036621094,2985899
2026-07-20 09:35:00-04:00,331.9200134277344,331.9339904785156,330.7749938964844,331.05499267578125,873027
2026-07-20 09:40:00-04:00,331.0799865722656,331.0799865722656,330.0199890136719,330.5799865722656,701048
2026-07-20 09:45:00-04:00,330.639892578125,330.8699951171875,330.05999755859375,330.30499267578125,615465
2026-07-20 09:50:00-04:00,330.29998779296875,330.30010986328125,328.6499938964844,328.7002868652344,807338
2026-07-20 09:55:00-04:00,328.69000244140625,329.0899963378906,328.3999938964844,328.8999938964844,649707
2026-07-20 10:00:00-04:00,328.8800048828125,329.0,328.20001220703125,328.4100036621094,564003
2026-07-20 10:05:00-04:00,328.42498779296875,328.760009765625,328.1700134277344,328.2650146484375,488894
2026-07-20 10:10:00-04:00,328.2900085449219,328.3999938964844,327.1199951171875,327.1700134277344,1003496
2026-07-20 10:15:00-04:00,327.1600036621094,327.33990478515625,326.42999267578125,327.114990234375,960510
2026-07-20 10:20:00-04:00,327.135009765625,327.3900146484375,326.510009765625,326.5249938964844,791423
2026-07-20 10:25:00-04:00,326.5249938964844,327.1499938964844,326.1099853515625,327.0199890136719,737558
2026-07-20 10:30:00-04:00,327.0199890136719,327.25,326.5899963378906,327.1199951171875,463769
2026-07-20 10:35:00-04:00,327.1400146484375,327.54998779296875,326.7304992675781,326.93499755859375,504086
2026-07-20 10:40:00-04:00,326.95001220703125,328.0199890136719,326.875,327.9649963378906,594989
2026-07-20 10:45:00-04:00,327.95001220703125,327.9599914550781,327.05999755859375,327.32000732421875,476322
2026-07-20 10:50:00-04:00,327.30999755859375,327.30999755859375,326.25,326.4599914550781,385274
2026-07-20 10:55:00-04:00,326.4549865722656,326.6199951171875,326.0199890136719,326.42999267578125,497563
2026-07-20 11:00:00-04:00,326.4599914550781,327.0150146484375,326.3399963378906,326.82000732421875,491702
2026-07-20 11:05:00-04:00,326.82000732421875,326.88519287109375,326.55999755859375,326.7300109863281,361011
2026-07-20 11:10:00-04:00,326.7499084472656,326.7499084472656,324.8210144042969,324.9599914550781,1153418
2026-07-20 11:15:00-04:00,324.9599914550781,325.3500061035156,324.6600036621094,324.7304992675781,575826
2026-07-20 11:20:00-04:00,324.739990234375,325.0790100097656,324.4200134277344,324.9200134277344,438768
2026-07-20 11:25:00-04:00,324.9200134277344,325.2049865722656,324.7300109863281,324.8999938964844,1370199
2026-07-20 11:30:00-04:00,324.94000244140625,325.9800109863281,324.9049987792969,325.8299865722656,395788
2026-07-20 11:35:00-04:00,325.82501220703125,326.07501220703125,325.69000244140625,326.0199890136719,264728
2026-07-20 11:40:00-04:00,326.010009765625,326.5199890136719,325.6419982910156,326.0150146484375,581251
2026-07-20 11:45:00-04:00,326.0150146484375,326.0273132324219,325.2200012207031,325.30999755859375,467452
2026-07-20 11:50:00-04:00,325.3399963378906,326.3599853515625,325.1300048828125,326.2804870605469,390985
2026-07-20 11:55:00-04:00,326.2900085449219,326.5450134277344,325.8299865722656,325.9750061035156,302912
2026-07-20 12:00:00-04:00,325.9800109863281,326.0400085449219,325.2699890136719,325.7402038574219,319337
2026-07-20 12:05:00-04:00,325.7449951171875,325.79998779296875,325.1700134277344,325.3800048828125,358259
2026-07-20 12:10:00-04:00,325.3800048828125,325.5199890136719,324.94000244140625,325.2200927734375,475022
2026-07-20 12:15:00-04:00,325.2200012207031,325.6000061035156,324.8699951171875,325.4100036621094,492122
2026-07-20 12:20:00-04:00,325.3999938964844,325.45001220703125,324.9949951171875,325.3699951171875,304336
2026-07-20 12:25:00-04:00,325.3599853515625,325.6700134277344,324.9700012207031,325.0,348901
2026-07-20 12:30:00-04:00,325.0199890136719,325.0899963378906,324.0199890136719,324.04998779296875,609218
2026-07-20 12:35:00-04:00,324.0450134277344,324.6449890136719,323.9200134277344,324.57000732421875,561530
2026-07-20 12:40:00-04:00,324.5799865722656,324.6499938964844,323.70001220703125,324.4150085449219,568803
2026-07-20 12:45:00-04:00,324.3949890136719,324.8500061035156,324.2900085449219,324.80999755859375,293686
2026-07-20 12:50:00-04:00,324.80499267578125,324.8500061035156,324.010009765625,324.2799987792969,325557
2026-07-20 12:55:00-04:00,324.260009765625,324.7073059082031,324.0950012207031,324.2449951171875,211357
2026-07-20 13:00:00-04:00,324.260009765625,324.5450134277344,324.1199951171875,324.2300109863281,287688
2026-07-20 13:05:00-04:00,324.2301025390625,325.0899963378906,323.9200134277344,325.0799865722656,388000
2026-07-20 13:10:00-04:00,325.0799865722656,325.1449890136719,324.67999267578125,324.79998779296875,215560
2026-07-20 13:15:00-04:00,324.7900085449219,324.96160888671875,324.55999755859375,324.8949890136719,216275
2026-07-20 13:20:00-04:00,324.8800048828125,324.8999938964844,324.4949951171875,324.5799865722656,239096
2026-07-20 13:25:00-04:00,324.57000732421875,324.9549865722656,324.3999938964844,324.7200012207031,209755
2026-07-20 13:30:00-04:00,324.7300109863281,324.7749938964844,324.4700012207031,324.70001220703125,230554
2026-07-20 13:35:00-04:00,324.7349853515625,325.06500244140625,324.6000061035156,324.8299865722656,311316
2026-07-20 13:40:00-04:00,324.8399963378906,324.92999267578125,324.20001220703125,324.3699951171875,1250867
2026-07-20 13:45:00-04:00,324.3500061035156,325.09991455078125,324.29998779296875,324.8550109863281,300683
2026-07-20 13:50:00-04:00,324.8536071777344,325.3832092285156,324.57000732421875,324.7300109863281,239283
2026-07-20 13:55:00-04:00,324.7300109863281,324.95001220703125,324.3999938964844,324.7799987792969,224735
2026-07-20 14:00:00-04:00,324.7799987792969,325.2349853515625,324.6549987792969,325.0548095703125,396071
2026-07-20 14:05:00-04:00,325.04998779296875,325.42999267578125,324.9599914550781,325.42498779296875,377401
2026-07-20 14:10:00-04:00,325.44000244140625,325.79998779296875,325.3299865722656,325.4700012207031,375668
2026-07-20 14:15:00-04:00,325.4599914550781,326.30999755859375,325.3999938964844,326.30999755859375,297493
2026-07-20 14:20:00-04:00,326.30499267578125,326.45989990234375,325.9100036621094,325.9501037597656,463554
2026-07-20 14:25:00-04:00,325.9599914550781,326.489990234375,325.864990234375,325.94000244140625,577219
2026-07-20 14:30:00-04:00,325.9800109863281,326.57501220703125,325.70001220703125,326.4750061035156,444327
2026-07-20 14:35:00-04:00,326.4800109863281,326.9100036621094,326.17999267578125,326.25,729318
2026-07-20 14:40:00-04:00,326.2650146484375,326.2900085449219,325.30999755859375,325.4700012207031,402501
2026-07-20 14:45:00-04:00,325.4700012207031,326.7250061035156,325.45001220703125,326.5899963378906,438806
2026-07-20 14:50:00-04:00,326.6099853515625,327.3699951171875,326.5,327.19000244140625,478614
2026-07-20 14:55:00-04:00,327.18499755859375,327.2300109863281,326.75,326.75,296421
2026-07-20 15:00:00-04:00,326.75,327.5199890136719,326.75,327.4800109863281,458271
2026-07-20 15:05:00-04:00,327.489990234375,328.2900085449219,327.18011474609375,328.1200866699219,581826
2026-07-20 15:10:00-04:00,328.1300048828125,328.55499267578125,328.0639953613281,328.19000244140625,438706
2026-07-20 15:15:00-04:00,328.17999267578125,328.5400085449219,327.7699890136719,328.2349853515625,676493
2026-07-20 15:20:00-04:00,328.2200012207031,328.5498962402344,328.0299987792969,328.5498962402344,374637
2026-07-20 15:25:00-04:00,328.5400085449219,329.0799865722656,328.4800109863281,329.0199890136719,441615
2026-07-20 15:30:00-04:00,329.010009765625,329.760009765625,328.9100036621094,329.29998779296875,647555
2026-07-20 15:35:00-04:00,329.2908020019531,329.3500061035156,328.44000244140625,328.8399963378906,990456
2026-07-20 15:40:00-04:00,328.8299865722656,328.92999267578125,327.9700012207031,328.0400085449219,431641
2026-07-20 15:45:00-04:00,328.04998779296875,328.32989501953125,327.79998779296875,328.29840087890625,373127
2026-07-20 15:50:00-04:00,328.2799987792969,328.2799987792969,326.82000732421875,327.05999755859375,750035
2026-07-20 15:55:00-04:00,327.0299987792969,327.0400085449219,326.32000732421875,326.70001220703125,2335684
2026-07-21 09:30:00-04:00,323.3450012207031,325.510009765625,322.38140869140625,325.06719970703125,2662418
2026-07-21 09:35:00-04:00,325.05999755859375,325.2149963378906,323.7799987792969,324.7799987792969,1028164
2026-07-21 09:40:00-04:00,324.7300109863281,325.6099853515625,323.860107421875,324.82000732421875,787077
2026-07-21 09:45:00-04:00,324.82000732421875,324.8900146484375,322.5849914550781,323.1050109863281,814533
2026-07-21 09:50:00-04:00,323.1007080078125,323.15399169921875,322.2900085449219,322.2986145019531,675014
2026-07-21 09:55:00-04:00,322.31988525390625,324.60260009765625,322.22039794921875,324.1099853515625,632697
2026-07-21 10:00:00-04:00,324.1199951171875,324.83990478515625,323.9700012207031,324.6449890136719,701888
2026-07-21 10:05:00-04:00,324.6650085449219,325.6700134277344,324.3009948730469,325.4599914550781,526380
2026-07-21 10:10:00-04:00,325.45001220703125,326.1600036621094,325.20001220703125,326.06988525390625,629831
2026-07-21 10:15:00-04:00,326.07000732421875,326.29998779296875,325.67999267578125,326.0,424235
2026-07-21 10:20:00-04:00,325.9700012207031,326.4200134277344,325.7200012207031,326.0849914550781,428220
2026-07-21 10:25:00-04:00,326.1300048828125,327.0299987792969,326.1099853515625,326.739990234375,387364
2026-07-21 10:30:00-04:00,326.7200012207031,326.8299865722656,326.2300109863281,326.6300048828125,304259
2026-07-21 10:35:00-04:00,326.614990234375,326.760009765625,326.3301086425781,326.7300109863281,251855
2026-07-21 10:40:00-04:00,326.7099914550781,327.3349914550781,326.5799865722656,327.29998779296875,382377
2026-07-21 10:45:00-04:00,327.2900085449219,327.4599914550781,326.7799987792969,326.9599914550781,312355
2026-07-21 10:50:00-04:00,326.94500732421875,327.1099853515625,326.760498046875,326.92498779296875,214201
2026-07-21 10:55:00-04:00,326.92498779296875,327.2099914550781,326.7099914550781,327.0899963378906,262514
2026-07-21 11:00:00-04:00,327.1000061035156,327.2250061035156,326.29998779296875,326.5050048828125,275701
2026-07-21 11:05:00-04:00,326.489990234375,326.57501220703125,326.2099914550781,326.5450134277344,256048
2026-07-21 11:10:00-04:00,326.55999755859375,327.9800109863281,326.5199890136719,327.45001220703125,693280
2026-07-21 11:15:00-04:00,327.54949951171875,327.7799987792969,327.32000732421875,327.3900146484375,285516
2026-07-21 11:20:00-04:00,327.3800048828125,328.2200012207031,327.2149963378906,328.19000244140625,427349
2026-07-21 11:25:00-04:00,328.1549987792969,328.45001220703125,327.989990234375,328.385009765625,339815
2026-07-21 11:30:00-04:00,328.3800048828125,328.5799865722656,327.7550048828125,327.9700012207031,378877
2026-07-21 11:35:00-04:00,327.9700012207031,328.1499938964844,327.760009765625,327.92999267578125,260284
2026-07-21 11:40:00-04:00,327.9399108886719,328.70001220703125,327.80999755859375,328.4750061035156,332237
2026-07-21 11:45:00-04:00,328.4601135253906,328.9800109863281,328.4100036621094,328.760009765625,303619
2026-07-21 11:50:00-04:00,328.7300109863281,328.9599914550781,328.57000732421875,328.8500061035156,206639
2026-07-21 11:55:00-04:00,328.8500061035156,328.9700012207031,328.0,328.7749938964844,276293
2026-07-21 12:00:00-04:00,328.739990234375,328.94000244140625,328.5600891113281,328.7598876953125,298633
2026-07-21 12:05:00-04:00,328.739990234375,329.2099914550781,328.6700134277344,329.17999267578125,204885
2026-07-21 12:10:00-04:00,329.19500732421875,329.6000061035156,328.989990234375,329.57000732421875,297106
2026-07-21 12:15:00-04:00,329.56500244140625,329.6000061035156,329.1000061035156,329.1700134277344,407849
2026-07-21 12:20:00-04:00,329.17999267578125,329.364990234375,328.6700134277344,328.7799072265625,295933
2026-07-21 12:25:00-04:00,328.79998779296875,328.9800109863281,328.55999755859375,328.6199951171875,254498
2026-07-21 12:30:00-04:00,328.6210021972656,328.8299865722656,328.28009033203125,328.7149963378906,283385
2026-07-21 12:35:00-04:00,328.7149963378906,328.7699890136719,328.2200012207031,328.25,283158
2026-07-21 12:40:00-04:00,328.239990234375,328.32000732421875,327.57000732421875,327.95001220703125,318529
2026-07-21 12:45:00-04:00,327.9551086425781,328.0,327.4599914550781,327.68499755859375,304754
2026-07-21 12:50:00-04:00,327.67999267578125,327.7699890136719,327.4150085449219,327.6199951171875,331924
2026-07-21 12:55:00-04:00,327.6400146484375,328.5,327.6400146484375,328.43011474609375,357354
2026-07-21 13:00:00-04:00,328.43499755859375,328.4599914550781,327.7099914550781,327.80999755859375,379283
2026-07-21 13:05:00-04:00,327.80999755859375,328.760009765625,327.80999755859375,328.6098937988281,346215
2026-07-21 13:10:00-04:00,328.5849914550781,328.7598876953125,328.0212097167969,328.2300109863281,266092
2026-07-21 13:15:00-04:00,328.2200012207031,328.3599853515625,327.760009765625,328.0249938964844,371589
2026-07-21 13:20:00-04:00,328.0199890136719,328.4898986816406,327.91009521484375,328.1600036621094,381750
2026-07-21 13:25:00-04:00,328.1650085449219,328.19000244140625,327.0,327.07000732421875,221117
2026-07-21 13:30:00-04:00,327.07000732421875,327.2900085449219,326.8200988769531,327.0299987792969,279202
2026-07-21 13:35:00-04:00,327.0000915527344,327.30999755859375,326.94000244140625,327.0299987792969,1141211
2026-07-21 13:40:00-04:00,327.04998779296875,327.1199951171875,326.7200012207031,326.8999938964844,192031
2026-07-21 13:45:00-04:00,326.9200134277344,327.2099914550781,326.9150085449219,327.20001220703125,210157
2026-07-21 13:50:00-04:00,327.20001220703125,327.7699890136719,327.20001220703125,327.69000244140625,272215
2026-07-21 13:55:00-04:00,327.70001220703125,327.8699951171875,327.4949951171875,327.6700134277344,197341
2026-07-21 14:00:00-04:00,327.67999267578125,327.7900085449219,327.42999267578125,327.4800109863281,207797
2026-07-21 14:05:00-04:00,327.489990234375,327.5799865722656,327.2099914550781,327.2950134277344,190217
2026-07-21 14:10:00-04:00,327.2950134277344,327.6090087890625,327.2200927734375,327.5,186401
2026-07-21 14:15:00-04:00,327.510009765625,327.6199951171875,327.3301086425781,327.57000732421875,173071
2026-07-21 14:20:00-04:00,327.57501220703125,327.57501220703125,327.1000061035156,327.15008544921875,214643
2026-07-21 14:25:00-04:00,327.15008544921875,327.260009765625,326.94000244140625,327.239990234375,334204
2026-07-21 14:30:00-04:00,327.25,327.6199951171875,327.17999267578125,327.489990234375,198518
2026-07-21 14:35:00-04:00,327.5150146484375,327.7799987792969,327.3699951171875,327.7699890136719,203446
2026-07-21 14:40:00-04:00,327.7699890136719,328.3399963378906,327.67999267578125,328.2099914550781,267182
2026-07-21 14:45:00-04:00,328.2099914550781,328.2799987792969,327.9800109863281,328.07000732421875,271364
2026-07-21 14:50:00-04:00,328.05999755859375,328.3349914550781,328.0299987792969,328.29998779296875,186201
2026-07-21 14:55:00-04:00,328.32000732421875,328.3900146484375,328.0899963378906,328.1600036621094,195357
2026-07-21 15:00:00-04:00,328.1600036621094,328.260009765625,327.9599914550781,328.1199035644531,188132
2026-07-21 15:05:00-04:00,328.1099853515625,328.30499267578125,328.010009765625,328.2506103515625,175667
2026-07-21 15:10:00-04:00,328.25,328.489990234375,327.6000061035156,327.7049865722656,410227
2026-07-21 15:15:00-04:00,327.7049865722656,328.1000061035156,327.67999267578125,328.0,331581
2026-07-21 15:20:00-04:00,328.0,328.010009765625,327.510009765625,327.5400085449219,263413
2026-07-21 15:25:00-04:00,327.53009033203125,328.0050048828125,327.5199890136719,327.93499755859375,300318
2026-07-21 15:30:00-04:00,327.92999267578125,328.1000061035156,327.57000732421875,327.7349853515625,440653
2026-07-21 15:35:00-04:00,327.7200012207031,327.92999267578125,327.7099914550781,327.810302734375,251597
2026-07-21 15:40:00-04:00,327.81500244140625,327.94500732421875,327.6099853515625,327.7699890136719,353059
2026-07-21 15:45:00-04:00,327.739990234375,327.8900146484375,327.4049987792969,327.7799987792969,374711
2026-07-21 15:50:00-04:00,327.7699890136719,328.1000061035156,327.1400146484375,327.82000732421875,712790
2026-07-21 15:55:00-04:00,327.82000732421875,328.0400085449219,327.5400085449219,327.5899963378906,1554912
2026-07-22 09:30:00-04:00,327.875,328.99951171875,326.2200012207031,326.82000732421875,1762636
2026-07-22 09:35:00-04:00,326.82000732421875,328.3699035644531,325.69000244140625,327.3699951171875,510808
2026-07-22 09:40:00-04:00,327.4206848144531,327.70001220703125,326.07000732421875,326.2049865722656,475066
2026-07-22 09:45:00-04:00,326.25,327.3299865722656,326.0799865722656,326.8999938964844,419080
2026-07-22 09:50:00-04:00,326.9100036621094,326.95001220703125,325.80999755859375,326.07000732421875,427360
2026-07-22 09:55:00-04:00,326.05999755859375,326.3699035644531,325.7200927734375,325.94000244140625,453310
2026-07-22 10:00:00-04:00,325.9599914550781,326.1481018066406,325.4200134277344,325.5199890136719,375374
2026-07-22 10:05:00-04:00,325.5199890136719,326.05999755859375,325.2250061035156,325.5000915527344,330172
2026-07-22 10:10:00-04:00,325.5450134277344,325.8599853515625,324.9150085449219,324.9750061035156,409054
2026-07-22 10:15:00-04:00,324.9750061035156,325.3800048828125,324.8800048828125,324.9599914550781,833134
2026-07-22 10:20:00-04:00,324.95001220703125,325.0450134277344,324.6000061035156,324.7699890136719,273092
2026-07-22 10:25:00-04:00,324.7699890136719,324.8999938964844,324.3299865722656,324.4750061035156,290519
2026-07-22 10:30:00-04:00,324.4949951171875,324.71990966796875,324.07000732421875,324.54998779296875,443807
2026-07-22 10:35:00-04:00,324.5400085449219,325.0,324.20001220703125,324.9700012207031,344155
2026-07-22 10:40:00-04:00,325.0,325.0,324.5,324.82989501953125,247777
2026-07-22 10:45:00-04:00,324.7799987792969,325.1025085449219,324.70001220703125,325.07501220703125,354383
2026-07-22 10:50:00-04:00,325.0799865722656,325.489990234375,324.82000732421875,325.2933044433594,435721
2026-07-22 10:55:00-04:00,325.32000732421875,325.614013671875,325.0199890136719,325.6000061035156,285815
2026-07-22 11:00:00-04:00,325.6000061035156,325.6698913574219,324.7200012207031,324.7959899902344,287366
2026-07-22 11:05:00-04:00,324.8299865722656,324.8599853515625,324.3800048828125,324.6659851074219,240056
2026-07-22 11:10:00-04:00,324.6827087402344,324.7701110839844,324.1199951171875,324.32501220703125,291477
2026-07-22 11:15:00-04:00,324.29998779296875,324.510009765625,324.2099914550781,324.4949951171875,182706
2026-07-22 11:20:00-04:00,324.5,325.1000061035156,324.33349609375,324.989990234375,323299
2026-07-22 11:25:00-04:00,324.9801025390625,325.80999755859375,324.9230041503906,325.79998779296875,263856
2026-07-22 11:30:00-04:00,325.7650146484375,325.8900146484375,325.260009765625,325.3450012207031,972980
2026-07-22 11:35:00-04:00,325.3599853515625,325.5,325.21099853515625,325.3599853515625,203843
2026-07-22 11:40:00-04:00,325.3699951171875,325.4599914550781,325.20001220703125,325.364990234375,185221
2026-07-22 11:45:00-04:00,325.3699951171875,325.3800048828125,324.95001220703125,325.260009765625,289594
2026-07-22 11:50:00-04:00,325.2900085449219,325.45001220703125,325.0,325.3699951171875,133552
2026-07-22 11:55:00-04:00,325.3399963378906,325.5,324.92999267578125,325.05999755859375,245259
2026-07-22 12:00:00-04:00,325.0799865722656,325.1000061035156,324.3999938964844,324.5400085449219,353807
2026-07-22 12:05:00-04:00,324.5274963378906,324.80499267578125,324.3699951171875,324.6499938964844,200973
2026-07-22 12:10:00-04:00,324.6400146484375,324.67999267578125,324.42999267578125,324.45001220703125,173650
2026-07-22 12:15:00-04:00,324.4599914550781,324.92999267578125,324.45001220703125,324.8699951171875,178941
2026-07-22 12:20:00-04:00,324.8599853515625,325.03900146484375,324.59051513671875,324.8900146484375,180053
2026-07-22 12:25:00-04:00,324.8800048828125,324.95001220703125,324.739990234375,324.885009765625,963947
2026-07-22 12:30:00-04:00,324.885009765625,324.95001220703125,324.0350036621094,324.0350036621094,328298
2026-07-22 12:35:00-04:00,324.03009033203125,324.1600036621094,323.80999755859375,323.94989013671875,361853
2026-07-22 12:40:00-04:00,323.9649963378906,324.5299987792969,323.9549865722656,324.5299987792969,241038
2026-07-22 12:45:00-04:00,324.5299987792969,324.6400146484375,324.2699890136719,324.2699890136719,180548
2026-07-22 12:50:00-04:00,324.2900085449219,324.3999938964844,324.1000061035156,324.18499755859375,247123
2026-07-22 12:55:00-04:00,324.1700134277344,324.29998779296875,324.07000732421875,324.2099914550781,207372
2026-07-22 13:00:00-04:00,324.2117004394531,324.260009765625,323.8900146484375,323.9700012207031,442669
2026-07-22 13:05:00-04:00,323.9700012207031,324.0899963378906,323.8299865722656,323.9700012207031,201075
2026-07-22 13:10:00-04:00,323.9700012207031,324.0050048828125,323.5899963378906,323.9599914550781,238977
2026-07-22 13:15:00-04:00,323.95001220703125,324.1300048828125,323.75,323.80999755859375,171376
2026-07-22 13:20:00-04:00,323.8399963378906,323.8399963378906,323.4700012207031,323.610107421875,189403
2026-07-22 13:25:00-04:00,323.6099853515625,323.79998779296875,323.3399963378906,323.6650085449219,185385
2026-07-22 13:30:00-04:00,323.6650085449219,323.8699951171875,323.55499267578125,323.77508544921875,157911
2026-07-22 13:35:00-04:00,323.7799987792969,323.8999938964844,323.7149963378906,323.739990234375,142615
2026-07-22 13:40:00-04:00,323.739990234375,324.0050048828125,323.6000061035156,323.8999938964844,146472
2026-07-22 13:45:00-04:00,323.8900146484375,323.9200134277344,323.70001220703125,323.80999755859375,93503
2026-07-22 13:50:00-04:00,323.80499267578125,323.9599914550781,323.7349853515625,323.8999938964844,121953
2026-07-22 13:55:00-04:00,323.8900146484375,323.9549865722656,323.82000732421875,323.93499755859375,125586
2026-07-22 14:00:00-04:00,323.93499755859375,323.9800109863281,323.6099853515625,323.77508544921875,164793
2026-07-22 14:05:00-04:00,323.7749938964844,323.989990234375,323.70001220703125,323.82000732421875,159615
2026-07-22 14:10:00-04:00,323.8349914550781,324.0199890136719,323.79998779296875,323.8800048828125,171473
2026-07-22 14:15:00-04:00,323.8699951171875,323.9700012207031,323.7149963378906,323.8550109863281,134430
2026-07-22 14:20:00-04:00,323.8550109863281,323.9599914550781,323.8110046386719,323.9150085449219,119007
2026-07-22 14:25:00-04:00,323.9150085449219,324.0,323.9150085449219,323.92999267578125,110883
2026-07-22 14:30:00-04:00,323.9299011230469,324.239990234375,323.8299865722656,324.1549987792969,262679
2026-07-22 14:35:00-04:00,324.1400146484375,324.39990234375,323.94500732421875,324.3699951171875,212100
2026-07-22 14:40:00-04:00,324.3800048828125,324.4999084472656,324.32000732421875,324.42999267578125,175677
2026-07-22 14:45:00-04:00,324.42999267578125,324.69000244140625,324.3299865722656,324.6499938964844,199929
2026-07-22 14:50:00-04:00,324.6449890136719,324.70001220703125,324.32000732421875,324.3999938964844,231090
2026-07-22 14:55:00-04:00,324.3900146484375,324.42999267578125,324.17999267578125,324.29998779296875,198903
2026-07-22 15:00:00-04:00,324.29998779296875,324.5050048828125,324.19500732421875,324.260009765625,225098
2026-07-22 15:05:00-04:00,324.260009765625,324.5,324.1600036621094,324.45001220703125,190935
2026-07-22 15:10:00-04:00,324.44500732421875,324.489990234375,324.2049865722656,324.42498779296875,180632
2026-07-22 15:15:00-04:00,324.42999267578125,324.57000732421875,324.260009765625,324.3500061035156,253452
2026-07-22 15:20:00-04:00,324.3500061035156,324.57000732421875,324.2699890136719,324.3984069824219,215744
2026-07-22 15:25:00-04:00,324.4049987792969,324.510009765625,324.2799987792969,324.44000244140625,186164
2026-07-22 15:30:00-04:00,324.44000244140625,324.5400085449219,324.1449890136719,324.2699890136719,241038
2026-07-22 15:35:00-04:00,324.2699890136719,324.3999938964844,324.05499267578125,324.375,240614
2026-07-22 15:40:00-04:00,324.3699951171875,324.6000061035156,323.9800109863281,324.45001220703125,663473
2026-07-22 15:45:00-04:00,324.44500732421875,325.739990234375,324.4100036621094,325.67999267578125,793368
2026-07-22 15:50:00-04:00,325.70001220703125,326.9100036621094,325.3299865722656,326.3800048828125,1739015
2026-07-22 15:55:00-04:00,326.3599853515625,326.7300109863281,325.8500061035156,325.8699951171875,1791877
2026-07-23 09:30:00-04:00,321.7300109863281,323.1199951171875,320.80499267578125,321.8949890136719,2464498
2026-07-23 09:35:00-04:00,321.840087890625,323.29998779296875,321.57000732421875,321.625,506021
2026-07-23 09:40:00-04:00,321.6050109863281,322.0199890136719,320.8399963378906,320.8399963378906,554961
2026-07-23 09:45:00-04:00,320.8800048828125,321.07000732421875,319.4700012207031,319.5350036621094,875750
2026-07-23 09:50:00-04:00,319.5450134277344,320.3599853515625,319.3500061035156,319.6000061035156,533780
2026-07-23 09:55:00-04:00,319.635009765625,320.4800109863281,319.510009765625,320.1600036621094,538040
2026-07-23 10:00:00-04:00,320.1499938964844,321.7300109863281,319.82000732421875,321.57000732421875,517697
2026-07-23 10:05:00-04:00,321.5799865722656,321.92999267578125,320.7200012207031,320.7650146484375,364716
2026-07-23 10:10:00-04:00,320.7699890136719,321.07501220703125,319.95001220703125,320.80999755859375,522567
2026-07-23 10:15:00-04:00,320.80499267578125,321.3599853515625,320.2200012207031,320.75,335494
2026-07-23 10:20:00-04:00,320.7449951171875,321.760009765625,320.6199951171875,321.3900146484375,336612
2026-07-23 10:25:00-04:00,321.4100036621094,321.625,321.2300109863281,321.489990234375,258033
2026-07-23 10:30:00-04:00,321.4649963378906,322.5,321.4649963378906,322.2799987792969,389355
2026-07-23 10:35:00-04:00,322.2799987792969,322.9100036621094,322.1099853515625,322.67999267578125,273354
2026-07-23 10:40:00-04:00,322.7056884765625,322.79998779296875,321.5799865722656,321.8699951171875,222787
2026-07-23 10:45:00-04:00,321.8900146484375,322.0199890136719,321.2301025390625,321.3100891113281,296346
2026-07-23 10:50:00-04:00,321.30999755859375,321.30999755859375,320.8399963378906,321.1300048828125,275762
2026-07-23 10:55:00-04:00,321.1300048828125,321.31988525390625,320.9100036621094,321.2699890136719,282589
2026-07-23 11:00:00-04:00,321.2850036621094,321.6499938964844,321.0299987792969,321.3550109863281,361496
2026-07-23 11:05:00-04:00,321.3399963378906,321.7300109863281,320.7149963378906,321.42999267578125,484910
2026-07-23 11:10:00-04:00,321.4700012207031,322.010009765625,321.3399963378906,321.8500061035156,340971
2026-07-23 11:15:00-04:00,321.82000732421875,322.1400146484375,321.5199890136719,321.9700012207031,247904
2026-07-23 11:20:00-04:00,321.9700012207031,322.2900085449219,321.30999755859375,321.4400939941406,512306
2026-07-23 11:25:00-04:00,321.4599914550781,321.57989501953125,321.1700134277344,321.2799987792969,276186
2026-07-23 11:30:00-04:00,321.2900085449219,321.32000732421875,320.75,321.07000732421875,234752
2026-07-23 11:35:00-04:00,321.1300048828125,321.1300048828125,320.5799865722656,320.9750061035156,303940
2026-07-23 11:40:00-04:00,321.0199890136719,321.1499938964844,320.5799865722656,320.8599853515625,204176
2026-07-23 11:45:00-04:00,320.8599853515625,321.0299987792969,320.44000244140625,320.739990234375,221072
2026-07-23 11:50:00-04:00,320.739990234375,320.7550048828125,320.4649963378906,320.7049865722656,189835
2026-07-23 11:55:00-04:00,320.71319580078125,320.9849853515625,320.55999755859375,320.8599853515625,160021
2026-07-23 12:00:00-04:00,320.8999938964844,321.0,320.3599853515625,320.55999755859375,183944
2026-07-23 12:05:00-04:00,320.54998779296875,321.3299865722656,320.3399963378906,321.2300109863281,205434
2026-07-23 12:10:00-04:00,321.2449951171875,321.54998779296875,321.1449890136719,321.45001220703125,191690
2026-07-23 12:15:00-04:00,321.4649963378906,321.5101013183594,320.8900146484375,321.0101013183594,189908
2026-07-23 12:20:00-04:00,321.0299987792969,321.4700012207031,320.80499267578125,321.3399963378906,339284
2026-07-23 12:25:00-04:00,321.31500244140625,321.3699951171875,320.07000732421875,320.3598937988281,2367880
2026-07-23 12:30:00-04:00,320.30999755859375,320.3949890136719,320.0,320.1151123046875,257113
2026-07-23 12:35:00-04:00,320.125,320.3500061035156,320.04998779296875,320.30499267578125,187224
2026-07-23 12:40:00-04:00,320.30499267578125,320.55999755859375,320.1600036621094,320.55999755859375,232826
2026-07-23 12:45:00-04:00,320.5400085449219,320.75,320.30999755859375,320.3550109863281,198947
2026-07-23 12:50:00-04:00,320.3399963378906,320.67498779296875,320.25,320.489990234375,182592
2026-07-23 12:55:00-04:00,320.489990234375,320.8599853515625,320.3900146484375,320.6105041503906,231761
2026-07-23 13:00:00-04:00,320.6199951171875,321.010009765625,320.55499267578125,320.6300964355469,190605
2026-07-23 13:05:00-04:00,320.6549987792969,320.7300109863281,320.3399963378906,320.6300048828125,191803
2026-07-23 13:10:00-04:00,320.6449890136719,320.7300109863281,320.55999755859375,320.6300048828125,155093
2026-07-23 13:15:00-04:00,320.635009765625,320.6700134277344,320.29998779296875,320.3900146484375,151890
2026-07-23 13:20:00-04:00,320.3999938964844,320.80999755859375,320.3500061035156,320.80999755859375,125131
2026-07-23 13:25:00-04:00,320.82000732421875,321.04998779296875,320.80999755859375,320.8699951171875,135723
2026-07-23 13:30:00-04:00,320.8700866699219,321.04998779296875,320.6700134277344,320.7449951171875,147971
2026-07-23 13:35:00-04:00,320.7449951171875,320.7799987792969,320.3599853515625,320.5299987792969,191098
2026-07-23 13:40:00-04:00,320.5299987792969,320.739990234375,320.44000244140625,320.6600036621094,185728
2026-07-23 13:45:00-04:00,320.6400146484375,321.20001220703125,320.54998779296875,321.1706848144531,170784
2026-07-23 13:50:00-04:00,321.1700134277344,321.39898681640625,320.8699951171875,320.885009765625,194681
2026-07-23 13:55:00-04:00,320.8699951171875,320.92999267578125,320.3800048828125,320.51239013671875,199717
2026-07-23 14:00:00-04:00,320.510009765625,320.64801025390625,320.3500061035156,320.4549865722656,225987
2026-07-23 14:05:00-04:00,320.44000244140625,320.44000244140625,320.0,320.0799865722656,507750
2026-07-23 14:10:00-04:00,320.0849914550781,320.239990234375,320.0299987792969,320.1499938964844,193627
2026-07-23 14:15:00-04:00,320.1400146484375,320.3900146484375,320.1000061035156,320.1680908203125,169194
2026-07-23 14:20:00-04:00,320.1700134277344,320.44000244140625,320.1600036621094,320.3992004394531,165612
2026-07-23 14:25:00-04:00,320.3949890136719,320.4200134277344,320.0299987792969,320.2699890136719,198900
2026-07-23 14:30:00-04:00,320.2749938964844,320.494384765625,320.1300048828125,320.1300048828125,178592
2026-07-23 14:35:00-04:00,320.1300048828125,320.17999267578125,319.80999755859375,319.875,1080142
2026-07-23 14:40:00-04:00,319.8699951171875,320.1000061035156,319.760009765625,320.0050048828125,234401
2026-07-23 14:45:00-04:00,320.0199890136719,320.42999267578125,320.0199890136719,320.4100036621094,200339
2026-07-23 14:50:00-04:00,320.3999938964844,320.4150085449219,320.0899963378906,320.1400146484375,161050
2026-07-23 14:55:00-04:00,320.1549987792969,320.7200012207031,320.1300048828125,320.7200012207031,187845
2026-07-23 15:00:00-04:00,320.7099914550781,321.0150146484375,320.7099914550781,320.7799987792969,178398
2026-07-23 15:05:00-04:00,320.7799987792969,321.010009765625,320.6499938964844,320.7900085449219,338033
2026-07-23 15:10:00-04:00,320.7799987792969,320.82830810546875,320.3500061035156,320.7200012207031,322405
2026-07-23 15:15:00-04:00,320.7250061035156,320.8900146484375,320.57000732421875,320.7699890136719,226591
2026-07-23 15:20:00-04:00,320.80499267578125,321.20001220703125,320.79998779296875,321.010009765625,305532
2026-07-23 15:25:00-04:00,321.0,321.1000061035156,320.3299865722656,320.4198913574219,344464
2026-07-23 15:30:00-04:00,320.3800048828125,320.4800109863281,320.0400085449219,320.32000732421875,298193
2026-07-23 15:35:00-04:00,320.32000732421875,320.69000244140625,320.17999267578125,320.6700134277344,296894
2026-07-23 15:40:00-04:00,320.6700134277344,321.2250061035156,320.6700134277344,321.1199951171875,446967
2026-07-23 15:45:00-04:00,321.1099853515625,321.2300109863281,320.6499938964844,320.7300109863281,333862
2026-07-23 15:50:00-04:00,320.7699890136719,321.30999755859375,320.45001220703125,320.9599914550781,771399
2026-07-23 15:55:00-04:00,321.0299987792969,321.9800109863281,321.0098876953125,321.6099853515625,2134404
2026-07-24 09:30:00-04:00,322.0400085449219,325.3500061035156,321.6199951171875,324.67999267578125,1420156
2026-07-24 09:35:00-04:00,324.7099914550781,325.8699035644531,324.5899963378906,325.20001220703125,615293
2026-07-24 09:40:00-04:00,325.18499755859375,325.989990234375,324.92999267578125,325.6700134277344,622902
2026-07-24 09:45:00-04:00,325.6099853515625,327.510009765625,325.5,326.80999755859375,1067835
2026-07-24 09:50:00-04:00,326.79998779296875,327.3900146484375,326.1199951171875,327.3800048828125,601656
2026-07-24 09:55:00-04:00,327.3800048828125,327.760009765625,326.7300109863281,326.864990234375,628749
2026-07-24 10:00:00-04:00,326.8599853515625,327.7349853515625,326.7860107421875,327.3800048828125,633922
2026-07-24 10:05:00-04:00,327.3699951171875,328.2398986816406,327.3100891113281,328.1300048828125,630564
2026-07-24 10:10:00-04:00,328.1199951171875,328.6499938964844,328.0,328.0199890136719,776297
2026-07-24 10:15:00-04:00,328.0299987792969,328.57000732421875,327.79998779296875,328.2099914550781,443853
2026-07-24 10:20:00-04:00,328.2001037597656,329.3999938964844,328.1099853515625,329.29998779296875,605146
2026-07-24 10:25:00-04:00,329.2850036621094,329.4389953613281,328.55999755859375,328.79998779296875,524686
2026-07-24 10:30:00-04:00,328.7950134277344,329.3699951171875,328.7099914550781,329.2099914550781,457142
2026-07-24 10:35:00-04:00,329.2170104980469,329.6482849121094,329.1400146484375,329.30999755859375,448302
2026-07-24 10:40:00-04:00,329.32000732421875,329.7900085449219,329.3132019042969,329.4049987792969,590776
2026-07-24 10:45:00-04:00,329.4100036621094,329.6400146484375,329.2099914550781,329.4150085449219,452967
2026-07-24 10:50:00-04:00,329.4049987792969,330.1899108886719,329.18011474609375,329.70001220703125,731983
2026-07-24 10:55:00-04:00,329.67999267578125,330.2300109863281,329.510009765625,329.9649963378906,549982
2026-07-24 11:00:00-04:00,329.9599914550781,330.4800109863281,329.7099914550781,330.4100036621094,420307
2026-07-24 11:05:00-04:00,330.3999938964844,330.6400146484375,330.1099853515625,330.3550109863281,426848
2026-07-24 11:10:00-04:00,330.3550109863281,331.3999938964844,330.1400146484375,331.2699890136719,699631
2026-07-24 11:15:00-04:00,331.28460693359375,331.6199951171875,331.0199890136719,331.1400146484375,667424
2026-07-24 11:20:00-04:00,331.1650085449219,331.5199890136719,331.0899963378906,331.4100036621094,371621
2026-07-24 11:25:00-04:00,331.4150085449219,331.92999267578125,331.3299865722656,331.7650146484375,454742
2026-07-24 11:30:00-04:00,331.7749938964844,332.29998779296875,331.6700134277344,332.260009765625,481680
2026-07-24 11:35:00-04:00,332.2598876953125,332.67999267578125,332.2200012207031,332.6499938964844,651001
2026-07-24 11:40:00-04:00,332.6499938964844,333.260986328125,332.6300048828125,332.80999755859375,729480
2026-07-24 11:45:00-04:00,332.80999755859375,333.1600036621094,332.7200012207031,332.9150085449219,410215
2026-07-24 11:50:00-04:00,332.9200134277344,333.6400146484375,332.9200134277344,333.3598937988281,596746
2026-07-24 11:55:00-04:00,333.3299865722656,333.3999938964844,332.8599853515625,333.04998779296875,678805
2026-07-24 12:00:00-04:00,333.0400085449219,333.80999755859375,333.0,333.7449951171875,519923
2026-07-24 12:05:00-04:00,333.760009765625,334.1000061035156,333.0304870605469,333.07000732421875,760466
2026-07-24 12:10:00-04:00,333.0799865722656,333.2799987792969,332.6600036621094,333.2101135253906,487470
2026-07-24 12:15:00-04:00,333.2200012207031,333.75,332.9599914550781,333.6700134277344,437513
2026-07-24 12:20:00-04:00,333.6600036621094,334.3699951171875,333.6000061035156,333.94000244140625,521978
2026-07-24 12:25:00-04:00,333.94000244140625,334.2300109863281,333.6300048828125,333.7200012207031,346421
2026-07-24 12:30:00-04:00,333.69500732421875,333.8294982910156,333.3599853515625,333.5249938964844,349181
2026-07-24 12:35:00-04:00,333.5350036621094,333.9075012207031,333.5,333.760009765625,288236
2026-07-24 12:40:00-04:00,333.7304992675781,333.92999267578125,333.4599914550781,333.5799865722656,295363
2026-07-24 12:45:00-04:00,333.5299987792969,333.7200012207031,332.94000244140625,333.0450134277344,307172
2026-07-24 12:50:00-04:00,333.0199890136719,333.1499938964844,332.6820068359375,332.95001220703125,282075
2026-07-24 12:55:00-04:00,332.95001220703125,333.20001220703125,332.8100891113281,333.1820068359375,239281
2026-07-24 13:00:00-04:00,333.19000244140625,333.5400085449219,332.8700866699219,332.8949890136719,335507
2026-07-24 13:05:00-04:00,332.9200134277344,334.2200012207031,332.5,332.6549987792969,577529
2026-07-24 13:10:00-04:00,332.6549987792969,332.8800048828125,332.3800048828125,332.5,271772
2026-07-24 13:15:00-04:00,332.5400085449219,332.7699890136719,332.30999755859375,332.4601135253906,305402
2026-07-24 13:20:00-04:00,332.489990234375,332.70001220703125,332.1617126464844,332.2799987792969,365066
2026-07-24 13:25:00-04:00,332.25048828125,332.4599914550781,332.1505126953125,332.3999938964844,230163
2026-07-24 13:30:00-04:00,332.3949890136719,333.19000244140625,332.3599853515625,332.8599853515625,400117
2026-07-24 13:35:00-04:00,332.8599853515625,333.0299987792969,332.6000061035156,332.8500061035156,230591
2026-07-24 13:40:00-04:00,332.8900146484375,333.07989501953125,332.6942138671875,332.9200134277344,182847
2026-07-24 13:45:00-04:00,332.9200134277344,333.1000061035156,332.79998779296875,332.9949951171875,229762
2026-07-24 13:50:00-04:00,333.0,333.0400085449219,332.75,332.9150085449219,155867
2026-07-24 13:55:00-04:00,332.9200134277344,332.95001220703125,332.6300048828125,332.6499938964844,186154
2026-07-24 14:00:00-04:00,332.6449890136719,332.8500061035156,332.6300048828125,332.7550048828125,199448
2026-07-24 14:05:00-04:00,332.7699890136719,333.1698913574219,332.75,332.7601013183594,234761
2026-07-24 14:10:00-04:00,332.7799987792969,332.8782958984375,332.42999267578125,332.44000244140625,192176
2026-07-24 14:15:00-04:00,332.44000244140625,332.75,332.3699951171875,332.5899963378906,210051
2026-07-24 14:20:00-04:00,332.57501220703125,332.6300048828125,332.2900085449219,332.3999938964844,205454
2026-07-24 14:25:00-04:00,332.4150085449219,332.4549865722656,332.1400146484375,332.2650146484375,353353
2026-07-24 14:30:00-04:00,332.2650146484375,332.4800109863281,332.05999755859375,332.19000244140625,323562
2026-07-24 14:35:00-04:00,332.20001220703125,332.6199951171875,332.1099853515625,332.5299987792969,459791
2026-07-24 14:40:00-04:00,332.5299987792969,332.5400085449219,332.05999755859375,332.2300109863281,341658
2026-07-24 14:45:00-04:00,332.2099914550781,332.68499755859375,332.20001220703125,332.67999267578125,244720
2026-07-24 14:50:00-04:00,332.69000244140625,333.1099853515625,332.69000244140625,332.9800109863281,326608
2026-07-24 14:55:00-04:00,332.9849853515625,333.1700134277344,332.8399963378906,332.92999267578125,266779
2026-07-24 15:00:00-04:00,332.9599914550781,333.2200012207031,332.9100036621094,333.0799865722656,1889879
2026-07-24 15:05:00-04:00,333.0899963378906,333.2300109863281,332.5400085449219,332.6099853515625,922372
2026-07-24 15:10:00-04:00,332.5899963378906,333.0299987792969,332.57000732421875,332.760009765625,430893
2026-07-24 15:15:00-04:00,332.739990234375,333.0899963378906,332.4800109863281,333.07000732421875,424390
2026-07-24 15:20:00-04:00,333.05499267578125,333.1000061035156,332.6199951171875,332.79998779296875,288215
2026-07-24 15:25:00-04:00,332.80499267578125,332.8399963378906,332.4599914550781,332.489990234375,329185
2026-07-24 15:30:00-04:00,332.4800109863281,332.55999755859375,332.3599853515625,332.3800048828125,407830
2026-07-24 15:35:00-04:00,332.3800048828125,332.7200012207031,332.260009765625,332.3399963378906,447653
2026-07-24 15:40:00-04:00,332.3399963378906,332.7699890136719,332.32000732421875,332.7650146484375,424211
2026-07-24 15:45:00-04:00,332.7550048828125,332.8599853515625,331.8500061035156,331.9800109863281,603374
2026-07-24 15:50:00-04:00,331.9700012207031,333.45001220703125,331.9501037597656,333.239990234375,1040831
2026-07-24 15:55:00-04:00,333.260009765625,333.42999267578125,332.75,333.07000732421875,1795824
2026-07-27 09:30:00-04:00,334.8999938964844,337.1199951171875,334.1000061035156,335.5450134277344,2928029
2026-07-27 09:35:00-04:00,335.5400085449219,336.510009765625,334.2799987792969,335.7349853515625,849389
2026-07-27 09:40:00-04:00,335.760009765625,336.05950927734375,334.9200134277344,335.05999755859375,639753
2026-07-27 09:45:00-04:00,335.0199890136719,336.7799987792969,334.8999938964844,335.35009765625,814452
2026-07-27 09:50:00-04:00,335.3999938964844,335.44000244140625,334.55999755859375,334.7850036621094,716779
2026-07-27 09:55:00-04:00,334.7799987792969,335.6600036621094,334.0199890136719,335.5849914550781,713137
2026-07-27 10:00:00-04:00,335.6199951171875,336.8999938964844,335.260009765625,335.7300109863281,944045
2026-07-27 10:05:00-04:00,335.7651062011719,336.789794921875,335.6499938964844,336.3500061035156,454799
2026-07-27 10:10:00-04:00,336.3515930175781,336.7799987792969,335.8999938964844,336.6000061035156,681479
2026-07-27 10:15:00-04:00,336.6000061035156,337.8699951171875,336.57000732421875,337.6300048828125,847584
2026-07-27 10:20:00-04:00,337.6300048828125,338.1400146484375,337.1217041015625,337.7300109863281,938065
2026-07-27 10:25:00-04:00,337.739990234375,337.92999267578125,337.04998779296875,337.69000244140625,743293
2026-07-27 10:30:00-04:00,337.70001220703125,337.8500061035156,336.79998779296875,337.3500061035156,931636
2026-07-27 10:35:00-04:00,337.2900085449219,337.7200012207031,336.9599914550781,337.6700134277344,804057
2026-07-27 10:40:00-04:00,337.7300109863281,337.90899658203125,336.2300109863281,336.32501220703125,920622
2026-07-27 10:45:00-04:00,336.32501220703125,337.5799865722656,336.1199951171875,337.3699951171875,715122
2026-07-27 10:50:00-04:00,337.3900146484375,337.510009765625,336.61749267578125,336.9700012207031,462980
2026-07-27 10:55:00-04:00,336.9700012207031,338.33990478515625,336.94000244140625,338.20001220703125,780411
2026-07-27 11:00:00-04:00,338.25,339.5,338.17999267578125,339.1000061035156,1064323
2026-07-27 11:05:00-04:00,339.1099853515625,339.4200134277344,338.57000732421875,338.5899963378906,629841
2026-07-27 11:10:00-04:00,338.6300048828125,339.20001220703125,338.55999755859375,339.04998779296875,366746
2026-07-27 11:15:00-04:00,339.04998779296875,339.2099914550781,338.6099853515625,338.8399963378906,396777
2026-07-27 11:20:00-04:00,338.864990234375,338.9695129394531,338.260498046875,338.5801086425781,401964
2026-07-27 11:25:00-04:00,338.5950927734375,338.8999938964844,338.44000244140625,338.739990234375,288263
2026-07-27 11:30:00-04:00,338.7300109863281,339.57000732421875,338.5723876953125,339.3699951171875,535701
2026-07-27 11:35:00-04:00,339.3500061035156,339.3500061035156,337.3800048828125,337.4700012207031,1965662
2026-07-27 11:40:00-04:00,337.5,338.3320007324219,337.0899963378906,338.260009765625,481401
2026-07-27 11:45:00-04:00,338.2898864746094,338.55999755859375,337.8500061035156,338.2300109863281,320882
2026-07-27 11:50:00-04:00,338.30999755859375,338.42498779296875,337.6700134277344,337.9399108886719,309782
2026-07-27 11:55:00-04:00,337.92999267578125,337.9549865722656,336.75,337.06500244140625,1362368
2026-07-27 12:00:00-04:00,337.0400085449219,337.4599914550781,336.95001220703125,337.2301025390625,367883
2026-07-27 12:05:00-04:00,337.2650146484375,337.2799987792969,337.0299987792969,337.20001220703125,172334
2026-07-27 12:10:00-04:00,337.1900939941406,337.5299987792969,337.10009765625,337.30999755859375,227535
2026-07-27 12:15:00-04:00,337.3299865722656,337.8800048828125,337.19500732421875,337.4800109863281,232393
2026-07-27 12:20:00-04:00,337.4849853515625,337.69000244140625,337.29998779296875,337.489990234375,238375
2026-07-27 12:25:00-04:00,337.510009765625,338.0,337.32000732421875,337.4501037597656,340041
2026-07-27 12:30:00-04:00,337.4599914550781,337.75,337.4150085449219,337.7200012207031,192600
2026-07-27 12:35:00-04:00,337.7200012207031,338.1300048828125,337.385009765625,337.43499755859375,227408
2026-07-27 12:40:00-04:00,337.45001220703125,337.5299987792969,336.57000732421875,336.7349853515625,356373
2026-07-27 12:45:00-04:00,336.739990234375,336.79998779296875,336.3999938964844,336.45001220703125,264497
2026-07-27 12:50:00-04:00,336.4552917480469,336.6000061035156,336.1300048828125,336.37298583984375,240665
2026-07-27 12:55:00-04:00,336.3800048828125,336.7200012207031,336.0199890136719,336.6600036621094,406191
2026-07-27 13:00:00-04:00,336.67999267578125,336.7850036621094,336.0400085449219,336.07501220703125,214053
2026-07-27 13:05:00-04:00,336.1099853515625,336.2799987792969,335.91070556640625,336.260009765625,258657
2026-07-27 13:10:00-04:00,336.2850036621094,336.45989990234375,336.1000061035156,336.3392028808594,384900
2026-07-27 13:15:00-04:00,336.3299865722656,336.3851013183594,335.67999267578125,335.9200134277344,244591
2026-07-27 13:20:00-04:00,335.94500732421875,336.44000244140625,335.79998779296875,336.4200134277344,212975
2026-07-27 13:25:00-04:00,336.44989013671875,336.75,336.0199890136719,336.04998779296875,311718
2026-07-27 13:30:00-04:00,336.07000732421875,336.439697265625,336.0,336.4200134277344,210781
2026-07-27 13:35:00-04:00,336.42498779296875,336.79998779296875,336.3013000488281,336.5299987792969,194237
2026-07-27 13:40:00-04:00,336.5299987792969,336.55999755859375,336.1099853515625,336.260009765625,183726
2026-07-27 13:45:00-04:00,336.2699890136719,336.29998779296875,335.8200988769531,335.8500061035156,208571
2026-07-27 13:50:00-04:00,335.864990234375,336.0400085449219,335.36199951171875,336.0400085449219,517805
2026-07-27 13:55:00-04:00,336.0400085449219,336.1098937988281,335.30999755859375,335.5174865722656,368778
2026-07-27 14:00:00-04:00,335.5400085449219,335.5799865722656,335.04998779296875,335.4132080078125,208857
2026-07-27 14:05:00-04:00,335.4049987792969,335.8599853515625,335.3500061035156,335.739990234375,377576
2026-07-27 14:10:00-04:00,335.760009765625,335.8800048828125,335.63299560546875,335.63299560546875,197648
2026-07-27 14:15:00-04:00,335.6300048828125,336.0,335.4601135253906,335.6199951171875,261153
2026-07-27 14:20:00-04:00,335.6199951171875,335.82000732421875,335.5799865722656,335.6449890136719,182728
2026-07-27 14:25:00-04:00,335.6300048828125,335.7200012207031,335.0754089355469,335.1499938964844,229047
2026-07-27 14:30:00-04:00,335.1499938964844,335.1700134277344,334.7699890136719,334.8598937988281,321973
2026-07-27 14:35:00-04:00,334.8399963378906,335.05999755859375,334.7099914550781,335.0,213569
2026-07-27 14:40:00-04:00,334.9949951171875,335.19000244140625,334.70001220703125,335.0400085449219,406625
2026-07-27 14:45:00-04:00,335.0400085449219,335.4599914550781,335.0050048828125,335.090087890625,231944
2026-07-27 14:50:00-04:00,335.1000061035156,335.84228515625,335.1000061035156,335.75,214806
2026-07-27 14:55:00-04:00,335.79998779296875,336.239990234375,335.664794921875,335.8500061035156,215141
2026-07-27 15:00:00-04:00,335.8500061035156,335.8500061035156,335.2799987792969,335.3031005859375,203768
2026-07-27 15:05:00-04:00,335.29998779296875,335.6600036621094,335.25,335.5350036621094,189372
2026-07-27 15:10:00-04:00,335.6000061035156,335.8299865722656,335.5,335.6000061035156,265040
2026-07-27 15:15:00-04:00,335.5799865722656,335.7897033691406,335.54168701171875,335.6000061035156,209804
2026-07-27 15:20:00-04:00,335.6199951171875,335.95001220703125,335.5199890136719,335.8500061035156,307184
2026-07-27 15:25:00-04:00,335.8550109863281,335.92999267578125,335.6700134277344,335.7200012207031,707447
2026-07-27 15:30:00-04:00,335.7200012207031,336.114990234375,335.6499938964844,336.01031494140625,343578
2026-07-27 15:35:00-04:00,336.010009765625,336.44000244140625,335.94500732421875,336.2900085449219,333083
2026-07-27 15:40:00-04:00,336.2900085449219,336.3800048828125,336.114990234375,336.2300109863281,326249
2026-07-27 15:45:00-04:00,336.2349853515625,336.36199951171875,335.7200012207031,336.3500061035156,470230
2026-07-27 15:50:00-04:00,336.3500061035156,337.1300048828125,336.3500061035156,337.1199951171875,632128
2026-07-27 15:55:00-04:00,337.1300048828125,337.2200012207031,336.69000244140625,336.9200134277344,1509242
2026-07-28 09:30:00-04:00,340.0299987792969,342.8900146484375,337.7099914550781,339.4700012207031,4297799
2026-07-28 09:35:00-04:00,339.4700012207031,340.4200134277344,338.6000061035156,338.75,1433167
2026-07-28 09:40:00-04:00,338.69000244140625,339.4150085449219,338.1199951171875,338.42999267578125,1186384
2026-07-28 09:45:00-04:00,338.4200134277344,338.8550109863281,337.5299987792969,337.93499755859375,957476
2026-07-28 09:50:00-04:00,337.9150085449219,339.6011047363281,337.8349914550781,338.25,1182046
2026-07-28 09:55:00-04:00,338.239990234375,338.74920654296875,337.1499938964844,337.5,708972
2026-07-28 10:00:00-04:00,337.5799865722656,338.1199951171875,336.0400085449219,336.3500061035156,714041
2026-07-28 10:05:00-04:00,336.3500061035156,337.5599060058594,335.6000061035156,336.635009765625,739904
2026-07-28 10:10:00-04:00,336.6449890136719,336.9700012207031,336.0,336.8800048828125,560306
2026-07-28 10:15:00-04:00,336.96990966796875,337.7950134277344,336.95001220703125,337.4150085449219,731298
2026-07-28 10:20:00-04:00,337.44000244140625,338.2699890136719,337.3299865722656,337.7200012207031,655867
2026-07-28 10:25:00-04:00,337.70001220703125,338.065185546875,337.4100036621094,337.9599914550781,407787
2026-07-28 10:30:00-04:00,337.9800109863281,338.7900085449219,337.9100036621094,338.6000061035156,593570
2026-07-28 10:35:00-04:00,338.5799865722656,338.6000061035156,337.3999938964844,337.4364929199219,513556
2026-07-28 10:40:00-04:00,337.45001220703125,338.30499267578125,337.2099914550781,338.1650085449219,465986
2026-07-28 10:45:00-04:00,338.1700134277344,338.3949890136719,337.95001220703125,338.0899963378906,501379
2026-07-28 10:50:00-04:00,338.0899963378906,338.3800048828125,337.1400146484375,337.2250061035156,528323
2026-07-28 10:55:00-04:00,337.2200927734375,337.5799865722656,336.92999267578125,337.05499267578125,414669
2026-07-28 11:00:00-04:00,337.0404968261719,337.7900085449219,336.6000061035156,337.7650146484375,408524
2026-07-28 11:05:00-04:00,337.7513122558594,338.8800048828125,337.73199462890625,338.8399963378906,547295
2026-07-28 11:10:00-04:00,338.8500061035156,339.4800109863281,338.8299865722656,339.0899963378906,639876
2026-07-28 11:15:00-04:00,339.0899963378906,339.6687927246094,338.9599914550781,339.3500061035156,493534
2026-07-28 11:20:00-04:00,339.3500061035156,339.4800109863281,338.6099853515625,338.80999755859375,379641
2026-07-28 11:25:00-04:00,338.80999755859375,339.5,338.67999267578125,339.2699890136719,311076
2026-07-28 11:30:00-04:00,339.2401123046875,339.6499938964844,339.0,339.19000244140625,874584
2026-07-28 11:35:00-04:00,339.19000244140625,339.54998779296875,339.1300048828125,339.44000244140625,278997
2026-07-28 11:40:00-04:00,339.43499755859375,339.8949890136719,339.3999938964844,339.6700134277344,317294
2026-07-28 11:45:00-04:00,339.7099914550781,339.7149963378906,339.23980712890625,339.3005065917969,237751
2026-07-28 11:50:00-04:00,339.3299865722656,339.760009765625,339.0299987792969,339.55999755859375,276936
2026-07-28 11:55:00-04:00,339.54998779296875,339.8689880371094,339.54998779296875,339.6600036621094,223151
2026-07-28 12:00:00-04:00,339.6600036621094,339.75,339.4599914550781,339.6600036621094,246840
2026-07-28 12:05:00-04:00,339.6700134277344,339.94000244140625,339.4700012207031,339.9100036621094,264671
2026-07-28 12:10:00-04:00,339.9200134277344,339.989990234375,339.7200927734375,339.82000732421875,267916
2026-07-28 12:15:00-04:00,339.8299865722656,339.8900146484375,339.5199890136719,339.7099914550781,257640
2026-07-28 12:20:00-04:00,339.67999267578125,339.93951416015625,339.510009765625,339.6650085449219,326667
2026-07-28 12:25:00-04:00,339.66400146484375,340.1400146484375,339.6300048828125,339.80999755859375,470918
2026-07-28 12:30:00-04:00,339.8299865722656,340.57989501953125,339.79010009765625,340.29998779296875,397116
2026-07-28 12:35:00-04:00,340.31500244140625,340.4200134277344,339.9599914550781,340.05010986328125,294447
2026-07-28 12:40:00-04:00,340.05999755859375,340.1000061035156,339.3900146484375,339.4549865722656,315342
2026-07-28 12:45:00-04:00,339.4700012207031,339.54998779296875,338.94000244140625,339.1300048828125,324059
2026-07-28 12:50:00-04:00,339.1499938964844,339.9750061035156,339.1300048828125,339.92999267578125,304010
2026-07-28 12:55:00-04:00,339.9200134277344,339.9649963378906,339.5199890136719,339.7699890136719,233653
2026-07-28 13:00:00-04:00,339.79998779296875,339.8900146484375,339.5199890136719,339.6700134277344,175769
2026-07-28 13:05:00-04:00,339.66009521484375,339.82000732421875,339.25201416015625,339.3800048828125,252282
2026-07-28 13:10:00-04:00,339.3699951171875,339.3999938964844,339.0199890136719,339.1000061035156,222131
2026-07-28 13:15:00-04:00,339.07000732421875,339.1700134277344,338.93011474609375,339.04998779296875,219635
2026-07-28 13:20:00-04:00,339.04998779296875,339.5,338.9599914550781,339.1856994628906,228196
2026-07-28 13:25:00-04:00,339.2099914550781,339.2355041503906,338.94500732421875,339.0299987792969,139967
2026-07-28 13:30:00-04:00,339.0400085449219,339.2799987792969,339.0,339.1400146484375,192296
2026-07-28 13:35:00-04:00,339.135009765625,339.42498779296875,339.0799865722656,339.3703918457031,196295
2026-07-28 13:40:00-04:00,339.3800048828125,339.78009033203125,339.3700866699219,339.5199890136719,311543
2026-07-28 13:45:00-04:00,339.489990234375,340.0198974609375,339.4599914550781,339.8800048828125,308901
2026-07-28 13:50:00-04:00,339.8800048828125,339.9200134277344,339.6159973144531,339.7900085449219,234951
2026-07-28 13:55:00-04:00,339.7900085449219,339.8999938964844,339.5008850097656,339.7449951171875,239803
2026-07-28 14:00:00-04:00,339.7449951171875,339.8399963378906,339.510009765625,339.6600036621094,531571
2026-07-28 14:05:00-04:00,339.6400146484375,339.69000244140625,339.4801025390625,339.625,214964
2026-07-28 14:10:00-04:00,339.6099853515625,339.6499938964844,339.4200134277344,339.55999755859375,202282
2026-07-28 14:15:00-04:00,339.57000732421875,339.80999755859375,339.42999267578125,339.75,225913
2026-07-28 14:20:00-04:00,339.7550048828125,339.885009765625,339.6499938964844,339.7699890136719,222091
2026-07-28 14:25:00-04:00,339.760009765625,340.159912109375,339.75,339.8399963378906,342469
2026-07-28 14:30:00-04:00,339.8399963378906,339.8900146484375,339.32000732421875,339.45001220703125,367741
2026-07-28 14:35:00-04:00,339.4549865722656,339.5299987792969,338.7950134277344,338.81500244140625,310743
2026-07-28 14:40:00-04:00,338.81500244140625,338.8399963378906,338.2799987792969,338.3999938964844,306835
2026-07-28 14:45:00-04:00,338.4100036621094,338.8699951171875,338.4100036621094,338.6499938964844,221260
2026-07-28 14:50:00-04:00,338.6257019042969,338.93499755859375,338.6199951171875,338.8500061035156,259327
2026-07-28 14:55:00-04:00,338.8599853515625,339.55999755859375,338.8599853515625,339.3500061035156,343911
2026-07-28 15:00:00-04:00,339.3450012207031,339.67498779296875,339.32000732421875,339.614990234375,307649
2026-07-28 15:05:00-04:00,339.6000061035156,339.6199951171875,339.2101135253906,339.32501220703125,311829
2026-07-28 15:10:00-04:00,339.3399963378906,339.45001220703125,339.1700134277344,339.1700134277344,265879
2026-07-28 15:15:00-04:00,339.1700134277344,339.4800109863281,339.1300048828125,339.2795104980469,296507
2026-07-28 15:20:00-04:00,339.29998779296875,339.5199890136719,339.176513671875,339.2749938964844,282160
2026-07-28 15:25:00-04:00,339.2799987792969,339.3699951171875,339.0299987792969,339.20001220703125,316179
2026-07-28 15:30:00-04:00,339.1600036621094,339.3800048828125,339.1000061035156,339.3599853515625,1439500
2026-07-28 15:35:00-04:00,339.3500061035156,339.9100036621094,339.3299865722656,339.7049865722656,501242
2026-07-28 15:40:00-04:00,339.7200012207031,340.1499938964844,339.70001220703125,340.010009765625,451713
2026-07-28 15:45:00-04:00,340.010009765625,340.010009765625,339.1300048828125,339.44000244140625,458614
2026-07-28 15:50:00-04:00,339.44000244140625,340.0,339.2900085449219,339.8500061035156,711895
2026-07-28 15:55:00-04:00,339.8399963378906,340.5299987792969,339.1000061035156,340.1600036621094,2852614
2026-07-29 09:30:00-04:00,339.69000244140625,342.19000244140625,339.55999755859375,340.0282897949219,2710870
2026-07-29 09:35:00-04:00,340.05999755859375,341.2178955078125,339.8500061035156,341.2178955078125,873577
2026-07-29 09:40:00-04:00,341.1600036621094,341.7799987792969,340.7900085449219,341.55999755859375,726405
2026-07-29 09:45:00-04:00,341.5450134277344,343.45001220703125,341.5299987792969,343.2349853515625,1270623
2026-07-29 09:50:00-04:00,343.2716064453125,343.6700134277344,342.94000244140625,343.0249938964844,929716
2026-07-29 09:55:00-04:00,343.0199890136719,343.1199951171875,342.19000244140625,342.8699951171875,651953
2026-07-29 10:00:00-04:00,342.82501220703125,343.4800109863281,342.5150146484375,343.19000244140625,822450
2026-07-29 10:05:00-04:00,343.19000244140625,343.302490234375,342.2300109863281,342.6650085449219,706768
2026-07-29 10:10:00-04:00,342.6400146484375,342.81500244140625,341.7200012207031,341.8299865722656,718477
2026-07-29 10:15:00-04:00,341.82501220703125,342.0889892578125,341.20001220703125,341.29998779296875,612360
2026-07-29 10:20:00-04:00,341.2900085449219,341.7284851074219,341.1300048828125,341.2200012207031,452400
2026-07-29 10:25:00-04:00,341.2799987792969,341.3399963378906,340.7200012207031,341.1600036621094,459648
2026-07-29 10:30:00-04:00,341.1700134277344,341.70001220703125,340.9100036621094,341.70001220703125,436264
2026-07-29 10:35:00-04:00,341.70001220703125,341.739990234375,341.1300048828125,341.2900085449219,278600
2026-07-29 10:40:00-04:00,341.2799987792969,341.6400146484375,341.0201110839844,341.5899963378906,479470
2026-07-29 10:45:00-04:00,341.57000732421875,341.70001220703125,340.80999755859375,341.0400085449219,398618
2026-07-29 10:50:00-04:00,341.05499267578125,341.05499267578125,340.3800048828125,340.7099914550781,566930
2026-07-29 10:55:00-04:00,340.7200012207031,340.8399963378906,340.1199951171875,340.3900146484375,421379
2026-07-29 11:00:00-04:00,340.3999938964844,340.5,339.5199890136719,339.739990234375,651984
2026-07-29 11:05:00-04:00,339.7799987792969,340.57000732421875,339.5899963378906,340.2650146484375,480042
2026-07-29 11:10:00-04:00,340.2799987792969,340.29998779296875,339.9100036621094,339.9700012207031,333202
2026-07-29 11:15:00-04:00,339.9700012207031,340.3299865722656,339.80999755859375,339.8699951171875,304789
2026-07-29 11:20:00-04:00,339.8500061035156,340.0899963378906,339.6499938964844,340.05999755859375,289456
2026-07-29 11:25:00-04:00,340.04998779296875,340.0899963378906,339.70001220703125,339.80999755859375,249968
2026-07-29 11:30:00-04:00,339.8299865722656,340.20001220703125,339.760009765625,339.8999938964844,342046
2026-07-29 11:35:00-04:00,339.9200134277344,340.67999267578125,339.8450012207031,340.3999938964844,362493
2026-07-29 11:40:00-04:00,340.3800964355469,340.6099853515625,339.8800048828125,340.0899963378906,357453
2026-07-29 11:45:00-04:00,340.0899963378906,340.8800048828125,340.05999755859375,340.8399963378906,301650
2026-07-29 11:50:00-04:00,340.80999755859375,341.2200012207031,340.7250061035156,340.8399963378906,386132
2026-07-29 11:55:00-04:00,340.8599853515625,341.1499938964844,340.75,341.0299987792969,313358
2026-07-29 12:00:00-04:00,341.1000061035156,341.1499938964844,340.6300048828125,340.8999938964844,203335
2026-07-29 12:05:00-04:00,340.9049987792969,341.0350036621094,340.70001220703125,341.010009765625,271831
2026-07-29 12:10:00-04:00,340.9700012207031,341.07501220703125,340.70001220703125,340.8299865722656,177501
2026-07-29 12:15:00-04:00,340.79998779296875,341.1600036621094,340.67999267578125,341.07000732421875,292895
2026-07-29 12:20:00-04:00,341.07000732421875,341.54998779296875,340.8399963378906,341.54998779296875,322180
2026-07-29 12:25:00-04:00,341.5350036621094,341.55999755859375,341.2099914550781,341.2699890136719,215536
2026-07-29 12:30:00-04:00,341.25,341.4100036621094,340.9700012207031,341.1099853515625,206882
2026-07-29 12:35:00-04:00,341.1099853515625,341.1400146484375,340.4800109863281,340.57000732421875,216142
2026-07-29 12:40:00-04:00,340.56500244140625,340.5950012207031,340.04998779296875,340.55999755859375,208629
2026-07-29 12:45:00-04:00,340.55999755859375,340.8500061035156,340.30059814453125,340.8500061035156,204410
2026-07-29 12:50:00-04:00,340.82000732421875,341.1097106933594,340.75,341.0299987792969,200310
2026-07-29 12:55:00-04:00,341.0299987792969,341.30999755859375,340.81500244140625,341.30999755859375,199148
2026-07-29 13:00:00-04:00,341.32000732421875,342.0799865722656,341.114990234375,341.9649963378906,481940
2026-07-29 13:05:00-04:00,341.9599914550781,342.0799865722656,341.55999755859375,341.56988525390625,297369
2026-07-29 13:10:00-04:00,341.54998779296875,342.32000732421875,341.54998779296875,342.32000732421875,329981
2026-07-29 13:15:00-04:00,342.32000732421875,342.8900146484375,342.1200866699219,342.864990234375,383178
2026-07-29 13:20:00-04:00,342.8800048828125,343.44891357421875,342.801513671875,342.92999267578125,732511
2026-07-29 13:25:00-04:00,342.9700012207031,343.1199951171875,342.69000244140625,342.7200012207031,352847
2026-07-29 13:30:00-04:00,342.69500732421875,342.7250061035156,342.3500061035156,342.4750061035156,261064
2026-07-29 13:35:00-04:00,342.5,343.1700134277344,342.4750061035156,343.0010986328125,310741
2026-07-29 13:40:00-04:00,343.0101013183594,343.3900146484375,342.9700012207031,343.04840087890625,392202
2026-07-29 13:45:00-04:00,343.06500244140625,343.1600036621094,342.9200134277344,342.9949951171875,351163
2026-07-29 13:50:00-04:00,343.0,343.17999267578125,342.7101135253906,342.9800109863281,272802
2026-07-29 13:55:00-04:00,342.9649963378906,343.3399963378906,342.6600036621094,343.2099914550781,261286
2026-07-29 14:00:00-04:00,343.25,344.19000244140625,343.04010009765625,344.17498779296875,1033939
2026-07-29 14:05:00-04:00,344.1499938964844,344.56988525390625,343.6099853515625,343.75,744836
2026-07-29 14:10:00-04:00,343.7300109863281,343.9700012207031,343.4601135253906,343.70001220703125,434558
2026-07-29 14:15:00-04:00,343.69000244140625,344.0332946777344,343.5899963378906,343.8800048828125,298455
2026-07-29 14:20:00-04:00,343.8800048828125,343.8900146484375,343.260009765625,343.3500061035156,411628
2026-07-29 14:25:00-04:00,343.3399963378906,343.6400146484375,343.1700134277344,343.58770751953125,351831
2026-07-29 14:30:00-04:00,343.5899963378906,343.8399963378906,342.9700012207031,343.2900085449219,417800
2026-07-29 14:35:00-04:00,343.29998779296875,343.94000244140625,343.1300048828125,343.815185546875,406800
2026-07-29 14:40:00-04:00,343.81500244140625,343.9200134277344,343.3299865722656,343.70001220703125,412608
2026-07-29 14:45:00-04:00,343.69500732421875,343.8599853515625,343.3999938964844,343.79998779296875,332348
2026-07-29 14:50:00-04:00,343.7950134277344,343.8900146484375,343.4700012207031,343.6300964355469,291051
2026-07-29 14:55:00-04:00,343.6600036621094,343.8399963378906,342.7449951171875,342.8999938964844,428513
2026-07-29 15:00:00-04:00,342.8999938964844,342.989990234375,341.989990234375,342.31500244140625,514964
2026-07-29 15:05:00-04:00,342.31500244140625,342.3699951171875,341.9100036621094,341.9549865722656,412939
2026-07-29 15:10:00-04:00,341.9549865722656,342.6400146484375,341.92999267578125,342.4200134277344,416728
2026-07-29 15:15:00-04:00,342.3900146484375,342.8699951171875,342.1400146484375,342.2950134277344,339519
2026-07-29 15:20:00-04:00,342.30499267578125,342.3900146484375,341.5450134277344,341.54998779296875,396737
2026-07-29 15:25:00-04:00,341.5299987792969,342.0,341.3299865722656,341.5299987792969,442669
2026-07-29 15:30:00-04:00,341.55999755859375,341.55999755859375,340.5199890136719,340.80499267578125,499575
2026-07-29 15:35:00-04:00,340.8299865722656,340.92999267578125,339.57000732421875,339.6400146484375,579627
2026-07-29 15:40:00-04:00,339.6400146484375,339.9800109863281,339.32000732421875,339.5799865722656,625902
2026-07-29 15:45:00-04:00,339.5849914550781,340.32989501953125,339.5199890136719,340.07000732421875,590081
2026-07-29 15:50:00-04:00,340.0,340.04998779296875,338.8301086425781,339.3299865722656,1070002
2026-07-29 15:55:00-04:00,339.32000732421875,339.3399963378906,337.35009765625,338.07000732421875,5275294
2026-07-30 09:30:00-04:00,333.1300048828125,334.4800109863281,332.010009765625,332.739990234375,3832417
2026-07-30 09:35:00-04:00,332.69000244140625,332.9700012207031,331.2099914550781,331.2950134277344,1310090
2026-07-30 09:40:00-04:00,331.30999755859375,332.739990234375,330.710205078125,332.19000244140625,1127584
2026-07-30 09:45:00-04:00,332.17498779296875,332.4800109863281,331.25,331.55499267578125,1167207
2026-07-30 09:50:00-04:00,331.54998779296875,333.17999267578125,331.3399963378906,332.3106994628906,987403
2026-07-30 09:55:00-04:00,332.2699890136719,332.3500061035156,331.43499755859375,332.1499938964844,776663
2026-07-30 10:00:00-04:00,332.0799865722656,332.1239929199219,330.57000732421875,330.75,949672
2026-07-30 10:05:00-04:00,330.7300109863281,332.8699951171875,330.3500061035156,332.79998779296875,987188
2026-07-30 10:10:00-04:00,332.80499267578125,332.82000732421875,331.1600036621094,331.3999938964844,720062
2026-07-30 10:15:00-04:00,331.4049987792969,331.9800109863281,331.1099853515625,331.44000244140625,576922
2026-07-30 10:20:00-04:00,331.4599914550781,332.1700134277344,331.3299865722656,331.5899963378906,624066
2026-07-30 10:25:00-04:00,331.6000061035156,332.2900085449219,331.25,331.30999755859375,519720
2026-07-30 10:30:00-04:00,331.29998779296875,331.29998779296875,329.760009765625,329.8599853515625,803285
2026-07-30 10:35:00-04:00,329.8550109863281,331.5,329.5899963378906,331.1400146484375,880249
2026-07-30 10:40:00-04:00,331.1400146484375,332.239990234375,331.1199951171875,332.0799865722656,768441
2026-07-30 10:45:00-04:00,332.07000732421875,332.3999938964844,331.739990234375,332.2300109863281,528790
2026-07-30 10:50:00-04:00,332.2438049316406,332.6400146484375,331.7699890136719,331.9700012207031,573888
2026-07-30 10:55:00-04:00,331.989990234375,332.3299865722656,331.4949951171875,332.3299865722656,373059
2026-07-30 11:00:00-04:00,332.3399963378906,332.3399963378906,331.3500061035156,331.8399963378906,597286
2026-07-30 11:05:00-04:00,331.864990234375,333.0,331.57501220703125,332.7799987792969,647614
2026-07-30 11:10:00-04:00,332.79998779296875,333.03228759765625,331.45001220703125,331.4700012207031,401029
2026-07-30 11:15:00-04:00,331.489990234375,332.07000732421875,331.29998779296875,331.635009765625,363818
2026-07-30 11:20:00-04:00,331.6300048828125,331.739990234375,331.10009765625,331.20001220703125,466708
2026-07-30 11:25:00-04:00,331.20001220703125,331.6000061035156,331.0199890136719,331.2200012207031,364090
2026-07-30 11:30:00-04:00,331.2349853515625,332.07000732421875,331.1499938964844,332.0299987792969,319099
2026-07-30 11:35:00-04:00,332.04998779296875,332.1094055175781,331.57000732421875,331.7200012207031,1630738
2026-07-30 11:40:00-04:00,331.7200012207031,332.3399963378906,331.6000061035156,332.1400146484375,368586
2026-07-30 11:45:00-04:00,332.1499938964844,332.4200134277344,331.7898864746094,331.8349914550781,334296
2026-07-30 11:50:00-04:00,331.8500061035156,332.0400085449219,331.3399963378906,331.7049865722656,366403
2026-07-30 11:55:00-04:00,331.7200012207031,332.1199951171875,331.6099853515625,331.760009765625,385573
2026-07-30 12:00:00-04:00,331.75,331.75,330.8900146484375,331.04998779296875,519834
2026-07-30 12:05:00-04:00,331.07000732421875,331.2850036621094,330.6300048828125,330.9800109863281,504683
2026-07-30 12:10:00-04:00,330.9599914550781,331.43499755859375,330.8399963378906,331.2099914550781,350889
2026-07-30 12:15:00-04:00,331.2049865722656,332.6000061035156,331.0950012207031,332.0400085449219,534745
2026-07-30 12:20:00-04:00,332.05999755859375,332.43499755859375,331.7305908203125,331.94000244140625,411548
2026-07-30 12:25:00-04:00,331.93499755859375,332.3500061035156,331.760009765625,332.0899963378906,335587
2026-07-30 12:30:00-04:00,332.0899963378906,332.1400146484375,331.4049987792969,331.8299865722656,290273
2026-07-30 12:35:00-04:00,331.82000732421875,332.1700134277344,331.760009765625,332.0150146484375,365337
2026-07-30 12:40:00-04:00,332.0299072265625,332.2491149902344,331.5899963378906,332.125,482413
2026-07-30 12:45:00-04:00,332.125,332.3699951171875,331.82000732421875,332.1199951171875,351061
2026-07-30 12:50:00-04:00,332.1400146484375,332.26129150390625,331.989990234375,332.1300048828125,531919
2026-07-30 12:55:00-04:00,332.1400146484375,332.1700134277344,331.5799865722656,331.6199951171875,272087
2026-07-30 13:00:00-04:00,331.6199951171875,332.25,331.6199951171875,332.1600036621094,265271
2026-07-30 13:05:00-04:00,332.1700134277344,332.2699890136719,332.04998779296875,332.25,212767
2026-07-30 13:10:00-04:00,332.260009765625,332.8500061035156,332.2560119628906,332.7099914550781,377652
2026-07-30 13:15:00-04:00,332.7200012207031,332.7699890136719,332.25,332.55999755859375,369986
2026-07-30 13:20:00-04:00,332.54998779296875,332.57000732421875,332.1300048828125,332.2900085449219,304738
2026-07-30 13:25:00-04:00,332.2900085449219,332.33599853515625,331.989990234375,332.0899963378906,245294
2026-07-30 13:30:00-04:00,332.0799865722656,332.3999938964844,331.7200927734375,331.9100036621094,257110
2026-07-30 13:35:00-04:00,331.95001220703125,332.389892578125,331.9100036621094,332.15008544921875,271921
2026-07-30 13:40:00-04:00,332.20001220703125,332.7799987792969,331.9800109863281,332.6499938964844,192787
2026-07-30 13:45:00-04:00,332.6400146484375,332.739990234375,332.4599914550781,332.69000244140625,211852
2026-07-30 13:50:00-04:00,332.69000244140625,333.1659851074219,332.6492919921875,332.92999267578125,279375
2026-07-30 13:55:00-04:00,332.95001220703125,333.30999755859375,332.8699951171875,333.2950134277344,297313
2026-07-30 14:00:00-04:00,333.30999755859375,333.9800109863281,333.0150146484375,333.0249938964844,394208
2026-07-30 14:05:00-04:00,333.0498962402344,333.510009765625,333.0115966796875,333.19500732421875,320802
2026-07-30 14:10:00-04:00,333.19500732421875,333.4599914550781,333.0299987792969,333.2749938964844,429762
2026-07-30 14:15:00-04:00,333.2799987792969,333.739990234375,333.2749938964844,333.6549987792969,342328
2026-07-30 14:20:00-04:00,333.6400146484375,333.6400146484375,332.95001220703125,333.0602111816406,314473
2026-07-30 14:25:00-04:00,333.07501220703125,333.20001220703125,332.7341003417969,333.1000061035156,282961
2026-07-30 14:30:00-04:00,333.1199951171875,333.6199951171875,332.8999938964844,333.5899963378906,275976
2026-07-30 14:35:00-04:00,333.5799865722656,333.65020751953125,333.375,333.55999755859375,268954
2026-07-30 14:40:00-04:00,333.55999755859375,333.7550048828125,333.4700012207031,333.5299987792969,309637
2026-07-30 14:45:00-04:00,333.5400085449219,333.9996032714844,333.4200134277344,333.9100036621094,314613
2026-07-30 14:50:00-04:00,333.9100036621094,334.0899963378906,333.739990234375,333.9798889160156,319800
2026-07-30 14:55:00-04:00,333.94000244140625,334.0799865722656,333.7123107910156,333.75,335983
2026-07-30 15:00:00-04:00,333.7349853515625,334.0166015625,333.4599914550781,333.80999755859375,464471
2026-07-30 15:05:00-04:00,333.80499267578125,333.885009765625,333.4054870605469,333.6099853515625,426958
2026-07-30 15:10:00-04:00,333.6099853515625,333.8999938964844,333.5299987792969,333.6549987792969,371774
2026-07-30 15:15:00-04:00,333.6600036621094,333.95001220703125,333.5,333.8699951171875,440607
2026-07-30 15:20:00-04:00,333.875,333.8999938964844,333.1300048828125,333.45001220703125,477436
2026-07-30 15:25:00-04:00,333.4649963378906,333.739990234375,333.1499938964844,333.1600036621094,762082
2026-07-30 15:30:00-04:00,333.1600036621094,333.5299987792969,332.79998779296875,333.25,913787
2026-07-30 15:35:00-04:00,333.25,333.5799865722656,333.1300048828125,333.4700012207031,525951
2026-07-30 15:40:00-04:00,333.4649963378906,333.55999755859375,332.9100036621094,333.0050048828125,576772
2026-07-30 15:45:00-04:00,333.010009765625,333.114990234375,332.30999755859375,332.6549987792969,774447
2026-07-30 15:50:00-04:00,332.6300048828125,333.19000244140625,332.4800109863281,332.864990234375,1139941
2026-07-30 15:55:00-04:00,332.8500061035156,334.75,332.5299987792969,333.8500061035156,2104603
2026-07-31 09:30:00-04:00,304.80999755859375,306.8999938964844,300.54998779296875,302.1099853515625,16977324
2026-07-31 09:35:00-04:00,302.30999755859375,303.3500061035156,300.9200134277344,301.32000732421875,5423499
2026-07-31 09:40:00-04:00,301.19000244140625,304.9100036621094,300.3299865722656,304.7900085449219,3843272
2026-07-31 09:45:00-04:00,304.7799987792969,305.9198913574219,304.0799865722656,305.17999267578125,3476263
2026-07-31 09:50:00-04:00,305.2062072753906,305.5,304.29998779296875,304.81890869140625,1841422
2026-07-31 09:55:00-04:00,304.82501220703125,305.45001220703125,302.5199890136719,302.7900085449219,1975410
2026-07-31 10:00:00-04:00,302.7900085449219,303.32000732421875,301.35009765625,302.1199951171875,2381993
2026-07-31 10:05:00-04:00,302.0950012207031,302.94000244140625,301.8399963378906,302.8800048828125,1560619
2026-07-31 10:10:00-04:00,302.8340148925781,303.06500244140625,301.3599853515625,302.1361083984375,1659992
2026-07-31 10:15:00-04:00,302.1449890136719,302.8494873046875,301.6499938964844,302.53009033203125,1156895
2026-07-31 10:20:00-04:00,302.510009765625,303.56988525390625,302.3900146484375,303.2099914550781,1005635
2026-07-31 10:25:00-04:00,303.18499755859375,303.539306640625,302.5799865722656,302.739990234375,969301
2026-07-31 10:30:00-04:00,302.7550048828125,302.99798583984375,301.9200134277344,301.94000244140625,916124
2026-07-31 10:35:00-04:00,301.92498779296875,302.5799865722656,301.70001220703125,302.260009765625,736406
2026-07-31 10:40:00-04:00,302.2799987792969,302.79998779296875,302.0400085449219,302.43499755859375,754471
2026-07-31 10:45:00-04:00,302.4200134277344,302.6600036621094,302.05999755859375,302.57000732421875,850467
2026-07-31 10:50:00-04:00,302.57000732421875,302.760009765625,302.1700134277344,302.4299011230469,736670
2026-07-31 10:55:00-04:00,302.3999938964844,303.20001220703125,301.95001220703125,303.1600036621094,1041765
2026-07-31 11:00:00-04:00,303.1600036621094,303.239990234375,302.3207092285156,302.635009765625,1038019
2026-07-31 11:05:00-04:00,302.6300048828125,302.95001220703125,302.4599914550781,302.8900146484375,729965
2026-07-31 11:10:00-04:00,302.9200134277344,303.0794982910156,302.5299987792969,302.9949951171875,943185
2026-07-31 11:15:00-04:00,302.9949951171875,304.0295104980469,302.760009765625,303.8901062011719,1036812
2026-07-31 11:20:00-04:00,303.8900146484375,304.25,302.9230041503906,302.95001220703125,775731
2026-07-31 11:25:00-04:00,302.9551086425781,303.0799865722656,301.6400146484375,301.7300109863281,1338201
2026-07-31 11:30:00-04:00,301.7300109863281,302.3599853515625,301.7250061035156,302.2731018066406,825577
2026-07-31 11:35:00-04:00,302.2900085449219,302.82000732421875,302.04998779296875,302.1600036621094,1148491
2026-07-31 11:40:00-04:00,302.19000244140625,302.33990478515625,301.44000244140625,301.95001220703125,1079267
2026-07-31 11:45:00-04:00,301.95001220703125,302.35699462890625,300.739990234375,300.88580322265625,1009135
2026-07-31 11:50:00-04:00,300.864990234375,301.4219970703125,300.3999938964844,301.3999938964844,973176
2026-07-31 11:55:00-04:00,301.3900146484375,301.7200012207031,300.8900146484375,301.2950134277344,1066775
2026-07-31 12:00:00-04:00,301.2850036621094,301.59991455078125,300.8999938964844,301.3399963378906,675613
2026-07-31 12:05:00-04:00,301.3550109863281,301.45001220703125,301.1199951171875,301.2300109863281,392585
2026-07-31 12:10:00-04:00,301.2674865722656,302.1400146484375,301.19000244140625,302.114990234375,492330
2026-07-31 12:15:00-04:00,302.1050109863281,302.3399963378906,301.1300048828125,301.1549987792969,861254
2026-07-31 12:20:00-04:00,301.17498779296875,301.614013671875,301.1400146484375,301.44500732421875,569919
2026-07-31 12:25:00-04:00,301.45001220703125,301.5799865722656,300.4700012207031,300.5400085449219,763094
2026-07-31 12:30:00-04:00,300.55999755859375,300.67999267578125,300.0,300.5350036621094,1356643
2026-07-31 12:35:00-04:00,300.5199890136719,301.010009765625,300.3500061035156,300.54998779296875,645228
2026-07-31 12:40:00-04:00,300.54779052734375,300.9800109863281,300.2099914550781,300.364990234375,820080
2026-07-31 12:45:00-04:00,300.3599853515625,301.1099853515625,300.2449951171875,300.7799987792969,559159
2026-07-31 12:50:00-04:00,300.7900085449219,301.54998779296875,300.57000732421875,300.7200012207031,730942
2026-07-31 12:55:00-04:00,300.7300109863281,300.9700012207031,300.3900146484375,300.8699951171875,590605
2026-07-31 13:00:00-04:00,300.8599853515625,301.83428955078125,300.8550109863281,301.5849914550781,624192
2026-07-31 13:05:00-04:00,301.5899963378906,301.7799987792969,301.1499938964844,301.1709899902344,501552
2026-07-31 13:10:00-04:00,301.1700134277344,301.6000061035156,300.9599914550781,301.5199890136719,498692
2026-07-31 13:15:00-04:00,301.5150146484375,301.82000732421875,301.20001220703125,301.57501220703125,609988
2026-07-31 13:20:00-04:00,301.5790100097656,301.6549987792969,301.25,301.3500061035156,495017
2026-07-31 13:25:00-04:00,301.3399963378906,301.45001220703125,301.0400085449219,301.20001220703125,381652
2026-07-31 13:30:00-04:00,301.20001220703125,301.57000732421875,301.1000061035156,301.468994140625,489552
2026-07-31 13:35:00-04:00,301.4599914550781,301.7200012207031,301.2699890136719,301.3900146484375,413729
2026-07-31 13:40:00-04:00,301.3999938964844,301.6000061035156,301.2900085449219,301.30499267578125,409872
2026-07-31 13:45:00-04:00,301.30499267578125,301.42999267578125,301.0600891113281,301.1600036621094,439558
2026-07-31 13:50:00-04:00,301.1698913574219,301.2650146484375,300.5350036621094,300.67999267578125,3631086
2026-07-31 13:55:00-04:00,300.69000244140625,300.8699951171875,300.5,300.6400146484375,521004
2026-07-31 14:00:00-04:00,300.6400146484375,301.2900085449219,300.5950012207031,301.07501220703125,619856
2026-07-31 14:05:00-04:00,301.06500244140625,301.2250061035156,300.69500732421875,300.9549865722656,727988
2026-07-31 14:10:00-04:00,300.9700012207031,302.0950012207031,300.94000244140625,301.9949951171875,845009
2026-07-31 14:15:00-04:00,302.0050048828125,302.0899963378906,301.6099853515625,302.0299987792969,490080
2026-07-31 14:20:00-04:00,302.0199890136719,302.4200134277344,301.9700012207031,302.3299865722656,518716
2026-07-31 14:25:00-04:00,302.3399963378906,302.3599853515625,301.67999267578125,301.7300109863281,469209
2026-07-31 14:30:00-04:00,301.760009765625,302.1600036621094,301.7449951171875,302.0610046386719,584037
2026-07-31 14:35:00-04:00,302.06500244140625,302.16009521484375,301.8500061035156,302.0150146484375,471781
2026-07-31 14:40:00-04:00,302.0150146484375,302.3450012207031,301.8901062011719,302.3223876953125,606593
2026-07-31 14:45:00-04:00,302.31500244140625,302.5299987792969,302.04010009765625,302.2950134277344,616119
2026-07-31 14:50:00-04:00,302.2950134277344,303.0,302.239990234375,302.885009765625,803325
2026-07-31 14:55:00-04:00,302.885009765625,302.9446105957031,302.4200134277344,302.8299865722656,662949
2026-07-31 15:00:00-04:00,302.8399963378906,303.94000244140625,302.7799987792969,303.75,1054178
2026-07-31 15:05:00-04:00,303.7550048828125,304.5299987792969,303.6499938964844,304.4150085449219,1262330
2026-07-31 15:10:00-04:00,304.4100036621094,304.8699951171875,304.3900146484375,304.5799865722656,1137472
2026-07-31 15:15:00-04:00,304.5849914550781,305.7099914550781,304.5299987792969,305.24200439453125,2478844
2026-07-31 15:20:00-04:00,305.239990234375,305.39990234375,304.635009765625,305.3450012207031,1121798
2026-07-31 15:25:00-04:00,305.3450012207031,305.7049865722656,305.1099853515625,305.6549987792969,1052537
2026-07-31 15:30:00-04:00,305.6600036621094,305.864990234375,305.07000732421875,305.8599853515625,1678978
2026-07-31 15:35:00-04:00,305.8699951171875,306.4100036621094,305.0199890136719,305.1400146484375,1445349
2026-07-31 15:40:00-04:00,305.1400146484375,306.6199951171875,305.1099853515625,306.5350036621094,1690899
2026-07-31 15:45:00-04:00,306.5400085449219,307.3299865722656,306.1300048828125,306.7099914550781,2595918
2026-07-31 15:50:00-04:00,306.69000244140625,309.9999084472656,306.67999267578125,309.7200012207031,5099150
2026-07-31 15:55:00-04:00,309.7099914550781,310.6600036621094,307.6400146484375,309.0299987792969,8132664
2026-08-03 09:30:00-04:00,309.6700134277344,311.79998779296875,305.1700134277344,308.2799987792969,5055247
2026-08-03 09:35:00-04:00,308.2850036621094,308.4800109863281,306.4100036621094,306.9200134277344,1222718
2026-08-03 09:40:00-04:00,306.943115234375,308.4599914550781,306.0,306.135009765625,1101759
2026-08-03 09:45:00-04:00,306.135009765625,306.7398986816406,305.54998779296875,306.67999267578125,1100411
2026-08-03 09:50:00-04:00,306.739990234375,308.29998779296875,306.7300109863281,308.2950134277344,907429
2026-08-03 09:55:00-04:00,308.2699890136719,308.2850036621094,305.7699890136719,305.91900634765625,878877
2026-08-03 10:00:00-04:00,305.9100036621094,305.9100036621094,304.3399963378906,304.6000061035156,1467931
2026-08-03 10:05:00-04:00,304.585693359375,305.6300048828125,304.3900146484375,305.5299987792969,839531
2026-08-03 10:10:00-04:00,305.5199890136719,306.6700134277344,305.04998779296875,306.510009765625,834152
2026-08-03 10:15:00-04:00,306.5050048828125,307.21551513671875,306.05999755859375,306.2149963378906,632790
2026-08-03 10:20:00-04:00,306.2149963378906,306.32000732421875,305.5950012207031,306.010009765625,720428
2026-08-03 10:25:00-04:00,306.010009765625,306.0199890136719,305.510009765625,305.55010986328125,420596
2026-08-03 10:30:00-04:00,305.54998779296875,305.67999267578125,305.25,305.625,710885
2026-08-03 10:35:00-04:00,305.639892578125,306.177001953125,305.3999938964844,305.5000915527344,752074
2026-08-03 10:40:00-04:00,305.5150146484375,305.8999938964844,305.340087890625,305.7550048828125,504904
2026-08-03 10:45:00-04:00,305.7550048828125,306.44000244140625,305.0801086425781,305.2799987792969,872522
2026-08-03 10:50:00-04:00,305.2799987792969,305.9700012207031,305.2349853515625,305.4100036621094,654260
2026-08-03 10:55:00-04:00,305.4150085449219,305.6600036621094,305.0201110839844,305.3500061035156,697416
2026-08-03 11:00:00-04:00,305.3450012207031,305.6700134277344,304.8122863769531,304.9649963378906,1013222
2026-08-03 11:05:00-04:00,304.95001220703125,305.0899963378906,304.6000061035156,304.8900146484375,767064
2026-08-03 11:10:00-04:00,304.8949890136719,305.489990234375,304.86749267578125,305.1571960449219,768514
2026-08-03 11:15:00-04:00,305.1499938964844,305.79998779296875,305.1000061035156,305.19000244140625,1042650
2026-08-03 11:20:00-04:00,305.19500732421875,305.2099914550781,304.7200012207031,304.8949890136719,706856
2026-08-03 11:25:00-04:00,304.8949890136719,304.8949890136719,303.8999938964844,304.2149963378906,1022063
2026-08-03 11:30:00-04:00,304.2149963378906,304.2300109863281,303.5,303.6199951171875,837865
2026-08-03 11:35:00-04:00,303.625,304.3949890136719,303.6000061035156,303.8089904785156,578605
2026-08-03 11:40:00-04:00,303.80999755859375,303.8800048828125,303.110107421875,303.16009521484375,694555
2026-08-03 11:45:00-04:00,303.1650085449219,303.1698913574219,302.55999755859375,302.7510986328125,688899
2026-08-03 11:50:00-04:00,302.7550048828125,303.19000244140625,302.7449951171875,303.0849914550781,472623
2026-08-03 11:55:00-04:00,303.0849914550781,303.7900085449219,303.0801086425781,303.7749938964844,533300
2026-08-03 12:00:00-04:00,303.7749938964844,304.44000244140625,303.7300109863281,304.33990478515625,673800
2026-08-03 12:05:00-04:00,304.3349914550781,305.0400085449219,304.0350036621094,304.1099853515625,954021
2026-08-03 12:10:00-04:00,304.1050109863281,304.3599853515625,303.7349853515625,304.04010009765625,556524
2026-08-03 12:15:00-04:00,304.0450134277344,304.5299987792969,304.0400085449219,304.4599914550781,540173
2026-08-03 12:20:00-04:00,304.45098876953125,305.17999267578125,304.45001220703125,305.1449890136719,609664
2026-08-03 12:25:00-04:00,305.1449890136719,306.3599853515625,305.04998779296875,306.3599853515625,877532
2026-08-03 12:30:00-04:00,306.3500061035156,306.8900146484375,306.3500061035156,306.41009521484375,894601
2026-08-03 12:35:00-04:00,306.4100036621094,306.8800048828125,306.0450134277344,306.875,655670
2026-08-03 12:40:00-04:00,306.8799133300781,307.17999267578125,306.5199890136719,306.6600036621094,641576
2026-08-03 12:45:00-04:00,306.6690979003906,306.6700134277344,305.8999938964844,306.2049865722656,507986
2026-08-03 12:50:00-04:00,306.2099914550781,306.7699890136719,306.1449890136719,306.55499267578125,649150
2026-08-03 12:55:00-04:00,306.56988525390625,306.6700134277344,306.35009765625,306.6099853515625,302700
2026-08-03 13:00:00-04:00,306.614990234375,306.94500732421875,306.3699951171875,306.94500732421875,357675
2026-08-03 13:05:00-04:00,306.94500732421875,307.07000732421875,306.5899963378906,306.82501220703125,378412
2026-08-03 13:10:00-04:00,306.822509765625,307.0,306.5299987792969,306.7049865722656,745081
2026-08-03 13:15:00-04:00,306.7049865722656,307.2699890136719,306.6650085449219,307.0599060058594,478216
2026-08-03 13:20:00-04:00,307.05010986328125,307.2300109863281,306.80010986328125,307.2001037597656,849207
2026-08-03 13:25:00-04:00,307.20001220703125,307.5400085449219,307.1600036621094,307.2250061035156,438773
2026-08-03 13:30:00-04:00,307.2250061035156,307.2300109863281,306.70001220703125,306.81500244140625,394381
2026-08-03 13:35:00-04:00,306.81500244140625,306.82000732421875,306.19000244140625,306.5350036621094,458029
2026-08-03 13:40:00-04:00,306.5350036621094,306.79998779296875,306.5,306.7900085449219,291687
2026-08-03 13:45:00-04:00,306.7799987792969,306.7898864746094,306.12060546875,306.2499084472656,360122
2026-08-03 13:50:00-04:00,306.25,306.3999938964844,305.8999938964844,305.9501037597656,346268
2026-08-03 13:55:00-04:00,305.95098876953125,306.17999267578125,305.53009033203125,306.07501220703125,572136
2026-08-03 14:00:00-04:00,306.07110595703125,306.44000244140625,306.010009765625,306.20001220703125,465452
2026-08-03 14:05:00-04:00,306.19500732421875,306.3599853515625,305.8949890136719,306.0450134277344,450270
2026-08-03 14:10:00-04:00,306.04010009765625,306.19500732421875,305.8349914550781,305.9849853515625,417401
2026-08-03 14:15:00-04:00,305.989990234375,306.3900146484375,305.989990234375,306.24249267578125,332842
2026-08-03 14:20:00-04:00,306.2449951171875,306.2900085449219,305.95001220703125,305.95001220703125,271332
2026-08-03 14:25:00-04:00,305.9549865722656,306.05999755859375,305.5,305.5202941894531,387032
2026-08-03 14:30:00-04:00,305.5299987792969,305.8450012207031,305.3800048828125,305.59991455078125,395470
2026-08-03 14:35:00-04:00,305.590087890625,305.6499938964844,305.2699890136719,305.2799987792969,450707
2026-08-03 14:40:00-04:00,305.2699890136719,305.489990234375,305.0199890136719,305.0849914550781,498181
2026-08-03 14:45:00-04:00,305.0849914550781,305.2749938964844,304.8999938964844,305.0400085449219,492543
2026-08-03 14:50:00-04:00,305.0400085449219,305.3500061035156,304.9549865722656,305.1300048828125,376191
2026-08-03 14:55:00-04:00,305.1400146484375,305.57000732421875,305.11248779296875,305.2099914550781,454852
2026-08-03 15:00:00-04:00,305.2099914550781,305.5899963378906,305.1449890136719,305.44000244140625,375185
2026-08-03 15:05:00-04:00,305.45001220703125,305.9700012207031,305.25,305.8450012207031,536221
2026-08-03 15:10:00-04:00,305.84051513671875,305.92999267578125,305.6600036621094,305.9049987792969,465281
2026-08-03 15:15:00-04:00,305.9049987792969,305.95001220703125,305.4100036621094,305.57501220703125,471305
2026-08-03 15:20:00-04:00,305.57501220703125,305.6300048828125,304.79998779296875,305.0150146484375,613650
2026-08-03 15:25:00-04:00,305.0150146484375,305.0799865722656,304.92498779296875,305.0450134277344,499343
2026-08-03 15:30:00-04:00,305.0450134277344,305.0799865722656,304.8900146484375,304.9100036621094,515359
2026-08-03 15:35:00-04:00,304.9049987792969,305.04998779296875,304.8999938964844,305.0,347113
2026-08-03 15:40:00-04:00,305.0,305.010009765625,304.45001220703125,304.82501220703125,895948
2026-08-03 15:45:00-04:00,304.82501220703125,304.8251037597656,303.8999938964844,304.010009765625,1559634
2026-08-03 15:50:00-04:00,304.0,304.5,303.0,303.4010009765625,2344410
2026-08-03 15:55:00-04:00,303.3999938964844,303.489990234375,302.67999267578125,303.2699890136719,4523603
2026-08-04 09:30:00-04:00,302.7250061035156,304.489990234375,301.32000732421875,304.3399963378906,5266555
2026-08-04 09:35:00-04:00,304.2900085449219,304.456787109375,302.45001220703125,303.2650146484375,1908938
2026-08-04 09:40:00-04:00,303.260009765625,303.8900146484375,302.7099914550781,303.8399963378906,1429938
2026-08-04 09:45:00-04:00,303.79998779296875,305.07000732421875,303.69000244140625,304.7550048828125,1179887
2026-08-04 09:50:00-04:00,304.7200012207031,305.3699951171875,304.0911865234375,304.2099914550781,991966
2026-08-04 09:55:00-04:00,304.17999267578125,305.3999938964844,303.9989929199219,305.29998779296875,889462
2026-08-04 10:00:00-04:00,305.2850036621094,305.4200134277344,304.55999755859375,304.7950134277344,611925
2026-08-04 10:05:00-04:00,304.79998779296875,305.57000732421875,304.4100036621094,305.5299987792969,678836
2026-08-04 10:10:00-04:00,305.5299987792969,305.8699951171875,305.0299987792969,305.75,827227
2026-08-04 10:15:00-04:00,305.760009765625,306.760009765625,305.7099914550781,306.614990234375,962338
2026-08-04 10:20:00-04:00,306.6000061035156,307.1400146484375,306.55499267578125,306.7900085449219,912977
2026-08-04 10:25:00-04:00,306.7749938964844,306.9599914550781,306.4800109863281,306.80999755859375,711195
2026-08-04 10:30:00-04:00,306.8599853515625,306.89990234375,306.07000732421875,306.2950134277344,689679
2026-08-04 10:35:00-04:00,306.2799987792969,306.5,305.7699890136719,305.8550109863281,599934
2026-08-04 10:40:00-04:00,305.8550109863281,305.9068908691406,305.2250061035156,305.4800109863281,468958
2026-08-04 10:45:00-04:00,305.4750061035156,306.4200134277344,305.3999938964844,306.32000732421875,381240
2026-08-04 10:50:00-04:00,306.3122863769531,306.510009765625,305.9700012207031,306.1000061035156,431779
2026-08-04 10:55:00-04:00,306.1099853515625,306.25,306.0,306.2349853515625,734473
2026-08-04 11:00:00-04:00,306.25,306.25,305.8800048828125,306.1400146484375,341780
2026-08-04 11:05:00-04:00,306.159912109375,306.4200134277344,305.9700012207031,306.3900146484375,547630
2026-08-04 11:10:00-04:00,306.3800048828125,306.5,306.1600036621094,306.2423095703125,374047
2026-08-04 11:15:00-04:00,306.2699890136719,306.44000244140625,306.010009765625,306.1000061035156,348355
2026-08-04 11:20:00-04:00,306.09991455078125,306.489990234375,305.80999755859375,306.4649963378906,414670
2026-08-04 11:25:00-04:00,306.45001220703125,306.5716857910156,305.6000061035156,305.67388916015625,423094
2026-08-04 11:30:00-04:00,305.6700134277344,305.989990234375,305.489990234375,305.95001220703125,366583
2026-08-04 11:35:00-04:00,305.9800109863281,306.7300109863281,305.9599914550781,306.44000244140625,426475
2026-08-04 11:40:00-04:00,306.43011474609375,306.4800109863281,306.1199951171875,306.2598876953125,253586
2026-08-04 11:45:00-04:00,306.260009765625,306.5400085449219,306.1000061035156,306.3794860839844,264088
2026-08-04 11:50:00-04:00,306.3800048828125,306.6700134277344,306.2300109863281,306.2699890136719,670091
2026-08-04 11:55:00-04:00,306.260009765625,306.3949890136719,306.1300048828125,306.3450012207031,257297
2026-08-04 12:00:00-04:00,306.3374938964844,306.45001220703125,306.1449890136719,306.1993103027344,472346
2026-08-04 12:05:00-04:00,306.19000244140625,306.25,305.6700134277344,305.92498779296875,336621
2026-08-04 12:10:00-04:00,305.9200134277344,306.3900146484375,305.8999938964844,306.3515930175781,277168
2026-08-04 12:15:00-04:00,306.3500061035156,306.3900146484375,305.8299865722656,305.8699951171875,272290
2026-08-04 12:20:00-04:00,305.8699951171875,306.32000732421875,305.82000732421875,306.2300109863281,282484
2026-08-04 12:25:00-04:00,306.239990234375,306.7200012207031,306.17999267578125,306.5050048828125,396268
2026-08-04 12:30:00-04:00,306.5050048828125,306.54998779296875,306.3399963378906,306.4649963378906,232975
2026-08-04 12:35:00-04:00,306.4750061035156,306.95001220703125,306.4704895019531,306.739990234375,474668
2026-08-04 12:40:00-04:00,306.7449951171875,307.8399963378906,306.7200012207031,307.7650146484375,645293
2026-08-04 12:45:00-04:00,307.739990234375,307.989990234375,307.4200134277344,307.8999938964844,553016
2026-08-04 12:50:00-04:00,307.9590148925781,308.6000061035156,307.91009521484375,308.2200012207031,657419
2026-08-04 12:55:00-04:00,308.2200012207031,308.3699951171875,308.0799865722656,308.2453918457031,0
2026-08-04 13:00:00-04:00,308.2300109863281,309.29998779296875,308.20001220703125,309.29998779296875,627252
2026-08-04 13:05:00-04:00,309.2850036621094,309.75,309.2799987792969,309.614990234375,680438
2026-08-04 13:10:00-04:00,309.610107421875,310.4200134277344,309.6099853515625,310.12200927734375,785537
2026-08-04 13:15:00-04:00,310.1300048828125,310.25,309.6600036621094,309.70001220703125,516736
2026-08-04 13:20:00-04:00,309.69000244140625,309.7099914550781,308.8999938964844,308.9277038574219,474432
2026-08-04 13:25:00-04:00,308.9200134277344,309.1499938964844,308.8599853515625,308.8999938964844,396471
2026-08-04 13:30:00-04:00,308.8999938964844,309.0,308.6600036621094,308.72808837890625,319683
2026-08-04 13:35:00-04:00,308.7300109863281,309.3399963378906,308.7099914550781,309.322998046875,415352
2026-08-04 13:40:00-04:00,309.32501220703125,309.6000061035156,309.29998779296875,309.5830078125,388575
2026-08-04 13:45:00-04:00,309.55999755859375,310.1300048828125,309.5400085449219,309.9206848144531,585617
2026-08-04 13:50:00-04:00,309.9100036621094,309.9100036621094,309.4700012207031,309.60321044921875,352134
2026-08-04 13:55:00-04:00,309.5799865722656,309.94000244140625,309.3299865722656,309.3599853515625,320677
2026-08-04 14:00:00-04:00,309.3399963378906,309.91241455078125,309.25,309.8399963378906,1106554
2026-08-04 14:05:00-04:00,309.8299865722656,309.989990234375,309.6700134277344,309.95001220703125,320244
2026-08-04 14:10:00-04:00,309.94000244140625,310.0950012207031,309.8800048828125,310.0299987792969,280314
2026-08-04 14:15:00-04:00,310.0199890136719,310.1199951171875,309.80999755859375,309.8999938964844,366533
2026-08-04 14:20:00-04:00,309.9049987792969,309.92498779296875,309.3599853515625,309.48651123046875,331539
2026-08-04 14:25:00-04:00,309.4649963378906,309.5199890136719,309.20001220703125,309.32000732421875,267704
2026-08-04 14:30:00-04:00,309.30999755859375,309.5,309.0899963378906,309.1400146484375,294201
2026-08-04 14:35:00-04:00,309.1400146484375,309.19000244140625,308.8800048828125,308.92999267578125,282621
2026-08-04 14:40:00-04:00,308.93499755859375,308.93499755859375,308.6400146484375,308.81500244140625,291716
2026-08-04 14:45:00-04:00,308.82000732421875,309.1199951171875,308.79998779296875,309.0400085449219,287433
2026-08-04 14:50:00-04:00,309.04779052734375,309.2300109863281,309.010009765625,309.18499755859375,222561
2026-08-04 14:55:00-04:00,309.19000244140625,309.28851318359375,308.4800109863281,308.5199890136719,492299
2026-08-04 15:00:00-04:00,308.5249938964844,308.8799133300781,308.5,308.6499938964844,404070
2026-08-04 15:05:00-04:00,308.6400146484375,308.70001220703125,308.25,308.5199890136719,442056
2026-08-04 15:10:00-04:00,308.5299987792969,308.8500061035156,308.5199890136719,308.7200012207031,466547
2026-08-04 15:15:00-04:00,308.7250061035156,308.8599853515625,308.57000732421875,308.739990234375,434599
2026-08-04 15:20:00-04:00,308.7349853515625,309.57000732421875,308.7099914550781,309.53228759765625,516743
2026-08-04 15:25:00-04:00,309.54998779296875,309.79998779296875,309.4750061035156,309.5799865722656,550780
2026-08-04 15:30:00-04:00,309.5799865722656,310.0799865722656,309.510009765625,310.07000732421875,560458
2026-08-04 15:35:00-04:00,310.06500244140625,310.239990234375,310.0,310.04998779296875,508932
2026-08-04 15:40:00-04:00,310.07000732421875,310.2900085449219,309.9700012207031,310.2749938964844,528676
2026-08-04 15:45:00-04:00,310.260009765625,310.4200134277344,310.1000061035156,310.3757019042969,629005
2026-08-04 15:50:00-04:00,310.3999938964844,310.3999938964844,309.3999938964844,309.6499938964844,1320579
2026-08-04 15:55:00-04:00,309.6499938964844,309.8699951171875,308.8800048828125,309.3900146484375,2163658
2026-08-05 09:30:00-04:00,309.3599853515625,309.3800048828125,307.6499938964844,308.6300048828125,3202077
2026-08-05 09:35:00-04:00,308.635009765625,308.635009765625,305.6700134277344,307.760009765625,1714140
2026-08-05 09:40:00-04:00,307.7749938964844,308.2900085449219,307.1300048828125,308.1600036621094,733779
2026-08-05 09:45:00-04:00,308.1700134277344,308.19500732421875,307.2701110839844,307.2850036621094,584362
2026-08-05 09:50:00-04:00,307.28009033203125,308.239990234375,306.8900146484375,307.7701110839844,789224
2026-08-05 09:55:00-04:00,307.7900085449219,308.1825866699219,307.6401062011719,308.0,471345
2026-08-05 10:00:00-04:00,307.9800109863281,308.3494873046875,307.5299987792969,308.3299865722656,557067
2026-08-05 10:05:00-04:00,308.32000732421875,308.3944091796875,307.62860107421875,307.67498779296875,446126
2026-08-05 10:10:00-04:00,307.67999267578125,308.5,307.3500061035156,308.4198913574219,473959
2026-08-05 10:15:00-04:00,308.3999938964844,308.7099914550781,308.05999755859375,308.28009033203125,480901
2026-08-05 10:20:00-04:00,308.2799987792969,309.0498962402344,308.2550048828125,308.3349914550781,519681
2026-08-05 10:25:00-04:00,308.3450012207031,308.3550109863281,306.7200012207031,306.7275085449219,572287
2026-08-05 10:30:00-04:00,306.70001220703125,307.05999755859375,306.2699890136719,306.8299865722656,629632
2026-08-05 10:35:00-04:00,306.8389892578125,307.67999267578125,306.7699890136719,307.5408935546875,563542
2026-08-05 10:40:00-04:00,307.57501220703125,308.8800048828125,307.5400085449219,308.84991455078125,579557
2026-08-05 10:45:00-04:00,308.8500061035156,310.0799865722656,308.8299865722656,309.9299011230469,802777
2026-08-05 10:50:00-04:00,309.9100036621094,311.2200012207031,309.9100036621094,310.7099914550781,939261
2026-08-05 10:55:00-04:00,310.7300109863281,311.3599853515625,310.3900146484375,311.32501220703125,605125
2026-08-05 11:00:00-04:00,311.3399963378906,311.3699951171875,310.5899963378906,311.0350036621094,563531
2026-08-05 11:05:00-04:00,311.0400085449219,311.6600036621094,310.8540954589844,311.5450134277344,617726
2026-08-05 11:10:00-04:00,311.5465087890625,311.70819091796875,310.5199890136719,310.5199890136719,542961
2026-08-05 11:15:00-04:00,310.510009765625,310.6050109863281,309.30999755859375,309.8299865722656,825045
2026-08-05 11:20:00-04:00,309.80999755859375,309.92950439453125,309.5,309.70001220703125,356274
2026-08-05 11:25:00-04:00,309.69000244140625,309.70001220703125,308.4200134277344,308.5950012207031,401258
2026-08-05 11:30:00-04:00,308.5950012207031,309.0,308.57000732421875,308.6499938964844,351705
2026-08-05 11:35:00-04:00,308.6600036621094,308.75,308.17999267578125,308.41571044921875,318861
2026-08-05 11:40:00-04:00,308.43499755859375,308.489990234375,308.1400146484375,308.2650146484375,280228
2026-08-05 11:45:00-04:00,308.2651062011719,308.3299865722656,307.8299865722656,308.04998779296875,361086
2026-08-05 11:50:00-04:00,308.0299987792969,308.4800109863281,307.9100036621094,308.4049987792969,341802
2026-08-05 11:55:00-04:00,308.3987121582031,308.5198974609375,307.8500061035156,307.9700012207031,423331
2026-08-05 12:00:00-04:00,307.9700012207031,308.92498779296875,307.9599914550781,308.70001220703125,545235
2026-08-05 12:05:00-04:00,308.7008972167969,309.44000244140625,308.6401062011719,309.20001220703125,379025
2026-08-05 12:10:00-04:00,309.20001220703125,309.3800048828125,308.8900146484375,309.0950012207031,314061
2026-08-05 12:15:00-04:00,309.0899963378906,309.1055908203125,308.8800048828125,308.92498779296875,199962
2026-08-05 12:20:00-04:00,308.9200134277344,309.3299865722656,308.8504943847656,309.0299987792969,186103
2026-08-05 12:25:00-04:00,309.03570556640625,309.2300109863281,308.60009765625,308.639892578125,229203
2026-08-05 12:30:00-04:00,308.6300048828125,308.989990234375,308.45001220703125,308.92498779296875,246819
2026-08-05 12:35:00-04:00,308.92999267578125,309.1199951171875,308.6499938964844,308.69000244140625,232552
2026-08-05 12:40:00-04:00,308.6600036621094,309.3399963378906,308.6600036621094,309.2900085449219,324801
2026-08-05 12:45:00-04:00,309.2799987792969,309.3399963378906,308.8999938964844,309.05999755859375,170475
2026-08-05 12:50:00-04:00,309.05999755859375,309.1000061035156,308.8299865722656,309.05499267578125,195399
2026-08-05 12:55:00-04:00,309.05499267578125,309.1199951171875,308.75,308.8299865722656,202819
2026-08-05 13:00:00-04:00,308.8299865722656,309.125,308.82000732421875,309.0400085449219,170091
2026-08-05 13:05:00-04:00,309.0299987792969,309.364990234375,308.92999267578125,309.2699890136719,201422
2026-08-05 13:10:00-04:00,309.2699890136719,309.7699890136719,309.25,309.7200012207031,268049
2026-08-05 13:15:00-04:00,309.7149963378906,309.9800109863281,309.6600036621094,309.7699890136719,225979
2026-08-05 13:20:00-04:00,309.7749938964844,309.8494873046875,309.5799865722656,309.80999755859375,205823
2026-08-05 13:25:00-04:00,309.7799987792969,309.82000732421875,309.5899963378906,309.739990234375,154422
2026-08-05 13:30:00-04:00,309.75,310.1700134277344,309.6400146484375,310.1449890136719,247380
2026-08-05 13:35:00-04:00,310.1400146484375,310.2200012207031,309.67999267578125,309.760009765625,258752
2026-08-05 13:40:00-04:00,309.7650146484375,309.95001220703125,309.4200134277344,309.625,232894
2026-08-05 13:45:00-04:00,309.6050109863281,309.6099853515625,309.1400146484375,309.24200439453125,240692
2026-08-05 13:50:00-04:00,309.239990234375,309.2950134277344,308.989990234375,309.1400146484375,188362
2026-08-05 13:55:00-04:00,309.1400146484375,309.17999267578125,308.739990234375,308.9200134277344,178093
2026-08-05 14:00:00-04:00,308.9200134277344,308.9599914550781,308.6000061035156,308.7300109863281,185603
2026-08-05 14:05:00-04:00,308.7049865722656,308.7650146484375,308.5400085449219,308.6499938964844,218764
2026-08-05 14:10:00-04:00,308.6400146484375,308.6499938964844,308.3219909667969,308.510009765625,209892
2026-08-05 14:15:00-04:00,308.5199890136719,308.6700134277344,308.4100036621094,308.614990234375,197604
2026-08-05 14:20:00-04:00,308.6199951171875,308.6199951171875,308.31500244140625,308.3450012207031,205394
2026-08-05 14:25:00-04:00,308.3450927734375,308.42999267578125,308.0799865722656,308.1900939941406,292896
2026-08-05 14:30:00-04:00,308.2091979980469,308.3500061035156,308.0849914550781,308.32000732421875,953608
2026-08-05 14:35:00-04:00,308.32000732421875,308.4949951171875,308.3100891113281,308.44989013671875,221719
2026-08-05 14:40:00-04:00,308.4599914550781,308.739990234375,308.42498779296875,308.6300048828125,258049
2026-08-05 14:45:00-04:00,308.625,308.739990234375,308.4849853515625,308.6910095214844,201084
2026-08-05 14:50:00-04:00,308.70001220703125,309.1199951171875,308.65240478515625,309.0354919433594,209865
2026-08-05 14:55:00-04:00,309.0400085449219,309.0899963378906,308.79998779296875,308.9599914550781,192850
2026-08-05 15:00:00-04:00,308.95001220703125,309.0799865722656,308.70001220703125,308.7699890136719,200893
2026-08-05 15:05:00-04:00,308.7723083496094,309.1400146484375,308.7099914550781,309.0350036621094,225750
2026-08-05 15:10:00-04:00,309.0350036621094,309.0400085449219,308.8349914550781,308.9100036621094,629959
2026-08-05 15:15:00-04:00,308.9150085449219,309.0791015625,308.9150085449219,309.0,186612
2026-08-05 15:20:00-04:00,308.9949951171875,309.8699951171875,308.9599914550781,309.8599853515625,340276
2026-08-05 15:25:00-04:00,309.8599853515625,309.8789978027344,309.614990234375,309.6200866699219,430072
2026-08-05 15:30:00-04:00,309.6099853515625,310.05999755859375,309.5799865722656,309.989990234375,453679
2026-08-05 15:35:00-04:00,309.9800109863281,309.9800109863281,309.3900146484375,309.67999267578125,395974
2026-08-05 15:40:00-04:00,309.67999267578125,309.9700012207031,309.5199890136719,309.9049987792969,368091
2026-08-05 15:45:00-04:00,309.9200134277344,310.2250061035156,309.81500244140625,310.1199951171875,498465
2026-08-05 15:50:00-04:00,310.1400146484375,310.92999267578125,310.1400146484375,310.92999267578125,1106576
2026-08-05 15:55:00-04:00,310.92999267578125,311.55499267578125,310.760009765625,310.9200134277344,3303994
2026-08-06 09:30:00-04:00,314.3399963378906,316.1300048828125,313.7301025390625,314.42999267578125,2659995
2026-08-06 09:35:00-04:00,314.4200134277344,314.93499755859375,313.489990234375,313.94000244140625,829864
2026-08-06 09:40:00-04:00,313.9237976074219,315.1499938964844,313.8399963378906,314.7699890136719,657454
2026-08-06 09:45:00-04:00,314.7001037597656,315.9700012207031,314.55999755859375,315.489990234375,821429
2026-08-06 09:50:00-04:00,315.5199890136719,316.05999755859375,315.04998779296875,316.010009765625,731246
2026-08-06 09:55:00-04:00,316.0,316.2893981933594,314.7699890136719,314.7699890136719,844985
2026-08-06 10:00:00-04:00,314.79998779296875,315.19000244140625,314.3299865722656,314.78448486328125,540000
2026-08-06 10:05:00-04:00,314.79998779296875,314.79998779296875,313.6000061035156,313.6400146484375,555318
2026-08-06 10:10:00-04:00,313.6549987792969,313.760009765625,312.70001220703125,313.31781005859375,710713
2026-08-06 10:15:00-04:00,313.32000732421875,313.4549865722656,312.4100036621094,312.5799865722656,934290
2026-08-06 10:20:00-04:00,312.5899963378906,312.70001220703125,312.1199951171875,312.3999938964844,661662
2026-08-06 10:25:00-04:00,312.385009765625,312.8900146484375,312.2550048828125,312.8399963378906,540021
2026-08-06 10:30:00-04:00,312.79998779296875,313.2900085449219,312.3800964355469,312.860107421875,533747
2026-08-06 10:35:00-04:00,312.9049987792969,312.92999267578125,311.78009033203125,312.135009765625,626056
2026-08-06 10:40:00-04:00,312.114990234375,312.54998779296875,312.010009765625,312.42498779296875,322237
2026-08-06 10:45:00-04:00,312.42498779296875,313.4399108886719,312.25,312.82379150390625,510489
2026-08-06 10:50:00-04:00,312.8299865722656,313.57000732421875,312.72100830078125,313.32000732421875,467690
2026-08-06 10:55:00-04:00,313.32501220703125,313.6400146484375,313.0,313.3435974121094,371102
2026-08-06 11:00:00-04:00,313.3599853515625,313.3699035644531,312.3800048828125,312.82000732421875,369828
2026-08-06 11:05:00-04:00,312.7900085449219,312.81988525390625,312.4200134277344,312.6394958496094,300384
2026-08-06 11:10:00-04:00,312.635009765625,312.6600036621094,312.0050048828125,312.15289306640625,446531
2026-08-06 11:15:00-04:00,312.2200012207031,312.2699890136719,310.7200012207031,310.7250061035156,554499
2026-08-06 11:20:00-04:00,310.7250061035156,310.7701110839844,309.6600036621094,310.0400085449219,723511
2026-08-06 11:25:00-04:00,310.0299987792969,310.1642150878906,309.7099914550781,310.1000061035156,512094
2026-08-06 11:30:00-04:00,310.1050109863281,310.3699951171875,309.7900085449219,310.2149963378906,491726
2026-08-06 11:35:00-04:00,310.20001220703125,310.4100036621094,310.07501220703125,310.20001220703125,300735
2026-08-06 11:40:00-04:00,310.17999267578125,310.30999755859375,309.9599914550781,310.07000732421875,295789
2026-08-06 11:45:00-04:00,310.07501220703125,310.1499938964844,309.7200012207031,310.0450134277344,326266
2026-08-06 11:50:00-04:00,310.0357971191406,310.25,309.760009765625,309.8699951171875,251392
2026-08-06 11:55:00-04:00,309.8699951171875,309.9389953613281,309.2300109863281,309.5400085449219,375099
2026-08-06 12:00:00-04:00,309.5299987792969,309.9599914550781,309.42999267578125,309.94500732421875,246886
2026-08-06 12:05:00-04:00,309.95001220703125,309.96990966796875,309.25,309.8900146484375,420199
2026-08-06 12:10:00-04:00,309.8900146484375,310.0799865722656,309.70001220703125,309.9800109863281,203943
2026-08-06 12:15:00-04:00,309.9800109863281,310.4999084472656,309.79998779296875,310.4999084472656,269435
2026-08-06 12:20:00-04:00,310.5,311.04998779296875,310.43499755859375,310.9599914550781,319010
2026-08-06 12:25:00-04:00,310.94000244140625,311.260009765625,310.7300109863281,311.1570129394531,274063
2026-08-06 12:30:00-04:00,311.1600036621094,311.4198913574219,311.1199951171875,311.38238525390625,231959
2026-08-06 12:35:00-04:00,311.3900146484375,311.6700134277344,311.3399963378906,311.6199951171875,254623
2026-08-06 12:40:00-04:00,311.6199951171875,311.6300048828125,311.260009765625,311.3599853515625,221975
2026-08-06 12:45:00-04:00,311.364990234375,311.55999755859375,311.2799987792969,311.5199890136719,201616
2026-08-06 12:50:00-04:00,311.5050048828125,311.531005859375,311.3349914550781,311.5299987792969,167131
2026-08-06 12:55:00-04:00,311.52410888671875,311.760009765625,311.4599914550781,311.6600036621094,215218
2026-08-06 13:00:00-04:00,311.6499938964844,311.760009765625,311.4307861328125,311.489990234375,164134
2026-08-06 13:05:00-04:00,311.5098876953125,311.55999755859375,310.7099914550781,310.720703125,354029
2026-08-06 13:10:00-04:00,310.7300109863281,310.9200134277344,310.7300109863281,310.885009765625,1236897
2026-08-06 13:15:00-04:00,310.8900146484375,311.20001220703125,310.885009765625,311.1099853515625,222145
2026-08-06 13:20:00-04:00,311.114990234375,311.25,311.0400085449219,311.2449951171875,296184
2026-08-06 13:25:00-04:00,311.2300109863281,311.239990234375,311.0799865722656,311.2005920410156,182513
2026-08-06 13:30:00-04:00,311.2099914550781,311.42999267578125,311.18011474609375,311.3940124511719,199330
2026-08-06 13:35:00-04:00,311.3949890136719,311.44989013671875,311.29010009765625,311.3999938964844,168490
2026-08-06 13:40:00-04:00,311.3949890136719,311.57000732421875,311.3299865722656,311.57000732421875,148904
2026-08-06 13:45:00-04:00,311.5600891113281,311.5799865722656,311.4502868652344,311.5400085449219,159378
2026-08-06 13:50:00-04:00,311.5400085449219,311.95001220703125,311.5299987792969,311.92999267578125,223541
2026-08-06 13:55:00-04:00,311.94000244140625,312.17999267578125,311.8710021972656,312.1600036621094,232337
2026-08-06 14:00:00-04:00,312.17999267578125,312.2200012207031,311.9800109863281,312.19989013671875,239894
2026-08-06 14:05:00-04:00,312.19000244140625,312.25,312.0299987792969,312.0400085449219,213902
2026-08-06 14:10:00-04:00,312.0450134277344,312.20001220703125,311.9800109863281,311.989990234375,177313
2026-08-06 14:15:00-04:00,311.989990234375,312.1099853515625,311.79998779296875,311.9599914550781,335446
2026-08-06 14:20:00-04:00,311.9700012207031,312.2200012207031,311.9599914550781,312.17498779296875,169880
2026-08-06 14:25:00-04:00,312.17498779296875,312.4200134277344,312.1400146484375,312.239990234375,182008
2026-08-06 14:30:00-04:00,312.2477111816406,312.4700012207031,312.19000244140625,312.32501220703125,185759
2026-08-06 14:35:00-04:00,312.3500061035156,312.3999938964844,311.8800048828125,311.95001220703125,189311
2026-08-06 14:40:00-04:00,311.9549865722656,312.1449890136719,311.8800048828125,311.9880065917969,151882
2026-08-06 14:45:00-04:00,311.9750061035156,312.17999267578125,311.92230224609375,312.13018798828125,146163
2026-08-06 14:50:00-04:00,312.135009765625,312.2799987792969,312.0369873046875,312.239990234375,168502
2026-08-06 14:55:00-04:00,312.2409973144531,312.3399963378906,312.1499938964844,312.2699890136719,168807
2026-08-06 15:00:00-04:00,312.2699890136719,312.3999938964844,312.090087890625,312.3500061035156,189629
2026-08-06 15:05:00-04:00,312.35009765625,312.5,312.29998779296875,312.3900146484375,208973
2026-08-06 15:10:00-04:00,312.3900146484375,312.4649963378906,312.260009765625,312.42999267578125,206666
2026-08-06 15:15:00-04:00,312.4100036621094,312.42999267578125,312.1499938964844,312.3800048828125,844171
2026-08-06 15:20:00-04:00,312.3699951171875,312.82000732421875,312.3500061035156,312.6099853515625,315952
2026-08-06 15:25:00-04:00,312.6000061035156,312.75,312.45001220703125,312.5799865722656,251873
2026-08-06 15:30:00-04:00,312.5899963378906,312.739990234375,312.3999938964844,312.739990234375,306659
2026-08-06 15:35:00-04:00,312.7250061035156,312.8291015625,312.6000061035156,312.6400146484375,372859
2026-08-06 15:40:00-04:00,312.635009765625,312.92999267578125,312.55999755859375,312.7950134277344,489817
2026-08-06 15:45:00-04:00,312.80999755859375,312.8299865722656,312.2300109863281,312.4800109863281,399513
2026-08-06 15:50:00-04:00,312.4100036621094,312.54998779296875,311.7799987792969,312.42999267578125,729765
2026-08-06 15:55:00-04:00,312.42999267578125,312.94000244140625,312.23028564453125,312.45001220703125,1498147
2026-08-07 09:30:00-04:00,311.32000732421875,313.80999755859375,311.2049865722656,313.2001037597656,1955509
2026-08-07 09:35:00-04:00,313.2250061035156,313.58990478515625,312.04998779296875,312.2250061035156,537765
2026-08-07 09:40:00-04:00,312.2149963378906,312.30999755859375,310.739990234375,311.7799987792969,757027
2026-08-07 09:45:00-04:00,311.7699890136719,312.1781005859375,311.1499938964844,311.260009765625,520507
2026-08-07 09:50:00-04:00,311.25,311.79998779296875,311.0299987792969,311.79998779296875,547509
2026-08-07 09:55:00-04:00,311.75,312.0799865722656,311.4800109863281,311.7349853515625,342423
2026-08-07 10:00:00-04:00,311.69000244140625,312.33990478515625,311.6499938964844,312.2900085449219,448508
2026-08-07 10:05:00-04:00,312.2950134277344,312.5880126953125,311.9005126953125,312.4200134277344,388124
2026-08-07 10:10:00-04:00,312.4100036621094,312.4599914550781,312.0350036621094,312.1400146484375,332952
2026-08-07 10:15:00-04:00,312.1401062011719,313.0780029296875,311.75,313.07000732421875,477295
2026-08-07 10:20:00-04:00,313.0899963378906,314.1000061035156,312.97021484375,314.0400085449219,501281
2026-08-07 10:25:00-04:00,314.04998779296875,314.135009765625,313.6700134277344,314.0799865722656,406343
2026-08-07 10:30:00-04:00,314.0899963378906,314.80999755859375,313.9700012207031,314.260009765625,601590
2026-08-07 10:35:00-04:00,314.2699890136719,314.3699951171875,313.9150085449219,314.2099914550781,346479
2026-08-07 10:40:00-04:00,314.2200012207031,314.3800048828125,314.04998779296875,314.2799987792969,252699
2026-08-07 10:45:00-04:00,314.2449951171875,314.3599853515625,314.0199890136719,314.07000732421875,217842
2026-08-07 10:50:00-04:00,314.06500244140625,314.1400146484375,313.6499938964844,313.8999938964844,379261
2026-08-07 10:55:00-04:00,313.8999938964844,314.3800048828125,313.8399963378906,314.3179931640625,798391
2026-08-07 11:00:00-04:00,314.30999755859375,314.3500061035156,314.0299987792969,314.19500732421875,173177
2026-08-07 11:05:00-04:00,314.19000244140625,314.2300109863281,313.7799987792969,313.8399963378906,184463
2026-08-07 11:10:00-04:00,313.81500244140625,314.04998779296875,313.54998779296875,313.9442138671875,185690
2026-08-07 11:15:00-04:00,313.93499755859375,313.94000244140625,313.1239013671875,313.1300048828125,503815
2026-08-07 11:20:00-04:00,313.1300048828125,313.2900085449219,313.0,313.2200012207031,279525
2026-08-07 11:25:00-04:00,313.2200012207031,313.3949890136719,313.0867004394531,313.3599853515625,238951
2026-08-07 11:30:00-04:00,313.3599853515625,313.4200134277344,312.4200134277344,312.4949951171875,344110
2026-08-07 11:35:00-04:00,312.5050048828125,312.7799987792969,312.4569091796875,312.6400146484375,279251
2026-08-07 11:40:00-04:00,312.6499938964844,312.69000244140625,312.44000244140625,312.6000061035156,242536
2026-08-07 11:45:00-04:00,312.6000061035156,312.6000061035156,312.1499938964844,312.2099914550781,299052
2026-08-07 11:50:00-04:00,312.2099914550781,312.3280029296875,312.0199890136719,312.30999755859375,504283
2026-08-07 11:55:00-04:00,312.30999755859375,312.3299865722656,312.0400085449219,312.1499938964844,197983
2026-08-07 12:00:00-04:00,312.1400146484375,312.42999267578125,312.0799865722656,312.4200134277344,265125
2026-08-07 12:05:00-04:00,312.4200134277344,312.4200134277344,311.6600036621094,311.75,310151
2026-08-07 12:10:00-04:00,311.75,311.8699951171875,311.54998779296875,311.8208923339844,227820
2026-08-07 12:15:00-04:00,311.82501220703125,311.9309997558594,311.760009765625,311.8500061035156,228892
2026-08-07 12:20:00-04:00,311.8599853515625,311.9599914550781,311.7001037597656,311.7001037597656,210388
2026-08-07 12:25:00-04:00,311.7272033691406,311.82000732421875,311.5400085449219,311.69000244140625,148816
2026-08-07 12:30:00-04:00,311.69500732421875,311.8900146484375,311.610107421875,311.8900146484375,154772
2026-08-07 12:35:00-04:00,311.8999938964844,312.1600036621094,311.8949890136719,312.07000732421875,216293
2026-08-07 12:40:00-04:00,312.0799865722656,312.260009765625,312.0199890136719,312.17498779296875,200593
2026-08-07 12:45:00-04:00,312.17999267578125,312.489013671875,312.1300048828125,312.3599853515625,198546
2026-08-07 12:50:00-04:00,312.3550109863281,312.3900146484375,312.1199951171875,312.2200012207031,176262
2026-08-07 12:55:00-04:00,312.2149963378906,312.29998779296875,312.127197265625,312.2200012207031,124223
2026-08-07 13:00:00-04:00,312.2250061035156,312.4800109863281,312.17999267578125,312.42498779296875,163459
2026-08-07 13:05:00-04:00,312.42498779296875,312.5299987792969,312.260009765625,312.3399963378906,170059
2026-08-07 13:10:00-04:00,312.32501220703125,312.55999755859375,312.2799987792969,312.4700012207031,208580
2026-08-07 13:15:00-04:00,312.4700012207031,312.6549987792969,312.2950134277344,312.602294921875,204125
2026-08-07 13:20:00-04:00,312.6099853515625,312.9032897949219,312.6099853515625,312.827392578125,185440
2026-08-07 13:25:00-04:00,312.82501220703125,312.83990478515625,312.6700134277344,312.739990234375,171222
2026-08-07 13:30:00-04:00,312.739990234375,312.8800048828125,312.6700134277344,312.7200012207031,156310
2026-08-07 13:35:00-04:00,312.7149963378906,313.06500244140625,312.5899963378906,312.9800109863281,226218
2026-08-07 13:40:00-04:00,312.989990234375,313.0733947753906,312.8399963378906,312.9917907714844,125749
2026-08-07 13:45:00-04:00,313.0,313.1700134277344,312.9700012207031,313.1199951171875,165755
2026-08-07 13:50:00-04:00,313.1099853515625,313.25,312.9100036621094,313.0,275921
2026-08-07 13:55:00-04:00,313.0,313.1700134277344,312.91009521484375,312.9800109863281,182863
2026-08-07 14:00:00-04:00,312.9849853515625,313.05999755859375,312.57000732421875,312.7900085449219,278343
2026-08-07 14:05:00-04:00,312.79998779296875,312.8399963378906,312.4800109863281,312.5,199998
2026-08-07 14:10:00-04:00,312.489990234375,312.7449951171875,312.2799987792969,312.3818054199219,190225
2026-08-07 14:15:00-04:00,312.3699951171875,312.3999938964844,312.05999755859375,312.2699890136719,223192
2026-08-07 14:20:00-04:00,312.25,312.364990234375,312.07000732421875,312.1000061035156,144538
2026-08-07 14:25:00-04:00,312.1000061035156,312.1600036621094,311.82000732421875,311.91900634765625,197292
2026-08-07 14:30:00-04:00,311.91009521484375,311.9999084472656,311.67999267578125,311.82501220703125,172241
2026-08-07 14:35:00-04:00,311.82501220703125,311.9700012207031,311.81500244140625,311.92999267578125,128814
2026-08-07 14:40:00-04:00,311.92999267578125,312.04998779296875,311.82000732421875,311.8900146484375,202644
2026-08-07 14:45:00-04:00,311.8999938964844,311.9599914550781,311.8299865722656,311.92498779296875,143532
2026-08-07 14:50:00-04:00,311.9208068847656,312.1700134277344,311.9100036621094,312.159912109375,147791
2026-08-07 14:55:00-04:00,312.1400146484375,312.489990234375,312.1025085449219,312.42999267578125,195299
2026-08-07 15:00:00-04:00,312.45001220703125,312.5,312.2300109863281,312.3949890136719,249378
2026-08-07 15:05:00-04:00,312.3999938964844,312.72149658203125,312.3832092285156,312.7200012207031,209127
2026-08-07 15:10:00-04:00,312.71990966796875,312.9100036621094,312.7130126953125,312.8550109863281,230721
2026-08-07 15:15:00-04:00,312.8500061035156,313.1199951171875,312.8399963378906,312.8900146484375,279127
2026-08-07 15:20:00-04:00,312.9100036621094,313.260009765625,312.8599853515625,313.2200012207031,216817
2026-08-07 15:25:00-04:00,313.2200012207031,313.3900146484375,313.19000244140625,313.2774963378906,438243
2026-08-07 15:30:00-04:00,313.2799987792969,313.30999755859375,313.0299987792969,313.125,400642
2026-08-07 15:35:00-04:00,313.125,313.27069091796875,313.0,313.2149963378906,282845
2026-08-07 15:40:00-04:00,313.2200012207031,313.3340148925781,313.1000061035156,313.260009765625,383606
2026-08-07 15:45:00-04:00,313.25,313.30999755859375,313.04998779296875,313.1050109863281,257149
2026-08-07 15:50:00-04:00,313.1000061035156,313.6000061035156,312.92498779296875,313.2300109863281,731339
2026-08-07 15:55:00-04:00,313.2250061035156,314.17999267578125,313.20001220703125,313.29998779296875,2197847
2026-08-10 09:30:00-04:00,306.8299865722656,307.3103942871094,304.6300048828125,306.6300048828125,6111372
2026-08-10 09:35:00-04:00,306.67498779296875,306.72900390625,304.8999938964844,305.9049987792969,1131386
2026-08-10 09:40:00-04:00,305.9525146484375,306.5,305.625,305.864990234375,1017875
2026-08-10 09:45:00-04:00,305.8500061035156,306.8999938964844,305.6600036621094,306.8900146484375,1085631
2026-08-10 09:50:00-04:00,306.8550109863281,307.4200134277344,306.1180114746094,306.6000061035156,918738
2026-08-10 09:55:00-04:00,306.5400085449219,307.2200012207031,306.4800109863281,307.04998779296875,580500
2026-08-10 10:00:00-04:00,307.0400085449219,307.4200134277344,306.6402893066406,307.32501220703125,625648
2026-08-10 10:05:00-04:00,307.3399963378906,307.389892578125,306.25,306.4100036621094,635742
2026-08-10 10:10:00-04:00,306.39080810546875,306.55999755859375,305.95001220703125,306.5299987792969,634560
2026-08-10 10:15:00-04:00,306.510009765625,307.0799865722656,306.2900085449219,307.05999755859375,641358
2026-08-10 10:20:00-04:00,307.0400085449219,307.4559020996094,306.7200012207031,306.78009033203125,473960
2026-08-10 10:25:00-04:00,306.7950134277344,307.25,306.6400146484375,306.8800048828125,351952
2026-08-10 10:30:00-04:00,306.8970947265625,307.20001220703125,306.706787109375,306.9100036621094,382626
2026-08-10 10:35:00-04:00,306.93499755859375,306.9599914550781,306.510009765625,306.6077880859375,312455
2026-08-10 10:40:00-04:00,306.5899963378906,306.7900085449219,306.4599914550781,306.7449951171875,281854
2026-08-10 10:45:00-04:00,306.7449951171875,306.8800048828125,306.2250061035156,306.4549865722656,446157
2026-08-10 10:50:00-04:00,306.448486328125,306.8500061035156,306.3500061035156,306.8465881347656,373274
2026-08-10 10:55:00-04:00,306.8299865722656,307.20989990234375,306.6401062011719,307.125,321443
2026-08-10 11:00:00-04:00,307.125,307.1400146484375,306.6499938964844,306.70001220703125,295438
2026-08-10 11:05:00-04:00,306.69500732421875,306.760009765625,306.45001220703125,306.6400146484375,274946
2026-08-10 11:10:00-04:00,306.6499938964844,306.8900146484375,306.3900146484375,306.3900146484375,322810
2026-08-10 11:15:00-04:00,306.4049987792969,306.8703918457031,306.281005859375,306.6499938964844,220473
2026-08-10 11:20:00-04:00,306.6499938964844,306.73541259765625,306.54998779296875,306.625,177440
2026-08-10 11:25:00-04:00,306.6300048828125,306.69000244140625,306.42999267578125,306.5585021972656,263735
2026-08-10 11:30:00-04:00,306.5205078125,306.6099853515625,306.3999938964844,306.4049987792969,250896
2026-08-10 11:35:00-04:00,306.409912109375,306.6400146484375,306.32000732421875,306.5199890136719,244679
2026-08-10 11:40:00-04:00,306.5199890136719,306.7900085449219,306.4700012207031,306.5450134277344,217341
2026-08-10 11:45:00-04:00,306.54998779296875,306.67999267578125,306.510009765625,306.6400146484375,159956
2026-08-10 11:50:00-04:00,306.6400146484375,306.9490051269531,306.54010009765625,306.8949890136719,201646
2026-08-10 11:55:00-04:00,306.8700866699219,307.2300109863281,306.8299865722656,307.17999267578125,293886
2026-08-10 12:00:00-04:00,307.1099853515625,307.2471923828125,306.4700012207031,306.4949951171875,303266
2026-08-10 12:05:00-04:00,306.4800109863281,306.54998779296875,306.0199890136719,306.037109375,480979
2026-08-10 12:10:00-04:00,306.04998779296875,306.1099853515625,305.3901062011719,305.5450134277344,804241
2026-08-10 12:15:00-04:00,305.5450134277344,305.69989013671875,305.04998779296875,305.6700134277344,534042
2026-08-10 12:20:00-04:00,305.67498779296875,305.9912109375,305.5299987792969,305.6300048828125,401877
2026-08-10 12:25:00-04:00,305.6300048828125,305.6737976074219,305.45001220703125,305.5299987792969,257512
2026-08-10 12:30:00-04:00,305.54998779296875,305.69000244140625,305.1700134277344,305.25,370480
2026-08-10 12:35:00-04:00,305.27740478515625,305.6700134277344,305.19000244140625,305.4750061035156,302380
2026-08-10 12:40:00-04:00,305.4750061035156,305.760009765625,305.4200134277344,305.6357116699219,241209
2026-08-10 12:45:00-04:00,305.6449890136719,305.9599914550781,305.6099853515625,305.8800048828125,269461
2026-08-10 12:50:00-04:00,305.875,306.0791015625,305.80499267578125,306.0685119628906,207090
2026-08-10 12:55:00-04:00,306.05999755859375,306.2900085449219,306.010009765625,306.2699890136719,233740
2026-08-10 13:00:00-04:00,306.2699890136719,306.5299987792969,306.2200012207031,306.4901123046875,305225
2026-08-10 13:05:00-04:00,306.497802734375,306.6300048828125,306.25,306.614990234375,236856
2026-08-10 13:10:00-04:00,306.614990234375,306.614990234375,306.3102111816406,306.4549865722656,195531
2026-08-10 13:15:00-04:00,306.4599914550781,306.7900085449219,306.4100036621094,306.4150085449219,232933
2026-08-10 13:20:00-04:00,306.4100036621094,306.6400146484375,306.28070068359375,306.6080017089844,191413
2026-08-10 13:25:00-04:00,306.6050109863281,306.6050109863281,306.2500915527344,306.4700012207031,187244
2026-08-10 13:30:00-04:00,306.4700012207031,306.5780029296875,306.3500061035156,306.5,192199
2026-08-10 13:35:00-04:00,306.4750061035156,306.7900085449219,306.42999267578125,306.5799865722656,170705
2026-08-10 13:40:00-04:00,306.5849914550781,306.8399963378906,306.54010009765625,306.7099914550781,143351
2026-08-10 13:45:00-04:00,306.7099914550781,306.7799987792969,306.0,306.3576965332031,585124
2026-08-10 13:50:00-04:00,306.3399963378906,306.3800048828125,306.2099914550781,306.260009765625,159683
2026-08-10 13:55:00-04:00,306.2799987792969,306.7900085449219,306.2777099609375,306.7276916503906,206601
2026-08-10 14:00:00-04:00,306.7300109863281,306.989990234375,306.6400146484375,306.67999267578125,213730
2026-08-10 14:05:00-04:00,306.67999267578125,306.75,306.6099853515625,306.70001220703125,163530
2026-08-10 14:10:00-04:00,306.70001220703125,306.7998962402344,306.55999755859375,306.6300048828125,190105
2026-08-10 14:15:00-04:00,306.6199951171875,306.760009765625,306.5201110839844,306.6099853515625,185259
2026-08-10 14:20:00-04:00,306.6199951171875,306.739990234375,306.5849914550781,306.6000061035156,165892
2026-08-10 14:25:00-04:00,306.6000061035156,306.779296875,306.6000061035156,306.7149963378906,178584
2026-08-10 14:30:00-04:00,306.71990966796875,306.9700012207031,306.6199951171875,306.8299865722656,245036
2026-08-10 14:35:00-04:00,306.82501220703125,306.8900146484375,306.6400146484375,306.6700134277344,236253
2026-08-10 14:40:00-04:00,306.67999267578125,306.8399963378906,306.6000061035156,306.8299865722656,203260
2026-08-10 14:45:00-04:00,306.8299865722656,306.8599853515625,306.7099914550781,306.82501220703125,180766
2026-08-10 14:50:00-04:00,306.82501220703125,307.260009765625,306.7699890136719,307.18499755859375,256393
2026-08-10 14:55:00-04:00,307.1702880859375,307.2099914550781,307.0199890136719,307.0400085449219,184180
2026-08-10 15:00:00-04:00,307.04998779296875,307.2240905761719,307.0400085449219,307.21240234375,246206
2026-08-10 15:05:00-04:00,307.2099914550781,307.34991455078125,307.1300048828125,307.2250061035156,282635
2026-08-10 15:10:00-04:00,307.2200012207031,307.4599914550781,307.1700134277344,307.43670654296875,318906
2026-08-10 15:15:00-04:00,307.44000244140625,307.5199890136719,307.2799987792969,307.510009765625,344843
2026-08-10 15:20:00-04:00,307.5150146484375,307.6513977050781,307.32000732421875,307.54998779296875,300256
2026-08-10 15:25:00-04:00,307.56500244140625,307.6698913574219,307.2001037597656,307.2300109863281,344698
2026-08-10 15:30:00-04:00,307.2200012207031,307.239501953125,306.9800109863281,307.010009765625,401510
2026-08-10 15:35:00-04:00,307.010009765625,307.3500061035156,307.010009765625,307.3399963378906,378617
2026-08-10 15:40:00-04:00,307.3299865722656,307.42999267578125,307.2300109863281,307.2565002441406,307797
2026-08-10 15:45:00-04:00,307.25,307.614990234375,307.17999267578125,307.54730224609375,328570
2026-08-10 15:50:00-04:00,307.5,307.5,306.8699951171875,306.9750061035156,721201
2026-08-10 15:55:00-04:00,307.010009765625,308.2300109863281,306.989990234375,308.19000244140625,2366029
2026-08-11 09:30:00-04:00,307.75,309.9700012207031,307.4100036621094,308.2388000488281,3996363
2026-08-11 09:35:00-04:00,308.239990234375,308.239990234375,306.4200134277344,306.7200012207031,556187
2026-08-11 09:40:00-04:00,306.70001220703125,306.92999267578125,306.25,306.4599914550781,533612
2026-08-11 09:45:00-04:00,306.4599914550781,306.6199951171875,305.8500061035156,305.8919982910156,642926
2026-08-11 09:50:00-04:00,305.9049987792969,306.30999755859375,305.6700134277344,306.1614990234375,387751
2026-08-11 09:55:00-04:00,306.1499938964844,306.5299072265625,306.1199951171875,306.2900085449219,268943
2026-08-11 10:00:00-04:00,306.29998779296875,306.510009765625,306.05999755859375,306.510009765625,269585
2026-08-11 10:05:00-04:00,306.5199890136719,306.656005859375,306.2900085449219,306.5400085449219,351485
2026-08-11 10:10:00-04:00,306.5199890136719,306.69000244140625,306.0299987792969,306.3599853515625,295458
2026-08-11 10:15:00-04:00,306.3797912597656,306.54998779296875,306.1268005371094,306.4599914550781,225028
2026-08-11 10:20:00-04:00,306.44000244140625,306.69000244140625,306.3599853515625,306.3800048828125,238959
2026-08-11 10:25:00-04:00,306.3500061035156,306.3828125,305.8900146484375,306.19000244140625,313741
2026-08-11 10:30:00-04:00,306.19000244140625,306.7099914550781,306.1199951171875,306.7049865722656,261265
2026-08-11 10:35:00-04:00,306.70001220703125,306.8349914550781,306.489990234375,306.79998779296875,230399
2026-08-11 10:40:00-04:00,306.7950134277344,306.94000244140625,306.6199951171875,306.6700134277344,182622
2026-08-11 10:45:00-04:00,306.6700134277344,306.94000244140625,306.5150146484375,306.55999755859375,180370
2026-08-11 10:50:00-04:00,306.55999755859375,306.79998779296875,306.54229736328125,306.70001220703125,205330
2026-08-11 10:55:00-04:00,306.7049865722656,306.7799987792969,306.54998779296875,306.5899963378906,148543
2026-08-11 11:00:00-04:00,306.6000061035156,306.69000244140625,306.3301086425781,306.447998046875,190200
2026-08-11 11:05:00-04:00,306.4599914550781,306.4849853515625,306.04998779296875,306.135009765625,201120
2026-08-11 11:10:00-04:00,306.135009765625,306.3699951171875,306.1000061035156,306.2149963378906,158720
2026-08-11 11:15:00-04:00,306.2200012207031,306.44000244140625,306.17999267578125,306.3089904785156,186922
2026-08-11 11:20:00-04:00,306.30999755859375,306.6099853515625,306.28009033203125,306.5899963378906,327832
2026-08-11 11:25:00-04:00,306.5899963378906,306.7699890136719,306.5,306.7049865722656,258940
2026-08-11 11:30:00-04:00,306.70001220703125,306.8699951171875,306.5799865722656,306.6499938964844,258381
2026-08-11 11:35:00-04:00,306.6499938964844,306.75,306.49090576171875,306.69000244140625,214721
2026-08-11 11:40:00-04:00,306.67999267578125,307.3599853515625,306.622314453125,307.2349853515625,280970
2026-08-11 11:45:00-04:00,307.2300109863281,307.4800109863281,307.17999267578125,307.4700012207031,189224
2026-08-11 11:50:00-04:00,307.4700012207031,307.6099853515625,307.2200012207031,307.2550048828125,208987
2026-08-11 11:55:00-04:00,307.2699890136719,307.3699951171875,307.0,307.25,192755
2026-08-11 12:00:00-04:00,307.2300109863281,307.3699951171875,307.0400085449219,307.07989501953125,214735
2026-08-11 12:05:00-04:00,307.07000732421875,307.2300109863281,306.9599914550781,307.06500244140625,152242
2026-08-11 12:10:00-04:00,307.06500244140625,307.07000732421875,306.6700134277344,306.8099060058594,320815
2026-08-11 12:15:00-04:00,306.81500244140625,306.9999084472656,306.7300109863281,306.9949951171875,209132
2026-08-11 12:20:00-04:00,307.0,307.1300048828125,306.80499267578125,306.8599853515625,184946
2026-08-11 12:25:00-04:00,306.85009765625,306.8699951171875,306.45001220703125,306.55499267578125,230722
2026-08-11 12:30:00-04:00,306.57000732421875,306.5899963378906,306.25,306.260009765625,240475
2026-08-11 12:35:00-04:00,306.260009765625,306.54998779296875,306.239990234375,306.4700012207031,260029
2026-08-11 12:40:00-04:00,306.4700012207031,306.4700012207031,305.79998779296875,305.8500061035156,273145
2026-08-11 12:45:00-04:00,305.8500061035156,306.20001220703125,305.6986999511719,306.125,280737
2026-08-11 12:50:00-04:00,306.1199951171875,306.3599853515625,306.0299987792969,306.3500061035156,190582
2026-08-11 12:55:00-04:00,306.3599853515625,306.3699951171875,306.1300048828125,306.2391052246094,155482
2026-08-11 13:00:00-04:00,306.239990234375,306.2799987792969,306.0201110839844,306.110107421875,157100
2026-08-11 13:05:00-04:00,306.1000061035156,306.30999755859375,306.1000061035156,306.239990234375,137599
2026-08-11 13:10:00-04:00,306.25,306.2799987792969,305.9649963378906,306.0,202141
2026-08-11 13:15:00-04:00,306.0,306.1451110839844,305.9750061035156,306.125,146051
2026-08-11 13:20:00-04:00,306.1300048828125,306.29998779296875,306.1000061035156,306.2950134277344,149341
2026-08-11 13:25:00-04:00,306.2950134277344,306.2950134277344,306.17999267578125,306.19000244140625,125334
2026-08-11 13:30:00-04:00,306.1650085449219,306.2900085449219,306.1499938964844,306.260009765625,142139
2026-08-11 13:35:00-04:00,306.260009765625,306.42999267578125,306.2099914550781,306.4100036621094,188995
2026-08-11 13:40:00-04:00,306.4100036621094,306.5199890136719,306.29998779296875,306.4049987792969,222090
2026-08-11 13:45:00-04:00,306.3999938964844,306.489990234375,305.9209899902344,306.0,427171
2026-08-11 13:50:00-04:00,306.010009765625,306.2099914550781,305.760009765625,306.1700134277344,175816
2026-08-11 13:55:00-04:00,306.17999267578125,306.25,306.010009765625,306.0249938964844,141716
2026-08-11 14:00:00-04:00,306.0249938964844,306.0249938964844,305.75,305.7699890136719,266653
2026-08-11 14:05:00-04:00,305.7601013183594,305.82000732421875,305.04998779296875,305.2749938964844,419044
2026-08-11 14:10:00-04:00,305.2749938964844,305.2749938964844,304.7900085449219,304.9599914550781,447365
2026-08-11 14:15:00-04:00,304.9599914550781,305.0,304.7149963378906,304.8599853515625,217738
2026-08-11 14:20:00-04:00,304.8550109863281,304.8699951171875,303.94000244140625,303.9800109863281,529266
2026-08-11 14:25:00-04:00,303.9800109863281,304.0,302.7900085449219,303.29998779296875,993298
2026-08-11 14:30:00-04:00,303.27569580078125,303.67999267578125,302.9700012207031,303.614990234375,516023
2026-08-11 14:35:00-04:00,303.614990234375,303.7799987792969,303.0299987792969,303.2099914550781,418930
2026-08-11 14:40:00-04:00,303.23919677734375,303.6199951171875,303.135009765625,303.4601135253906,420604
2026-08-11 14:45:00-04:00,303.4800109863281,303.6300048828125,303.1199951171875,303.56500244140625,300059
2026-08-11 14:50:00-04:00,303.56500244140625,304.42730712890625,303.5400085449219,304.4049987792969,303395
2026-08-11 14:55:00-04:00,304.3999938964844,304.5899963378906,304.29998779296875,304.3450012207031,242006
2026-08-11 15:00:00-04:00,304.3500061035156,304.489990234375,304.0,304.2099914550781,278505
2026-08-11 15:05:00-04:00,304.2101135253906,304.510009765625,304.1300048828125,304.489990234375,261519
2026-08-11 15:10:00-04:00,304.5,304.79998779296875,304.4800109863281,304.7449951171875,305275
2026-08-11 15:15:00-04:00,304.739990234375,304.989990234375,304.739990234375,304.8689880371094,293011
2026-08-11 15:20:00-04:00,304.8699951171875,305.0299987792969,304.8247985839844,304.9010925292969,343864
2026-08-11 15:25:00-04:00,304.9100036621094,305.20001220703125,304.8999938964844,305.1600036621094,282701
2026-08-11 15:30:00-04:00,305.1600036621094,305.29998779296875,304.3800048828125,304.4849853515625,525703
2026-08-11 15:35:00-04:00,304.4849853515625,304.760009765625,304.4700012207031,304.6700134277344,284661
2026-08-11 15:40:00-04:00,304.6889953613281,304.7250061035156,304.510009765625,304.6199951171875,396413
2026-08-11 15:45:00-04:00,304.6199951171875,304.6344909667969,304.2200012207031,304.4700012207031,380977
2026-08-11 15:50:00-04:00,304.4800109863281,304.92999267578125,303.75,304.9049987792969,1128738
2026-08-11 15:55:00-04:00,304.8800048828125,305.0899963378906,304.29998779296875,304.8999938964844,2002412
2026-08-12 09:30:00-04:00,305.1300048828125,305.6600036621094,302.17999267578125,303.0299987792969,2660889
2026-08-12 09:35:00-04:00,303.0299987792969,303.7200012207031,302.739990234375,303.5360107421875,480935
2026-08-12 09:40:00-04:00,303.54998779296875,303.7300109863281,303.1600036621094,303.3699951171875,373081
2026-08-12 09:45:00-04:00,303.3800048828125,303.6099853515625,302.9599914550781,302.97491455078125,478940
2026-08-12 09:50:00-04:00,302.9800109863281,303.20001220703125,302.5799865722656,303.0950012207031,545680
2026-08-12 09:55:00-04:00,303.0899963378906,303.46990966796875,303.0199890136719,303.3699951171875,376811
2026-08-12 10:00:00-04:00,303.385009765625,304.32000732421875,303.1600036621094,303.5899963378906,691238
2026-08-12 10:05:00-04:00,303.614990234375,303.8190002441406,303.05999755859375,303.1600036621094,372982
2026-08-12 10:10:00-04:00,303.17498779296875,303.30999755859375,302.260009765625,302.4750061035156,659176
2026-08-12 10:15:00-04:00,302.4750061035156,302.7090148925781,302.32000732421875,302.3349914550781,396815
2026-08-12 10:20:00-04:00,302.3399963378906,302.79998779296875,302.29998779296875,302.6300048828125,413930
2026-08-12 10:25:00-04:00,302.60211181640625,302.7900085449219,302.30999755859375,302.3450012207031,268781
2026-08-12 10:30:00-04:00,302.3599853515625,302.8599853515625,302.30999755859375,302.67498779296875,458950
2026-08-12 10:35:00-04:00,302.6650085449219,302.95001220703125,302.53009033203125,302.69000244140625,326753
2026-08-12 10:40:00-04:00,302.69500732421875,302.94000244140625,302.5799865722656,302.94000244140625,323633
2026-08-12 10:45:00-04:00,302.94000244140625,303.0299987792969,302.3800048828125,302.4049987792969,381845
2026-08-12 10:50:00-04:00,302.3900146484375,302.8399963378906,302.05999755859375,302.79998779296875,464421
2026-08-12 10:55:00-04:00,302.78009033203125,303.19000244140625,302.4100036621094,302.42999267578125,546405
2026-08-12 11:00:00-04:00,302.42999267578125,302.8299865722656,302.2200012207031,302.2300109863281,288291
2026-08-12 11:05:00-04:00,302.2200012207031,302.4800109863281,302.20001220703125,302.3334045410156,292973
2026-08-12 11:10:00-04:00,302.3398132324219,302.3399963378906,301.57000732421875,301.7149963378906,493616
2026-08-12 11:15:00-04:00,301.6820068359375,301.74468994140625,301.4649963378906,301.647705078125,434285
2026-08-12 11:20:00-04:00,301.64910888671875,301.6499938964844,301.0400085449219,301.0409851074219,469147
2026-08-12 11:25:00-04:00,301.0400085449219,301.29998779296875,301.0299987792969,301.0799865722656,368676
2026-08-12 11:30:00-04:00,301.08990478515625,301.1000061035156,300.57000732421875,300.9494934082031,590098
2026-08-12 11:35:00-04:00,300.989990234375,301.2900085449219,300.8800048828125,300.9800109863281,315405
2026-08-12 11:40:00-04:00,300.989990234375,301.02801513671875,300.7699890136719,300.8450012207031,280025
2026-08-12 11:45:00-04:00,300.8299865722656,300.989990234375,300.67999267578125,300.9649963378906,261277
2026-08-12 11:50:00-04:00,300.9800109863281,301.0899963378906,300.6199951171875,300.9100036621094,243947
2026-08-12 11:55:00-04:00,300.8999938964844,301.25,300.8900146484375,301.1700134277344,265378
2026-08-12 12:00:00-04:00,301.1899108886719,301.4457092285156,301.1300048828125,301.1549987792969,302083
2026-08-12 12:05:00-04:00,301.1549987792969,301.6499938964844,301.0,301.55999755859375,295371
2026-08-12 12:10:00-04:00,301.55999755859375,301.82000732421875,301.489990234375,301.7749938964844,353158
2026-08-12 12:15:00-04:00,301.7749938964844,301.80999755859375,301.3900146484375,301.45001220703125,211061
2026-08-12 12:20:00-04:00,301.4800109863281,301.5,301.3399963378906,301.4599914550781,241572
2026-08-12 12:25:00-04:00,301.46990966796875,301.564697265625,301.239990234375,301.510009765625,212942
2026-08-12 12:30:00-04:00,301.5150146484375,301.6099853515625,301.4100036621094,301.53009033203125,164051
2026-08-12 12:35:00-04:00,301.5299987792969,301.7200012207031,301.4599914550781,301.7200012207031,167347
2026-08-12 12:40:00-04:00,301.7099914550781,301.8999938964844,301.6400146484375,301.8999938964844,304575
2026-08-12 12:45:00-04:00,301.8999938964844,301.9100036621094,301.6300048828125,301.739013671875,204974
2026-08-12 12:50:00-04:00,301.7349853515625,302.1300048828125,301.7349853515625,302.07000732421875,313370
2026-08-12 12:55:00-04:00,302.05999755859375,302.2300109863281,301.9700012207031,302.1600036621094,213090
2026-08-12 13:00:00-04:00,302.1650085449219,302.20001220703125,302.0400085449219,302.19000244140625,137140
2026-08-12 13:05:00-04:00,302.20001220703125,302.3800048828125,302.20001220703125,302.30499267578125,211448
2026-08-12 13:10:00-04:00,302.3074951171875,302.510009765625,302.19000244140625,302.44000244140625,231130
2026-08-12 13:15:00-04:00,302.42999267578125,302.5,302.05999755859375,302.1499938964844,242777
2026-08-12 13:20:00-04:00,302.1400146484375,302.42999267578125,302.1300048828125,302.4294128417969,164503
2026-08-12 13:25:00-04:00,302.41229248046875,302.4700012207031,302.15008544921875,302.16009521484375,231187
2026-08-12 13:30:00-04:00,302.1700134277344,302.2300109863281,302.0400085449219,302.17999267578125,226283
2026-08-12 13:35:00-04:00,302.17999267578125,302.2976989746094,302.0199890136719,302.1199951171875,195195
2026-08-12 13:40:00-04:00,302.1300048828125,302.1300048828125,301.739990234375,301.7900085449219,290041
2026-08-12 13:45:00-04:00,301.7900085449219,301.79998779296875,301.54998779296875,301.5799865722656,231514
2026-08-12 13:50:00-04:00,301.5700988769531,301.6199951171875,301.2699890136719,301.4570007324219,358964
2026-08-12 13:55:00-04:00,301.4549865722656,301.57000732421875,301.4200134277344,301.5050048828125,297566
2026-08-12 14:00:00-04:00,301.510009765625,301.6600036621094,301.5050048828125,301.58990478515625,204161
2026-08-12 14:05:00-04:00,301.57000732421875,301.7900085449219,301.5199890136719,301.5799865722656,291688
2026-08-12 14:10:00-04:00,301.5799865722656,301.6600036621094,301.5299987792969,301.57000732421875,223587
2026-08-12 14:15:00-04:00,301.55499267578125,301.5799865722656,301.2723083496094,301.3900146484375,277543
2026-08-12 14:20:00-04:00,301.3999938964844,301.4599914550781,301.1400146484375,301.239990234375,276710
2026-08-12 14:25:00-04:00,301.24798583984375,301.30999755859375,301.05999755859375,301.125,240646
2026-08-12 14:30:00-04:00,301.1199951171875,301.3500061035156,301.0400085449219,301.2449951171875,347514
2026-08-12 14:35:00-04:00,301.25,301.3299865722656,301.1000061035156,301.1199951171875,276754
2026-08-12 14:40:00-04:00,301.1199951171875,301.5400085449219,301.0799865722656,301.42498779296875,735491
2026-08-12 14:45:00-04:00,301.42498779296875,302.0398864746094,301.34100341796875,301.69000244140625,760715
2026-08-12 14:50:00-04:00,301.69000244140625,302.0,301.5,301.57501220703125,270820
2026-08-12 14:55:00-04:00,301.57000732421875,301.8299865722656,301.3399963378906,301.4100036621094,336215
2026-08-12 15:00:00-04:00,301.419189453125,301.58770751953125,301.375,301.4100036621094,246063
2026-08-12 15:05:00-04:00,301.3999938964844,301.45001220703125,301.25,301.2799987792969,397278
2026-08-12 15:10:00-04:00,301.2900085449219,301.42999267578125,301.19000244140625,301.2699890136719,294935
2026-08-12 15:15:00-04:00,301.2749938964844,301.29998779296875,301.1700134277344,301.2799987792969,279821
2026-08-12 15:20:00-04:00,301.2699890136719,301.44000244140625,301.2300109863281,301.3699951171875,294359
2026-08-12 15:25:00-04:00,301.3699951171875,301.7099914550781,301.3500061035156,301.67999267578125,414621
2026-08-12 15:30:00-04:00,301.6700134277344,302.039794921875,301.6099853515625,301.8949890136719,524761
2026-08-12 15:35:00-04:00,301.8949890136719,301.9599914550781,301.5400085449219,301.6000061035156,517948
2026-08-12 15:40:00-04:00,301.59991455078125,301.59991455078125,301.0,301.5950012207031,774315
2026-08-12 15:45:00-04:00,301.6000061035156,301.6700134277344,301.260009765625,301.55999755859375,741002
2026-08-12 15:50:00-04:00,301.57000732421875,301.8500061035156,301.1499938964844,301.3699951171875,804715
2026-08-12 15:55:00-04:00,301.3599853515625,302.25,301.32000732421875,302.2250061035156,2121688
2026-08-13 09:30:00-04:00,304.25799560546875,304.260009765625,302.04998779296875,303.8900146484375,5014753
2026-08-13 09:35:00-04:00,303.8900146484375,304.75,303.6499938964844,304.5050048828125,757200
2026-08-13 09:40:00-04:00,304.4700012207031,304.7099914550781,303.18011474609375,303.4314880371094,524796
2026-08-13 09:45:00-04:00,303.4599914550781,303.92950439453125,302.9100036621094,303.7300109863281,596151
2026-08-13 09:50:00-04:00,303.7401123046875,304.5,303.635009765625,304.29998779296875,527102
2026-08-13 09:55:00-04:00,304.3299865722656,304.6400146484375,304.2699890136719,304.5801086425781,449531
2026-08-13 10:00:00-04:00,304.5799865722656,304.6400146484375,304.1499938964844,304.42498779296875,492569
2026-08-13 10:05:00-04:00,304.42498779296875,304.9700012207031,304.4104919433594,304.8399963378906,626219
2026-08-13 10:10:00-04:00,304.8299865722656,305.489990234375,304.7699890136719,305.4801025390625,716036
2026-08-13 10:15:00-04:00,305.489990234375,305.9599914550781,304.3500061035156,304.5299987792969,762338
2026-08-13 10:20:00-04:00,304.5199890136719,304.625,304.1600036621094,304.625,305287
2026-08-13 10:25:00-04:00,304.6332092285156,305.7200012207031,304.5909118652344,305.6449890136719,448870
2026-08-13 10:30:00-04:00,305.6600036621094,306.0,304.92999267578125,305.1199951171875,610150
2026-08-13 10:35:00-04:00,305.114990234375,305.43951416015625,304.8500061035156,305.20001220703125,373382
2026-08-13 10:40:00-04:00,305.17999267578125,305.3299865722656,304.9200134277344,304.9800109863281,310983
2026-08-13 10:45:00-04:00,304.9800109863281,305.04998779296875,304.5559997558594,304.5799865722656,308155
2026-08-13 10:50:00-04:00,304.5799865722656,305.1700134277344,304.5397033691406,304.885009765625,311482
2026-08-13 10:55:00-04:00,304.885009765625,305.1499938964844,304.7699890136719,305.1050109863281,309838
2026-08-13 11:00:00-04:00,305.1300048828125,305.19000244140625,304.7099914550781,304.9100036621094,398596
2026-08-13 11:05:00-04:00,304.9200134277344,304.9501037597656,304.0799865722656,304.20001220703125,354222
2026-08-13 11:10:00-04:00,304.2196960449219,304.34991455078125,304.0799865722656,304.239990234375,224842
2026-08-13 11:15:00-04:00,304.239990234375,304.2449951171875,303.7799987792969,304.18011474609375,353163
2026-08-13 11:20:00-04:00,304.17999267578125,304.3699035644531,303.9800109863281,304.1499938964844,299470
2026-08-13 11:25:00-04:00,304.1600036621094,304.2398986816406,303.54998779296875,303.7200012207031,440437
2026-08-13 11:30:00-04:00,303.7300109863281,303.9849853515625,303.510009765625,303.7699890136719,288171
2026-08-13 11:35:00-04:00,303.7900085449219,303.80999755859375,302.95001220703125,303.4949951171875,456805
2026-08-13 11:40:00-04:00,303.4800109863281,303.5899963378906,303.260009765625,303.44500732421875,217092
2026-08-13 11:45:00-04:00,303.44000244140625,303.5299987792969,303.2799987792969,303.3689880371094,175215
2026-08-13 11:50:00-04:00,303.3699035644531,303.5150146484375,303.2799987792969,303.31500244140625,183539
2026-08-13 11:55:00-04:00,303.3299865722656,303.3846130371094,302.7699890136719,302.7879943847656,330480
2026-08-13 12:00:00-04:00,302.7900085449219,302.8450012207031,302.6300048828125,302.68499755859375,230421
2026-08-13 12:05:00-04:00,302.67999267578125,303.239990234375,302.57000732421875,303.2149963378906,318268
2026-08-13 12:10:00-04:00,303.2250061035156,303.4150085449219,303.1099853515625,303.4150085449219,233059
2026-08-13 12:15:00-04:00,303.4150085449219,303.6099853515625,303.25,303.6099853515625,194867
2026-08-13 12:20:00-04:00,303.6099853515625,303.8699951171875,303.2799987792969,303.5199890136719,254078
2026-08-13 12:25:00-04:00,303.5249938964844,303.7499084472656,303.3900146484375,303.42999267578125,158936
2026-08-13 12:30:00-04:00,303.43499755859375,303.44989013671875,303.0799865722656,303.2049865722656,236253
2026-08-13 12:35:00-04:00,303.19000244140625,303.3500061035156,303.04998779296875,303.2099914550781,144340
2026-08-13 12:40:00-04:00,303.2300109863281,303.2699890136719,303.0801086425781,303.2349853515625,164777
2026-08-13 12:45:00-04:00,303.2349853515625,303.75,303.1600036621094,303.7300109863281,216565
2026-08-13 12:50:00-04:00,303.7200012207031,303.760009765625,303.3999938964844,303.5249938964844,185183
2026-08-13 12:55:00-04:00,303.54998779296875,303.6000061035156,303.010009765625,303.0299987792969,235014
2026-08-13 13:00:00-04:00,303.0400085449219,303.1899108886719,302.8500061035156,303.0,245567
2026-08-13 13:05:00-04:00,303.00201416015625,303.1199951171875,302.8599853515625,303.05999755859375,187156
2026-08-13 13:10:00-04:00,303.05999755859375,303.1000061035156,302.9100036621094,303.0899963378906,164237
2026-08-13 13:15:00-04:00,303.0799865722656,303.1099853515625,302.96099853515625,303.0350036621094,155418
2026-08-13 13:20:00-04:00,303.031005859375,303.1600036621094,302.9700012207031,303.1600036621094,127659
2026-08-13 13:25:00-04:00,303.1700134277344,303.385009765625,303.06500244140625,303.3399963378906,214436
2026-08-13 13:30:00-04:00,303.3301086425781,303.3900146484375,303.0799865722656,303.2349853515625,164558
2026-08-13 13:35:00-04:00,303.2300109863281,303.69000244140625,303.17999267578125,303.67999267578125,185021
2026-08-13 13:40:00-04:00,303.67999267578125,303.82000732421875,303.2900085449219,303.5400085449219,267862
2026-08-13 13:45:00-04:00,303.55999755859375,303.8999938964844,303.5299987792969,303.68499755859375,140621
2026-08-13 13:50:00-04:00,303.7099914550781,303.79998779296875,303.3800048828125,303.42498779296875,150522
2026-08-13 13:55:00-04:00,303.4267883300781,303.489990234375,303.3900146484375,303.43499755859375,87488
2026-08-13 14:00:00-04:00,303.43499755859375,303.5,302.92999267578125,303.0,265066
2026-08-13 14:05:00-04:00,302.989990234375,303.17498779296875,302.9599914550781,303.04998779296875,168222
2026-08-13 14:10:00-04:00,303.06500244140625,303.4700012207031,303.05999755859375,303.4200134277344,155302
2026-08-13 14:15:00-04:00,303.42498779296875,303.5,303.2200012207031,303.45001220703125,162068
2026-08-13 14:20:00-04:00,303.45001220703125,303.489990234375,303.3399963378906,303.43011474609375,98572
2026-08-13 14:25:00-04:00,303.43499755859375,303.5199890136719,303.281005859375,303.30999755859375,211617
2026-08-13 14:30:00-04:00,303.30999755859375,303.5199890136719,303.1300048828125,303.4399108886719,362827
2026-08-13 14:35:00-04:00,303.42498779296875,303.54998779296875,303.2099914550781,303.2300109863281,293771
2026-08-13 14:40:00-04:00,303.2200012207031,303.94000244140625,303.2200012207031,303.80499267578125,206977
2026-08-13 14:45:00-04:00,303.80499267578125,303.8500061035156,303.4700012207031,303.6400146484375,215011
2026-08-13 14:50:00-04:00,303.6400146484375,303.6600036621094,303.25,303.375,242441
2026-08-13 14:55:00-04:00,303.3800048828125,303.5408935546875,303.1499938964844,303.17999267578125,279299
2026-08-13 15:00:00-04:00,303.19500732421875,303.3299865722656,303.0299987792969,303.3299865722656,234726
2026-08-13 15:05:00-04:00,303.31500244140625,303.6400146484375,303.20001220703125,303.2149963378906,280170
2026-08-13 15:10:00-04:00,303.2149963378906,303.5199890136719,303.1973876953125,303.5,337949
2026-08-13 15:15:00-04:00,303.5,303.9800109863281,303.45001220703125,303.8699951171875,307333
2026-08-13 15:20:00-04:00,303.8599853515625,304.5799865722656,303.8059997558594,304.0899963378906,527594
2026-08-13 15:25:00-04:00,304.0950012207031,304.6099853515625,304.090087890625,304.3999938964844,412842
2026-08-13 15:30:00-04:00,304.3800048828125,304.6499938964844,304.1600036621094,304.5849914550781,349212
2026-08-13 15:35:00-04:00,304.5849914550781,304.6098937988281,303.9700012207031,304.2200012207031,368158
2026-08-13 15:40:00-04:00,304.2300109863281,304.2799987792969,303.9800109863281,304.1000061035156,420773
2026-08-13 15:45:00-04:00,304.0799865722656,304.8450012207031,304.0299987792969,304.7900085449219,416650
2026-08-13 15:50:00-04:00,304.75,305.239990234375,304.53009033203125,305.2099914550781,673876
2026-08-13 15:55:00-04:00,305.239990234375,305.32000732421875,304.8599853515625,305.32000732421875,1526752
